Source Subreddit,Post URL,Post Title,Post or Comment,Content (Full Text),Date Posted,Upvotes / Score,Theme Tag,Platform Mentioned,Philippine Context?,Notable Quote,Intern Notes
phcareers,https://www.reddit.com/r/phcareers/comments/17r76bz/ive_been_job_searching_for_more_than_a_month_now/,"I've been job searching for more than a month now, but I still haven't been offered a job.",post,"I'm a fresh grad with latin honors, a license, and a certification.

I've applied to 50+ jobs on Indeed and messaged the companies that I could message. Eight employers did not select me, and 3 viewed my application although it's been days and I have not heard from them yet. I've had a phone interview once but it was to inform me that they needed someone with experience and they would recommend me to a position similar to my internship experience. Another company emailed me about whether I had previous projects or contracts but they haven't replied to me, too. It's frustrating because since I've been busy studying for my license and certification, most of my blockmates have found jobs with 20k+ salaries even before having the license and certification that I have. I thought it would make me stand out to employers but I guess not, I'm not sure how I will be hired as a fresh grad if they always want someone with experience.

I'm from North Luzon and soon it will be a month since I moved to Manila cause I also thought I'll also stand out to employers if they see me living near their company locations. Soon my OFW mom will come home and I don't want to disappoint her for being unemployed because my parents and I long debated on whether I move out already to find a job or not. I have no choice but to find a job in Manila because there is only 1 job opening in my province that's connected to my course and also it makes me go crazy staying there. While waiting for responses, I've been trying to adapt to my surroundings like learning how to commute to different places such as where the companies I've applied to are located. But in the end, I just spend unnecessary amount of money. I also learned about Excel functions that I see some employers look for in an applicant. But since I've been waiting for so long, all the excitement and motivation I have in finding my first job have been washed out.

Is there anything I could do other than applying to more jobs and waiting for their responses? Am I really lacking on something other than experience?",23-Nov,30,EMOTIONAL,Indeed,Yes,"""I've applied to 50+ jobs on Indeed and messaged the companies that I could message. Eight employers did not select me, and 3 viewed my application although it's been days and I have not heard from them yet.""",Emotional frustration and discouragement from repeated rejections and lack of responses.
phcareers,https://www.reddit.com/r/phcareers/comments/17r76bz/ive_been_job_searching_for_more_than_a_month_now/,"I've been job searching for more than a month now, but I still haven't been offered a job.",comment,"it could really take a long time, i know. it is very demoralizing being a fresh grad having high expectations that you'll land the job you want given you have honors and credentials that backed your character.

take a step back, catch that little  break you need from peer pressure.

try to apply in an entry level or middle level jobs and build experience there.

tailor your resume or CV professionally, stay away from the templates that you'll find in the internet. first few paragraphs matter a lot specially when introducing yourself.

highlight your achievements , your best weapon as a fresh grad is your honors. it is a plus if you did extra curricular activities or participated in some events.

while waiting, sharpen your knowledge and skills on the niche that you're trying to enter.

freelancing, showcase yourself out there. it gives exposure and preparing you for work.

build your character, stay positive and always be a better version of yourself.


i remember my fresh grad days, I didn't use online job platforms and i did the grind of going from one company to another by foot. days , weeks and months pass by.. everything feels hopeless but i did what i said above and somehow got my first job offer as an intern ( paid ) at SSS as encoder. 

goodluck ! i wish everything goes well for you ☺️",23-Nov,7,EMOTIONAL,None,Yes,"""it is very demoralizing being a fresh grad having high expectations that you'll land the job you want given you have honors and credentials that backed your character.""",Contains emotional pain point despite being mostly advice.
phcareers,https://www.reddit.com/r/phcareers/comments/17r76bz/ive_been_job_searching_for_more_than_a_month_now/,"I've been job searching for more than a month now, but I still haven't been offered a job.",comment,"Unang una, ber months kasi, talagang mahirap humanap ng trabaho ng ganitong panahon. Then try to tailor-fit your resume to the position you are applying, kung kaya (flex the things you can do in regards to the position you are applying).   


Another thing, lessen your expectation, try to land a job first. Wag mo muna pakaisipin yung future mo sa company na papasukan mo. Put ""gathering experience"" your SOLE goal. Sakripisyo talaga ang pagiging fresh grad dito sa bansa natin. Sad to say pero as long as di ka graduate sa Big 4, kahit anong latin honors pa ang meron ka walang pakielam mga companies.",23-Nov,10,RELEVANCE,None,Yes,"""talagang mahirap humanap ng trabaho ng ganitong panahon... as long as di ka graduate sa Big 4, kahit anong latin honors pa ang meron ka walang pakielam mga companies.""","Highlights mismatch between qualifications and hiring preferences (school bias, timing)."
phcareers,https://www.reddit.com/r/phcareers/comments/17r76bz/ive_been_job_searching_for_more_than_a_month_now/,"I've been job searching for more than a month now, but I still haven't been offered a job.",comment,Maybe youre applying for high level positions akready you need the entry level first or its simply theres no available vacant positions as of now,23-Nov,3,RELEVANCE,None,Yes,"""or its simply theres no available vacant positions as of now""","Mentions lack of available jobs, indicating difficulty finding relevant opportunities."
phcareers,https://www.reddit.com/r/phcareers/comments/17r76bz/ive_been_job_searching_for_more_than_a_month_now/,"I've been job searching for more than a month now, but I still haven't been offered a job.",comment,"If hindi ka man lang umaabot sa hr interviews, its your resume. Try adding soft skills kung fresh grad ka if wala talagang experience, tas provide examples, like kunwari projects na you took leadership on or organizational events. 

Pag hindi nagrespond after a week, expect mo na na wala na yan to save time.",23-Nov,1,GHOSTING,None,Yes,"""Pag hindi nagrespond after a week, expect mo na na wala na yan to save time.""",Highlights lack of employer response as a common expectation.
phcareers,https://www.reddit.com/r/phcareers/comments/17r76bz/ive_been_job_searching_for_more_than_a_month_now/,"I've been job searching for more than a month now, but I still haven't been offered a job.",comment,"Companies rarely hire during the ber months unless they really need it or you know someone high up inside.

Next mass interview date is feb based on a friends job search journey",23-Nov,1,RELEVANCE,None,Yes,"""Companies rarely hire during the ber months unless they really need it or you know someone high up inside.""",Points to limited job availability affecting search success.
phcareers,https://www.reddit.com/r/phcareers/comments/1b7a0m2/i_never_knew_looking_for_work_would_be_this_hard/,I never knew looking for work would be this hard,post,"I have been actively looking for work for the past 3 months and I never knew how difficult it would be. I graduated with a bachelors degree in business administration majoring in HRM last year at a local college. I took a break after graduation pero napasobra ata. 

While on break, I attended yung mga free webinars conducted by government agencies and universities. I took a certification for HR associate. I built my resume little by little pero I think napagiwanan na ako ng mga blockmates ko. Most of them are starting to work na kasi and I felt envious. 

Nagpunta na ako kung saan ako nag ojt hoping na hiring sila. They did let me take the pre-employment exam pero I never heard from them hanggang ngayon ,I'll just assume that I failed. I wrote to some agencies hoping to hear from them but nothing. I attended my first job fair, the first company na nilapitan ko they sound very impressed sa application ko. I was really hopeful at that time. But months have passed never heard from them. I tried to look up sa mga websites like jobstreet and indeed pero mostly ang location ay sa manila o cebu madalang lang dito sa province namin.  

I got a call from a friend saying that they are looking for an office staff, I was excited and rushed to get my application ready only to find out kinabukasan na may kinontact ang boss nila for the position. They did said that I can still drop off my application sa office nila. But I withdrew. 

I started to think na baka I'm too undesirable and I overestimated my own skills and abilities o baka naturn-off sila during sa interview because I might have said something that offended the employers. O baka kulang lang ako sa ambisyon for a career. I don't know. 

I already feel bad asking for money sa parents ko for printing applications, pamasahe, at sa mga requirements.

I feel useless, worthless and palamunin. I never imagine looking for work would be this hard. I thought once I got my diploma everything will turn out okay. But no. 

You know what? I'll manage. I'll manage like I always did. All I did these past few months was peeking at the battle field. Testing the waters. It's time to mature up and say ""It's okay, I'll try again tomorrow"".

(Pasensya na sa mga grammatical errors. Salamat.＼⁠(⁠^⁠o⁠^⁠)⁠／)",24-Mar,71,EMOTIONAL,"Jobstreet, Indeed",Yes,"""But months have passed never heard from them. I wrote to some agencies hoping to hear from them but nothing.""",Strong mix of emotional distress and repeated lack of responses during job search.
phcareers,https://www.reddit.com/r/phcareers/comments/1b7a0m2/i_never_knew_looking_for_work_would_be_this_hard/,I never knew looking for work would be this hard,comment,"Not everyone gets lucky the first time around. The market sucks, one job post gets 50-150+ applications and you need to standout to get your foot in the door.

I recommend you exhaust all means in looking for jobs and gaining experience by tailorfitting your resume and make your storytelling compelling by aligning it with your ambition and what you can do for them.

Good luck in the search. One problem at a time, hanap muna opportunity for interview.",24-Mar,14,RELEVANCE,None,Yes,"""The market sucks, one job post gets 50-150+ applications and you need to standout to get your foot in the door.""",Highlights high competition and difficulty standing out in job listings.
phcareers,https://www.reddit.com/r/phcareers/comments/1b7a0m2/i_never_knew_looking_for_work_would_be_this_hard/,I never knew looking for work would be this hard,comment,"I've been looking for a job almost 2 weeks na since I failed my licensure exam, knowing kung gaano ka katagal nag hanap, mas naging anxious ako. Hoping maka hanap ka na ng work OP. Hugs with consent.",24-Mar,7,EMOTIONAL,None,Yes,"""I've been looking for a job almost 2 weeks na since I failed my licensure exam... mas naging anxious ako.""",Expresses anxiety and stress related to job search difficulty.
phcareers,https://www.reddit.com/r/phcareers/comments/1b7a0m2/i_never_knew_looking_for_work_would_be_this_hard/,I never knew looking for work would be this hard,comment,"What I noticed with companies, they look more on your skills and experiences. Lately, it doesn't matter if honor student ka, what matters is what you can do. Akala ng mga parents na enough na may awards ka and honor. Important talaga yung KSA (knowledge, skills, and attitudes),",24-Mar,5,RELEVANCE,None,Yes,"""Lately, it doesn't matter if honor student ka, what matters is what you can do.""",Highlights mismatch between academic credentials and employer expectations.
phcareers,https://www.reddit.com/r/phcareers/comments/1b7a0m2/i_never_knew_looking_for_work_would_be_this_hard/,I never knew looking for work would be this hard,comment,"I spent 6 months actively looking for my first job when I was still a fresh grad. Grabe talaga ang pressure especially from my peers who kept asking me why I wasn’t working yet. 

Landing my very first job was one of my hardest struggles career-wise and I was also worried because I also thought I was undesirable and started losing my confidence. 

But I kept reaching out to my contacts and finally, a friend who I haven’t spoken to in months replied to my message and told me they were hiring and I got an interview after 3 days of submitting my resume and a call from HR 2 days later with a job offer. 2 weeks later and I was finally in office training. 

My 1st job had it’s own challenges but the environment was great and I stayed there for almost 6 years. My ex-bosses have also become my greatest alias when I apply to new jobs because they always recommend me when the hiring manager calls them to ask about me.

Have faith OP, when the time is right, everything will fall into place. Keep working on yourself and keep reaching out to your contacts. Bahala na if they leave you on read. Keep reaching out. Analyze your answers after every interview. I still Google answers to interview questions then change them to make it more personalized. 

I hope you find the job that’s right for you with a great working environment and kind bosses who will continue to vouch for your character even when you’ve left the company. You can do it! Fighting!",24-Mar,3,EMOTIONAL,None,Yes,"""Grabe talaga ang pressure especially from my peers who kept asking me why I wasn’t working yet.""",Describes emotional pressure and loss of confidence during prolonged job search.
phcareers,https://www.reddit.com/r/phcareers/comments/1b7a0m2/i_never_knew_looking_for_work_would_be_this_hard/,I never knew looking for work would be this hard,comment,I feel you. graduated from a known university with latin honors pa and i thought na companies would be the one to come for me LOL fake news,24-Mar,4,RELEVANCE,None,Yes,"""i thought na companies would be the one to come for me LOL fake news""",Shows mismatch between expectations (credentials) and actual job market response.
phcareers,https://www.reddit.com/r/phcareers/comments/1b7a0m2/i_never_knew_looking_for_work_would_be_this_hard/,I never knew looking for work would be this hard,comment,apply lang ng apply . ako nga 1 year na stop during pandemic ang hirap makahanap. but now working in finance mag 3 years na. makakahanap ka din.,24-Mar,3,EMOTIONAL,None,Yes,"""1 year na stop during pandemic ang hirap makahanap.""",Mentions difficulty finding a job despite being framed as encouragement.
phcareers,https://www.reddit.com/r/phcareers/comments/1b7a0m2/i_never_knew_looking_for_work_would_be_this_hard/,I never knew looking for work would be this hard,comment,"Like everyone seems to be saying, the market sucks right now, one government entry level position I had had 500 applicants that were fighting for 1 position.

I managed to get a job recently, but it's far from ideal and I feel I'm selling a piece of my soul and my integrity as a creative spirit doing it. But work is work, and if it makes you feel better, I'm in a significantly worse position than you, being 30 years old, just with a bachelor's degree, no seminars, no references (due to losing them over the pandemic), and being 3 years away from a ""fresh"" graduate.

You can do this. And I pray you find gainful, meaningful employment rather than a job you have to take because you have to eat and there's only so much time you can use to build experience.",24-Mar,3,RELEVANCE,None,Yes,"""one government entry level position I had had 500 applicants that were fighting for 1 position.""",Highlights extreme competition making it hard to secure jobs.
phcareers,https://www.reddit.com/r/phcareers/comments/1b7a0m2/i_never_knew_looking_for_work_would_be_this_hard/,I never knew looking for work would be this hard,comment,"Man, I’m so nervous kasi I feel the same and to think na internship pa lang ang hanap ko kasi kailangan sa school… is the job market really this hard? 😭",24-Mar,2,EMOTIONAL,None,Yes,"""Man, I’m so nervous kasi I feel the same... is the job market really this hard?""",Expresses anxiety and uncertainty about difficulty of job search.
phcareers,https://www.reddit.com/r/phcareers/comments/1b7a0m2/i_never_knew_looking_for_work_would_be_this_hard/,I never knew looking for work would be this hard,comment,Ako nga approved na application ko pinadalhan na ng requirements at deadline tapos nung malapit na ung deadline ko and im about to send the scanned copies nag email pa sila na canceled application ko. 3 months pinahintay nila skin tapos ganun2 lng,24-Mar,1,PROCESS,None,Yes,"""3 months pinahintay nila skin tapos ganun2 lng""",Describes poor hiring process and sudden cancellation after long wait.
phcareers,https://www.reddit.com/r/phcareers/comments/1b7a0m2/i_never_knew_looking_for_work_would_be_this_hard/,I never knew looking for work would be this hard,comment,"I also took a break after my graduation (on paper I graduated July, but the ceremony didn't happen until September). I went abroad for holidays (Christmas and new year) and after coming back I desperately looked for jobs.

Not gonna lie, it was frustrating and kinda heart breaking to see so many applications but zero interview opportunity.",25-Feb,1,VISIBILITY,None,Yes,"""it was frustrating and kinda heart breaking to see so many applications but zero interview opportunity.""",Highlights lack of interview callbacks despite many applications.
phcareers,https://www.reddit.com/r/phcareers/comments/1iy2bg1/mahirap_pala_ang_job_hunting_especially_if_from/,"Mahirap pala ang job hunting, especially if from not so prestigious schools",post,"Currently 3rd yr Mech Eng ako from not so prestigious university sa province, and required OJT namin is june-july.

Simula pa lang january pagka start ng 2nd sem, nag-advice na sakin mga 4th yrs na kapwa officers ko sa org na humanap na raw ng possible companies for OJT namin, since mahirap raw makahanap, kasi we are just from a not so prestigious institution, although still one of the top performing school in terms of board exam performance in engineering, but still compared to the universities sa NCR na mas kilala, syempre mas pipiliin ng mga companies, like mga from big 4 unis. 

I just started my internship job hunting, since yung partner companies ng inatitution is puno na ang slot (may mga nauna na), and yung ibang companies na bet ko yung field (manufacturing/ powerplant/petroleum/aerospace) is still not responding sabi ng dept head. So kinakabahan ako, kaya puro ako hanap sa linkedin, indeed, jobstreet. Andaming emails na nagawa ko and naisend, and wala pa nag rereply (kapit lang wala pang 1 week).

Ngayon ko narealize yung weight ng advice ng 4th yrs, mahirap pala talaga... and dahil na rin siguro sa choosy ako sa type of industry, since I plan on choosing that as a career for my whole life, kaya want ko sana dirediretso na yung career path ko, same industry/field and continuously ko nalang iimprove yung related skills...

Nawa'y may mag respond sa emails ko 🤞

EDIT: nahihirapan me mag hanap ng company na inclined sa dream field/industry ko, tho may last resort ako which is DOST offices, since DOST scholar naman ako and nakapag contact na ko, but I'm still trying to explore other options, but if mag respond na sila sa last question ko about sa possible position, and I will be granted the opportunity mag OJT sa planta nila, edi grab ko na, baka rin kunin nila ako after boards hehez",25-Feb,98,RELEVANCE,"LinkedIn, Indeed, Jobstreet",Yes,"""kasi we are just from a not so prestigious institution... syempre mas pipiliin ng mga companies, like mga from big 4 unis.""",Highlights school prestige bias affecting chances in job/internship search.
phcareers,https://www.reddit.com/r/phcareers/comments/1iy2bg1/mahirap_pala_ang_job_hunting_especially_if_from/,"Mahirap pala ang job hunting, especially if from not so prestigious schools",comment,Hate to break it to you pero maski galing ng big 4 hirap makahanap ng internship/trabaho.  Sobrang lala ng job market ngayon.,25-Feb,164,RELEVANCE,None,Yes,"""maski galing ng big 4 hirap makahanap ng internship/trabaho. Sobrang lala ng job market ngayon.""",Emphasizes overall difficulty of job market regardless of school background.
phcareers,https://www.reddit.com/r/phcareers/comments/1iy2bg1/mahirap_pala_ang_job_hunting_especially_if_from/,"Mahirap pala ang job hunting, especially if from not so prestigious schools",comment,"Me, di rin ako makalipat lipat. I always wonder how people on Reddit seem to have no problem Job hopping.",25-Feb,13,RELEVANCE,None,Yes,"""di rin ako makalipat lipat.""",Indicates difficulty moving between jobs due to limited opportunities.
phcareers,https://www.reddit.com/r/phcareers/comments/1iy2bg1/mahirap_pala_ang_job_hunting_especially_if_from/,"Mahirap pala ang job hunting, especially if from not so prestigious schools",comment,"sobrang dami na ding engineers, tingnan mo number of engineers compared sa ibang profession",25-Feb,25,RELEVANCE,None,Yes,"""sobrang dami na ding engineers""",Points to oversupply of candidates making job search harder.
phcareers,https://www.reddit.com/r/phcareers/comments/1iy2bg1/mahirap_pala_ang_job_hunting_especially_if_from/,"Mahirap pala ang job hunting, especially if from not so prestigious schools",comment,"Ang labanan ngaun, sino kakilala mo. I really recommend expanding your socials, kahit introvert ka. Malaking tulong ung may kaibigan sa industry.",25-Feb,20,PROCESS,None,Yes,"""Ang labanan ngaun, sino kakilala mo.""",Highlights reliance on connections in hiring process.
phcareers,https://www.reddit.com/r/phcareers/comments/1iy2bg1/mahirap_pala_ang_job_hunting_especially_if_from/,"Mahirap pala ang job hunting, especially if from not so prestigious schools",comment,You'll eventually realize that who you know matters more. It's the network.,25-Feb,5,PROCESS,None,Yes,"""who you know matters more. It's the network.""",Indicates hiring depends on connections rather than merit.
phcareers,https://www.reddit.com/r/phcareers/comments/1iy2bg1/mahirap_pala_ang_job_hunting_especially_if_from/,"Mahirap pala ang job hunting, especially if from not so prestigious schools",comment,"Galing ako UST. CE

Masasabi ko na hindi rin basehan yung school sa pag-aaply. Merong konti siguro, pero konting konti lang.  
Eto e dun sa big companies na kilala na talaga. Nagtangka ako nun sa mga big companies at known construction companies. Ok naman yung exam results ko at yung interview (siguro). Pero madalas di pa rin ako pinapalad. Kung kukunin man ako eh ilalagay ako sa ibang position / location na hindi ko inapplyan.

Kaya ginawa ko eh sa iba na lang ako nag-apply. Ang hinabol ko na lang eh experience. Di ganun kalaki ang sweldo, pero di rin ganun kalaki ang expectation sayo. Parang double edged sword din kasi ang galing sa known universities/colleges. Dahil galing ka dun, dapat magaling ka. Bawal ka magkamali. Kais boljak aabutin mo. 

So I made my own pace. siguro pinakamalaking company ko na napasukan eh Robinsons Land, after nun aboard, sa malapit na lang (ayaw ko na ng traffic), tapos ngayon eh freelancer.

Trust me, wala sa malalaking company yan. Just keep on learning new things, and weigh things around. Wag mo muna itarget yung malaking sweldo. Sabi nga nung prof ko nung college, ""wag mo targetin na maging mayaman, ang gawin mo ay maging magaling sa isang bagay (skill). Dahil kapag magaling at expert ka na dun, di mo mamamalayan mayaman ka na din.",25-Feb,7,PROCESS,None,Yes,"""Pero madalas di pa rin ako pinapalad. Kung kukunin man ako eh ilalagay ako sa ibang position / location na hindi ko inapplyan.""",Describes mismatch and unpredictability in hiring outcomes.
phcareers,https://www.reddit.com/r/phcareers/comments/1iy2bg1/mahirap_pala_ang_job_hunting_especially_if_from/,"Mahirap pala ang job hunting, especially if from not so prestigious schools",comment,"I agree with other redditors na sa panahon ngayon, it's all about your network. I've known someone na ME grad and board passer din from a known school sa Mandaluyong, pero took him almost a year to land on a job.

For now, sipagan mo lang muna maghanap, OP! And if may mga ka-close kang seniors mo, try to ask them for help. Good luck!!!",25-Feb,5,PROCESS,None,Yes,"""took him almost a year to land on a job.""",Highlights long job search duration and reliance on network.
phcareers,https://www.reddit.com/r/phcareers/comments/1iy2bg1/mahirap_pala_ang_job_hunting_especially_if_from/,"Mahirap pala ang job hunting, especially if from not so prestigious schools",comment,"Galing ako sa Big 4, number one school pa raw matawag pero tanginaaa ang hirap maghanap ng trabaho HAHAHAHA",25-Feb,4,RELEVANCE,None,Yes,"""Galing ako sa Big 4, number one school pa raw matawag pero tanginaaa ang hirap maghanap ng trabaho""",Shows difficulty finding jobs despite prestigious school background.
phcareers,https://www.reddit.com/r/phcareers/comments/1iy2bg1/mahirap_pala_ang_job_hunting_especially_if_from/,"Mahirap pala ang job hunting, especially if from not so prestigious schools",comment,"I came from a top school (but not from the big 4) with student-org expriences.It's the same thing naman, ang hirap. I applied for 11 companies and they all ghosted me. It took me 3 weeks to officially started my OJT.",25-Feb,3,GHOSTING,None,Yes,"""I applied for 11 companies and they all ghosted me.""",Clear example of no responses from employers after applying.
phcareers,https://www.reddit.com/r/phcareers/comments/1iy2bg1/mahirap_pala_ang_job_hunting_especially_if_from/,"Mahirap pala ang job hunting, especially if from not so prestigious schools",comment,"I am also a mech eng from the big 4. It’s not just you bro. Madami din saamin ang na delay dahil hindi makahanap ng internship. Ako din muntik na, kung hindi dahil sa referral. My advice is to list any internship and apply to all of them. It doesn’t need to be related to the industry that you want to pursue in the future.

Ang gusto lang naman ng employer sa fresh grad is willing to learn and passionate. Just tell them what you learned during your internship. For now, wag muna choosy.",25-Feb,3,RELEVANCE,None,Yes,"""Madami din saamin ang na delay dahil hindi makahanap ng internship.""",Highlights difficulty finding internships even among top school graduates.
phcareers,https://www.reddit.com/r/phcareers/comments/1iy2bg1/mahirap_pala_ang_job_hunting_especially_if_from/,"Mahirap pala ang job hunting, especially if from not so prestigious schools",comment,Wala sa school yan. Nasa connections mo.,25-Feb,2,PROCESS,None,Yes,"""Nasa connections mo.""",Emphasizes reliance on connections in hiring.
phcareers,https://www.reddit.com/r/phcareers/comments/1iy2bg1/mahirap_pala_ang_job_hunting_especially_if_from/,"Mahirap pala ang job hunting, especially if from not so prestigious schools",comment,"mahirap maghanap ngayon, pero kaya yan OP. good luck!",25-Feb,2,EMOTIONAL,None,Yes,"""mahirap maghanap ngayon""",Brief but clear statement of difficulty in job searching.
phcareers,https://www.reddit.com/r/phcareers/comments/1iy2bg1/mahirap_pala_ang_job_hunting_especially_if_from/,"Mahirap pala ang job hunting, especially if from not so prestigious schools",comment,"Actually kahit galing pa ng Big 4, nahihirapan pa rin. Ang kalaban ng mga taga Big 4 naman ay yung kapwa nila Big 4.",25-Feb,1,RELEVANCE,None,Yes,"""kahit galing pa ng Big 4, nahihirapan pa rin.""",Shows difficulty persists even among top-tier graduates.
phcareers,https://www.reddit.com/r/phcareers/comments/1iy2bg1/mahirap_pala_ang_job_hunting_especially_if_from/,"Mahirap pala ang job hunting, especially if from not so prestigious schools",comment,"In my experience, yung state university na napasukan ko kaka-establish lang so nung grumaduate kami mejo nagaalinlangan yun iba makahanap ng decent work,, so ako inaral ko yung aaplyan ko then practice for interview, nung nasa venue na kami halos mga kasabayan ko mga graduate ng big 3 university ng pilipinas to cut the story short i got the job, out of 16 applicants 4 lang kami natangap at puro di pa galing sa big 3 university",25-Mar,1,RELEVANCE,None,Yes,"""mejo nagaalinlangan yun iba makahanap ng decent work""",Indicates concern about difficulty finding jobs due to school reputation.
phcareers,https://www.reddit.com/r/phcareers/comments/1iy2bg1/mahirap_pala_ang_job_hunting_especially_if_from/,"Mahirap pala ang job hunting, especially if from not so prestigious schools",comment,"ME here and had my OJT just when the world was opening up from the lockdowns and pahirapan talaga maghanap ng companies. Tried to apply sa mga corporations na may internship programs pero none of them came back to me. Ang ginawa ko na lang, looked for any company na related sa Mech Eng, in your case since alam mo na industry eh mas specific na search mo, tapos email their HR/Company email and explain na youre looking for OJT opportunities tas bigyan mo details like number of hours, starting date etc. Dun ako nakaland ng interview sa isang isang Ventilation company and swerte pa kasi may allowance ako haha. Tinulungan ko na ring makapasok friends ko since struggling rin sila to find companies and ayoko ring ako lang magoojt mag-isa.",25-Mar,1,GHOSTING,None,Yes,"""Tried to apply sa mga corporations na may internship programs pero none of them came back to me.""",Clear lack of responses from companies during internship search.
phcareers,https://www.reddit.com/r/phcareers/comments/zfs15j/resigning_even_without_a_new_job/,Resigning even without a new job,post,"For employees here who have resigned even without a new job lined up, how long were you unemployed? How was your experience searching for jobs and has it ever become an issue to your potential employers if you have a gap on your cv?

I'm about to resign next week for the second time this year. Raised na my issues to my boss but he didn't seem to care so I guess wala talagang magiging improvement even if I decide to stay lels. I don't have a new offer pa from a new company since hndi rin ako completely makapagfocus on my job search because sobrang full ng sched ko everyday. 

Sometimes, naiisip ko na lang am I being irresponsible or did I really just got unlucky to be in this toxic environment :(",22-Dec,137,PROCESS,None,Yes,"""hndi rin ako completely makapagfocus on my job search because sobrang full ng sched ko everyday.""",Highlights difficulty managing job search alongside current workload.
phcareers,https://www.reddit.com/r/phcareers/comments/zfs15j/resigning_even_without_a_new_job/,Resigning even without a new job,comment,"My partner did that. It was unpleasant for all of us. The psychological toll on it on him which affected me as well.

We have money.  We have savings. If he chooses to not work for a year it would be fine but the fact remains that two months of going through interview upon interview without an offer is exhausting.",22-Dec,73,EMOTIONAL,None,Yes,"""two months of going through interview upon interview without an offer is exhausting.""",Highlights emotional toll from repeated interviews without success.
phcareers,https://www.reddit.com/r/phcareers/comments/zfs15j/resigning_even_without_a_new_job/,Resigning even without a new job,comment,"When I left my first job without having another one lined up first, it was March 2020; the lockdown started the week after. The initial plan was to rest for a month then start looking for a job right after. For some reason I was expecting to score interviews right away. Sadly, that wasn't the case; even if I kept submitting resumes to as many companies I could find, I was only able to score around 3 interviews total before applying for a job outside my field, and my initial plan of only 1 month of unemployment became 7 months.

If you're planning to resign without having a job lined up first, make sure of the following: you have an emergency fund ready (preferably 3 months worth of your prior salary) or you have family members who can help cover your expenses in the meantime, your resume is prepared for when you start job hunting again, and you try as much as possible not to set unreasonable expectations (me doing this and not hitting my expectations caused me much undue mentral stress).

Being in a bad company is stressful, but so is being unprepared for unemployment.",22-Dec,17,VISIBILITY,None,Yes,"""even if I kept submitting resumes to as many companies I could find, I was only able to score around 3 interviews total""",Highlights low interview conversion despite many applications.
phcareers,https://www.reddit.com/r/phcareers/comments/zfs15j/resigning_even_without_a_new_job/,Resigning even without a new job,comment,"Was unemployed for 4 months kasi ginhost ako ng recruiter ng company but may savings naman. Halos everyday nagaapply. Nakakareceive naman ako ng interview pero super hirap pa rin. Even when trying to sleep Im still practicing what im going to say in an interview lol. I literally could not sleep because inooverthink ko and 6 AM na ako nakakatulog tapos nagigising 2 PM. Parents naninigaw and calling me a piece of shit. Nagkaroon din ako ng parang inferiority complex dahil circle of friends ko working. Talagang tingin ko sa sarili ko ""bum"". Then I aced an interview on October then got an offer on November with good salary and VERY good benefits.

About the job gaps, I told them I bought courses on Udemy and plinan ko muna mag upskill and nagresign para todo focus and tatanong nila ""what made you come back to applying"" I told them ""I miss working, making money, meeting new coworkers, and learning tech"" pero of course yung money thing lang totoo dyan. I tried to sound like a company simp as much as possible. 

If you think you're stressed now, mas masestress ka pag unemployed. Just my opinion. I have a very high tolerance of pain and stress kasi. Pero mag reresign ka na so apply ka na ng marami. Dont get me wrong, I value health din but as patagal ng patagal yung pagooverthink mas madedeppress ka and madidiscourage gumalaw. Just dont give up, nothing good is gonna happen if mafall ka to depression. Yun lang.",22-Dec,21,GHOSTING,None,Yes,"""ginhost ako ng recruiter ng company""","Clear example of recruiter ghosting during job search, with added emotional stress."
phcareers,https://www.reddit.com/r/phcareers/comments/zfs15j/resigning_even_without_a_new_job/,Resigning even without a new job,comment,"passed my resig last august without a job offer. luckily, i had an offer before ako mag last day. nagstart ako sa new job ko a week after. kaso dun sa new job ko, for some reason wala ako gana magwork, as in unmotivated  talaga ako. di ko rin feel yung new teammates ko and yung supervisor ko. Feel ko rin kasi sobrang na-burnout talaga ako dun sa 1st job ko kaya nung lumipat ako agad sa next company, wala ako motivation and parang sobrang pagod ako. So i resigned after 1 week of being there lol.

Plan ko lang dapat talaga is to rest for 1-2 months. Just to get rid of my burnout feeling. I was also getting interview invites left and right kaya akala ko makakakuha agad ako ng kapalit. Kaso ang nangyari puro interviews but no offers. Nakakapagod and nakaka drain. Fast forward today i am now 4 mos unemployed lol. 

But last november i got a job offer from my dream company with a higher salary than my previous ones, good benefits din. Will be starting in Jan 3 🙂",22-Dec,9,EMOTIONAL,None,Yes,"""puro interviews but no offers. Nakakapagod and nakaka drain.""",Highlights emotional exhaustion from repeated interviews without job offers.
phcareers,https://www.reddit.com/r/phcareers/comments/zfs15j/resigning_even_without_a_new_job/,Resigning even without a new job,comment,"I was unemployed for 5 months, bc I had to take a mental health break due to burnout.  In my case sa lahat ng interviews ko only 2 recruiters question me as to why I resigned ng walang kapalit na job, so I guess it’s not a big deal for most of them. Gaya ng comments ng iba, as long as you have enough savings then go, rest should be a priority after all. 

Just like you, feeling ko unlucky din ako dahil hindi ko pa rin nararanasan mapunta sa healthy work environment then recently, di naman ako na-regular bc I’m apparently not fit & didn’t met their requirements. Ayaw ko na rin naman dun bc they required us to work on holidays at sobrang daming workload, so I’m currently unemployed again unfortunately. But I’m still hoping for better days, basta ngayon let’s prioritize rest.",22-Dec,8,PROCESS,None,Yes,"""di naman ako na-regular bc I’m apparently not fit & didn’t met their requirements.""",Shows hiring outcome issues and instability in employment process.
phcareers,https://www.reddit.com/r/phcareers/comments/zfs15j/resigning_even_without_a_new_job/,Resigning even without a new job,comment,"My experience was 2017 pa, I resigned na walang kapalit na job. I kept applying naman for new jobs pero rejected the offers kasi feeling ko that time deserve ko ng mas malaking offer sa salary until di ko namalayan na 5mos na pala ako no work. I suggest na if ever na may offer na, grab it. Then find a new one na lang if di mo trip, mahirap walang work sa panahon ngayon. 😊 kaya mo yann :)",22-Dec,15,EMOTIONAL,None,Yes,"""mahirap walang work sa panahon ngayon.""",Expresses difficulty and stress of being unemployed during job search.
phcareers,https://www.reddit.com/r/phcareers/comments/zfs15j/resigning_even_without_a_new_job/,Resigning even without a new job,comment,"I'm an accounting grad and accountant. Siguro matagal na yung 3 months. Masipag ako mag apply and it helps na madami ding choices. 

For gaps, not really in my experience since 3 months na yung pinakamatagal. However, I think it is best to explain that really well. And also, almost everyone experienced toxic work environment, be it because of management policies, politics, toxic co-workers, etc. May baliw nga akong ka trabaho na binu-bully ako pero wala akong pake. Inaaway ko din for fun. Haha! 

Di ka malas, eto na kasi yung sistema which sucks. You'll get used to it, sadly.

Anyway good luck to you OP. Kaya mo yan!!!",22-Dec,5,RELEVANCE,None,Yes,"""eto na kasi yung sistema which sucks.""",Indicates systemic difficulty in job market despite being framed casually.
phcareers,https://www.reddit.com/r/phcareers/comments/zfs15j/resigning_even_without_a_new_job/,Resigning even without a new job,comment,"In my case, my longest waiting time was 5 months. This was super risky too since it was the height of the pandemic restrictions during that period. I really just try to remove those negative thoughts and keep on searching until someone accepts the call. The lesson here is someone is always looking for a hire regardless of the conditions out there. As of this writing I already got off from regular employment and working into freelancing (and as usual, no client and no job as of the moment but have plenty of time for prep for the next career).",22-Dec,5,PROCESS,None,Yes,"""my longest waiting time was 5 months... this was super risky""",Highlights long waiting periods and uncertainty during job search.
phcareers,https://www.reddit.com/r/phcareers/comments/zfs15j/resigning_even_without_a_new_job/,Resigning even without a new job,comment,"Was unemployed for 4 months. Nag pahinga ako kasi sobrang burnout ko na sa previous job ko - that place made me miserable. Searching for jobs was also hard kasi hindi naman in-demand ung trabaho ko. 

What took a toll on me was the constant nagging of the people around me na ilang buwan na akong walang trabaho. Then comes the frustration of going through interviews and not getting accepted.

But no regrets, I had my rest and I’m doing great in my new job now.",22-Dec,5,EMOTIONAL,None,Yes,"""Searching for jobs was also hard kasi hindi naman in-demand ung trabaho ko.""",Combines difficulty finding jobs with emotional toll from rejection and pressure.
phcareers,https://www.reddit.com/r/phcareers/comments/zfs15j/resigning_even_without_a_new_job/,Resigning even without a new job,comment,"Hi! I got laid off last year December in the height pa nga ng bagyong Odette. It was hard. Devastating na yung situation, mas naging worse kase I had no job to go back to. I started job hunting last Feb this year when the power, signal, etc. were back to normal. Landed a job pag April, and I'm planning to leave this job for greener pastures haha. I'm thankful i had this to get back on my feet, but the changes in management are not pro-employee. Nag border na sa exploitative.

Sabi nila na on average, it takes 2-4 months before a person lands their next job after being unemployed. Idk how that's like now tho w all the changes sa ating economy.

Wishing all of us job seekers the best! Glad we're busting our asses out of places we know that don't deserve us. Power thru, OP 🤘",22-Dec,2,EMOTIONAL,None,Yes,"""It was hard. Devastating na yung situation, mas naging worse kase I had no job to go back to.""",Expresses emotional distress tied to unemployment and job search.
phcareers,https://www.reddit.com/r/phcareers/comments/zfs15j/resigning_even_without_a_new_job/,Resigning even without a new job,comment,"12 years ago, fresh grad ako. Hindi ko alam saan ako dapat maghanap ng trabaho, anong trabaho ang kaya ko, saang kompanya ako makakapasok. Basta nag-apply lang ako kung saan qualified yung background na meron ako.

In a span of 9 months, I already switched two jobs. Stayed 3 months from the first one, spent 3 on the other. 2 months ang gap, and then 4 months after the second one .

Hindi lang isang beses nangyare na ganyan, naulit pa ulit sya ng dalawang beses pa. 

And then another one. The last time was a year ago.

Kung first few jobs mo pa lang, ilista mo lahat. Be honest kapag tinanong. But be curtailed sa sagot. Your honesty will be part of your credibility as a potential hire. 

If you are working in the last 10 years, focus on your employment in the last 5 years. 

It's not ideal to resign w/o a new job waiting, or if you don't have savings to cover for your unemployed periods, say safe bet will be the next 6 months after resignation, but we have reasons and I understand that. I did it multiple times for multiple different reasons. My act did not kill me, but it sure did make me struggle. Just be ready OP if you are unable to find a job quickly, iba yung hiring and working climate ngayon, so most likely applying for and getting a job will not be easy.

 I wish you good luck.",22-Dec,2,PROCESS,None,Yes,"""most likely applying for and getting a job will not be easy.""",Highlights difficulty in securing jobs due to current hiring conditions.
phcareers,https://www.reddit.com/r/phcareers/comments/zfs15j/resigning_even_without_a_new_job/,Resigning even without a new job,comment,"aug.2 2021 nag resign ako to pursue yung mag work sa govt. after 100+ applications umayaw din ako. siguro after 6 yrs nalang ulit. 1 yr akong na tengga kasi sa govt. lang ako nag sesend. 

ngayon mag reresign na ulit ako after 5months dahil magulo masyado, walang coordination mga higher ups ko. pero may nakaready na ako ngayon, yung resignation ang medyo pinoproblema ko kaya baka mag immediate resignation ako",22-Dec,1,RELEVANCE,None,Yes,"""after 100+ applications umayaw din ako. 1 yr akong na tengga""","Shows difficulty finding jobs despite many applications, leading to giving up."
phcareers,https://www.reddit.com/r/phcareers/comments/zfs15j/resigning_even_without_a_new_job/,Resigning even without a new job,comment,Tinanggal sa trabaho noong 2019 luckily di pa nagsisimula covid nun and 1 year walang trabaho pero at that time nag peak rin covid.,22-Dec,1,EMOTIONAL,None,Yes,"""1 year walang trabaho""",Indicates prolonged unemployment contributing to job search difficulty.
phcareers,https://www.reddit.com/r/phcareers/comments/zfs15j/resigning_even_without_a_new_job/,Resigning even without a new job,comment,"i did resign without a new job last year. one month akong walang work. due to toxic workplace na inextend to two months ang turnover time ko, known kasi sila na ihohold ang backpay and original documents (yes they require you to surrender original docs like diploma para daw maiwasan ang nag AWOL) . I applied everyday, jobstreet, linkedin, indeed, kalibrr and facebook. 

I got a job from facebook, i sent my resume via email and now doing contractual work",22-Dec,1,VISIBILITY,"Jobstreet, LinkedIn, Indeed, Kalibrr, Facebook",Yes,"""I applied everyday, jobstreet, linkedin, indeed, kalibrr and facebook.""",Shows heavy reliance on multiple platforms due to difficulty securing a job.
phcareers,https://www.reddit.com/r/phcareers/comments/zfs15j/resigning_even_without_a_new_job/,Resigning even without a new job,comment,"I did this thrice in span of 4 years. I don't advice it really pero minsan kasi unpredictable and life. Two of those 3 resignations were inevitable due to moving locations, then Covid. All those times I get a salary higher than previous.

Pero for all three times I was able to find a job naman in 1-3 months. I'm good at interviews, naturally eloquent yet sweet. Also I upskill a lot, earned certificates (kahit yung mga free lang sa LI and Coursera), and I use this 'proof' to sell myself. 

Pero above all OP, I get recommended by friends and colleagues to the company kaya naiinvite ako sa interview. I have very low 'luck' sa mga online applications. I tried one time in 2020 to apply to 100 companies at Jobstreet and I only heard from 3 which didn't end up hiring me.

My current job is the first job that I get into without recommendation, pero by this time ang dami ko na din kasi skills/certificate, and I even have a diploma studies.",22-Dec,1,VISIBILITY,Jobstreet,Yes,"""I tried one time in 2020 to apply to 100 companies at Jobstreet and I only heard from 3 which didn't end up hiring me.""","Shows low response rate from online applications, indicating visibility issues."
phcareers,https://www.reddit.com/r/phcareers/comments/zfs15j/resigning_even_without_a_new_job/,Resigning even without a new job,comment,"I never doubted myself when I did this but I had to deal with people around me doubting me. After a month not working I may as well have been someone who had never worked an honest day in their life... not having a strong support system makes it harder to deal with being jobless if you are not unrelenting in your self-belief. Laugh in the face of bad advice (my mother was sending me min wage jobs... when I had just burnt out of a well-played 80+ hour a week technical sales position and wanted a change for the better)

All worth it to take the time to work on myself and found a better job with higher potential for growth, good pay structure, and less hours within 3 months of looking. Turned down 2 offers in that time.",22-Dec,1,EMOTIONAL,None,Yes,"""not having a strong support system makes it harder to deal with being jobless""",Highlights emotional and social pressure during unemployment.
phcareers,https://www.reddit.com/r/phcareers/comments/zfs15j/resigning_even_without_a_new_job/,Resigning even without a new job,comment,"Back in 2009, medyo recession pa nun, 4 months to find the job and package I wanted. May mga companies na since wala akong work babaratin ka, usually mga locally owned companies ganito. Just be patient and know your worth.",22-Dec,1,PROCESS,None,Yes,"""May mga companies na since wala akong work babaratin ka""",Highlights disadvantage in hiring process due to unemployment status.
phcareers,https://www.reddit.com/r/phcareers/comments/zfs15j/resigning_even_without_a_new_job/,Resigning even without a new job,comment,"Unemployed for 4 fucking years here. Make it 5 next year. Living on the last of my savings, doing sidelines and trying to change my life. My company couldn't keep up with the recession so I was cut off.",22-Dec,1,EMOTIONAL,None,Yes,"""Unemployed for 4 fucking years here. Make it 5 next year.""",Indicates prolonged unemployment and hardship.
phcareers,https://www.reddit.com/r/phcareers/comments/zfs15j/resigning_even_without_a_new_job/,Resigning even without a new job,comment,"I wouldn’t recommend leaving without a job lined up. It’s scary to be without income sa mga panahon ngayon kahit ba may savings. Nakaka-praning. 

When your income goes, your savings start to go. When your savings start to go, your morale goes down. If you don’t get a job as quickly as you anticipated, depression will start to set in. Mas mahihirapan, mas mawawalan ng confidence. Depende nalang sa situation mo kung may pamilya kang sasalo / ok lang sa kanila na pabigat ka muna habang wala kang trabaho. 

In my opnion, when you start daydreaming of resignation, the next step is to update your job portal profiles and start looking even before you draft your resignation letter in your mind.",22-Dec,1,EMOTIONAL,None,Yes,"""If you don’t get a job as quickly as you anticipated, depression will start to set in.""",Highlights emotional and psychological stress from prolonged job search/unemployment.
phcareers,https://www.reddit.com/r/phcareers/comments/zfs15j/resigning_even_without_a_new_job/,Resigning even without a new job,comment,"Ako mga a month more or less when I did that. The fear of being hungry and homeless motivated be enough to pour all my effort in looking for a new job. Pero that fear was not enough for me to not resign kahit walang job waiting for me. I hated where I worked and hated my boss. Fast forward to now, been with the company after the one I resigned from for 8 years now. So, I feel you there about just wanting to stop all the stress and anxiety from a toxic work environment and boss.

Wala naman issue sa gap. Pero I told them kasi I wanted to take a break for a bit.

Good luck with your job search, OP!",22-Dec,1,EMOTIONAL,None,Yes,"""The fear of being hungry and homeless motivated me enough to pour all my effort in looking for a new job.""",Highlights fear and anxiety driving job search efforts.
phcareers,https://www.reddit.com/r/phcareers/comments/zfs15j/resigning_even_without_a_new_job/,Resigning even without a new job,comment,I left my comfortable work abroad to come home. I'm worried as well. I hope there will be  a good news for all of us,22-Dec,1,EMOTIONAL,None,Yes,"""I'm worried as well.""",Expresses anxiety about job search uncertainty.
phcareers,https://www.reddit.com/r/phcareers/comments/zfs15j/resigning_even_without_a_new_job/,Resigning even without a new job,comment,"Resigned last October, received an offer just yesterday. Applied to \~10 companies lol help hahaha

I resigned kasi aside from relocation, toxic yung previous manager ko. I had enough money, and my partner is employed so we had little to no problems sa expenses.

I regret not finding work before resigning, mainly because of myself na rin. No one, not my partner, or her family pressured me sa paghanap ng trabaho. Kalaban ko lang talaga sarili ko. Nape-pressure ako kasi andami ko nang rejections with different companies. I did well naman sa interviews. I comforted myself by thinking December na rin kasi, usually mahirap talaga maghanap ng work around the Ber months.

I'm happy I finally received the offer. Although the training start date will be on January pa, at least I can finally breathe.",22-Dec,1,EMOTIONAL,None,Yes,"""Nape-pressure ako kasi andami ko nang rejections with different companies.""",Highlights stress and pressure from repeated rejections during job search.
phcareers,https://www.reddit.com/r/phcareers/comments/14rylp9/ayoko_ko_na_magtrabaho_sa_government_natin/,Ayoko ko na magtrabaho sa government natin.,post,"Public Service is a big part of me but akoyo na sa government natin. 3 years na ako and when I apply for promotion to regular palagi sinasabi na hindi ko meet yung qualification standards. Pag tinanong ko naman saan ako nagkulang di nila sinasabi. Inaapplyan ko is for 1 year relevant experience which meron ako ng 3 years, may Civil Service naman ako, and may 60+ hrs na ako of relevant training. Naging chief of staff na din ako ng isang official nung napacoterm ako sakanya for a few months. Right now pla COSP ako. Pero yung kaka 1 year experience lang na kilala ko qualified agad. Same work naman kami.

Nagaapply na ako sa mga embassies, NGO or sa mga international organizations. Ready na ready na ako magswitch loyalties. Ready na ako to serve a foreign country (Embassy) instead of our own.",23-Jul,130,PROCESS,None,Yes,"""Pag tinanong ko naman saan ako nagkulang di nila sinasabi.""",Highlights lack of transparency in hiring/promotion decisions.
phcareers,https://www.reddit.com/r/phcareers/comments/14rylp9/ayoko_ko_na_magtrabaho_sa_government_natin/,Ayoko ko na magtrabaho sa government natin.,comment,Cheers OP.  Padrino system sa government natin. Skills wala ka g matutunan.  Mahirap rin lumipat sa private pag nagtagal ka jan.,23-Jul,66,PROCESS,None,Yes,"""Padrino system sa government natin.""",Points to nepotism affecting hiring and career movement.
phcareers,https://www.reddit.com/r/phcareers/comments/14rylp9/ayoko_ko_na_magtrabaho_sa_government_natin/,Ayoko ko na magtrabaho sa government natin.,comment,Been to government as well and super nakakasuka yung hiring process. It’s so tedious tapos di ka pipiliin. (hugot),23-Jul,38,PROCESS,None,Yes,"""super nakakasuka yung hiring process. It’s so tedious tapos di ka pipiliin.""",Complains about tedious and frustrating hiring process with rejection.
phcareers,https://www.reddit.com/r/phcareers/comments/14rylp9/ayoko_ko_na_magtrabaho_sa_government_natin/,Ayoko ko na magtrabaho sa government natin.,comment,Ilang yrs din ako sa government at ganun na yata talaga. Kung wala kang backer mahihirapan kang mapromote. Pero kung malakas ang backer mo kahit kulang requirements mo walang problema. Lipat ka na lang talaga. 3 yrs na rin yang nagugol mo jan OP. Nag antay ako para sa promotion ko nun for almost 1.5 yrs siguro kaso naggive up na rin ako. If alam mo ginagawa sa loob ng government minsan makokonsensya ka san napuounta yung tax ng mga tao.,23-Jul,13,PROCESS,None,Yes,"""Kung wala kang backer mahihirapan kang mapromote.""",Highlights reliance on connections affecting hiring/promotion fairness.
phcareers,https://www.reddit.com/r/phcareers/comments/14rylp9/ayoko_ko_na_magtrabaho_sa_government_natin/,Ayoko ko na magtrabaho sa government natin.,comment,"Ilang taon ko na ein pinagpipilitan sarili ko sa gobyerno. I got lucky last year thinking someone finally recognized my potential and what I can offer. And yet a year went by, ang take home ko ay depression and anxiety.

I just resigned today and instead of exiting gracefully, puro parinig pa ang inabot ko at paghuhugas kamay ng boss ko kesyo hindi raw sya toxic, it's just a matter of how people view it daw lol samantalang nalagas kaming staff niya. Bilang na lang nga kami sa daliri, naubos pa.

Iniisip ko kung maggogobyerno pa rin ako dahil napakahirap pumasok nang hindi dahil sa kakilala system. 

Nakakapagod. Kung hindi sa padrino system, sa super toxic na mga tao ka naman mapupunta.

Putangina lang.",23-Jul,7,PROCESS,None,Yes,"""napakahirap pumasok nang hindi dahil sa kakilala system.""",Highlights difficulty entering jobs due to reliance on connections (padrino system).
phcareers,https://www.reddit.com/r/phcareers/comments/14rylp9/ayoko_ko_na_magtrabaho_sa_government_natin/,Ayoko ko na magtrabaho sa government natin.,comment,"Been with different government agencies. Total of 8 years, more or less. Never ako naging regular or permanent. I’ve been handling big ticket projects na proud na proud ang pinas pero waley talaga. Working for a US company for almost a year now. Chill na chill ang trabaho. Wala pa toxic na officemates. Hahahaha.",23-Jul,6,PROCESS,None,Yes,"""Never ako naging regular or permanent.""",Highlights difficulty securing stable employment despite experience.
phcareers,https://www.reddit.com/r/phcareers/comments/14rylp9/ayoko_ko_na_magtrabaho_sa_government_natin/,Ayoko ko na magtrabaho sa government natin.,comment,"San ka nagkulang? Wala kang backer na malakas enough yung hatak. Your are not underqualified naman siguro since sabi mo dun sa ina-apply-an mo. 
Humanap ka na ng ibang boss OP.",23-Jul,3,PROCESS,None,Yes,"""Wala kang backer na malakas enough yung hatak.""",Highlights reliance on connections affecting hiring outcomes.
phcareers,https://www.reddit.com/r/phcareers/comments/14rylp9/ayoko_ko_na_magtrabaho_sa_government_natin/,Ayoko ko na magtrabaho sa government natin.,comment,"Sa amin sa province, para maging regular ka, dapat may lagay. Kung magpapa reassign ka sa mas malapit sa residence mo (usually mga teachers na naka assign sa malalayong bundok), dapat may lagay ulit.. Lalagyanan kasi yan sila 🤣.",23-Jul,3,SCAM,None,Yes,"""para maging regular ka, dapat may lagay.""",Indicates bribery/corruption required for employment decisions.
phcareers,https://www.reddit.com/r/phcareers/comments/14rylp9/ayoko_ko_na_magtrabaho_sa_government_natin/,Ayoko ko na magtrabaho sa government natin.,comment,"Supervisor namin sa akin nagtatanong ng mga gagawin 20+ years na sa position niya. Araw-araw na ko naghahanap ng malilipatan na agency pero ang tagaaaaaaal ng hiring process din. Been thinking na lumipat sa private sa totoo lang. Nawala pa hopes ko sa mga ka-age ko na magiging maayos work sa gobyerno kasi may iba, maagang nabulok ng sistema",23-Jul,3,PROCESS,None,Yes,"""ang tagaaaaaaal ng hiring process din.""",Highlights slow hiring process causing frustration in job search.
phcareers,https://www.reddit.com/r/phcareers/comments/14rylp9/ayoko_ko_na_magtrabaho_sa_government_natin/,Ayoko ko na magtrabaho sa government natin.,comment,"Been there OP. Di ikaw yung ""nakalinya"" sa position. To this day whenever may vacancy sa government tinitingnan ko if entry level siya. Kase pag higher level, sureball na may nakalinya na jan. Iba nga pinopost lang for compliance sa CSC pero ang hiring tapos na.",23-Jul,4,PROCESS,None,Yes,"""Iba nga pinopost lang for compliance sa CSC pero ang hiring tapos na.""",Indicates unfair hiring practices where positions are pre-filled despite postings.
phcareers,https://www.reddit.com/r/phcareers/comments/14rylp9/ayoko_ko_na_magtrabaho_sa_government_natin/,Ayoko ko na magtrabaho sa government natin.,comment,Oo yung wife ko ang daming workload pero SG 6 lang. Minsan 8 or 9PM na nakakauwi. Tapos sa promotion nauuna pa yung mga kamag anak ng opisyal. Ganun din sa hiring process nila. Pasok pag may kakilala,23-Jul,3,PROCESS,None,Yes,"""Pasok pag may kakilala""",Shows hiring depends on connections rather than merit.
phcareers,https://www.reddit.com/r/phcareers/comments/14rylp9/ayoko_ko_na_magtrabaho_sa_government_natin/,Ayoko ko na magtrabaho sa government natin.,comment,"Ako, natanggal ako dahil sa padrino system. Co term, hindi na renew kasi may gustong ipasok na kamaganak. 

Sobrang fresh, this year lang. 

Nag embassy na din ako before government. I highly suggest if mag embassy ka na. Go for European or us,japan,korea or spain. 

Currently wala pa work, nag ttry sa ibang government agency. Pero pag wala talaga, balik ako ng mga embassy.",23-Jul,2,PROCESS,None,Yes,"""natanggal ako dahil sa padrino system... hindi na renew kasi may gustong ipasok na kamaganak.""",Shows unfair hiring/retention due to connections (nepotism).
phcareers,https://www.reddit.com/r/phcareers/comments/14rylp9/ayoko_ko_na_magtrabaho_sa_government_natin/,Ayoko ko na magtrabaho sa government natin.,comment,Kulang ka sa social climbing skills char di naman secret na its not about what you know but more on who you know.,23-Jul,2,PROCESS,None,Yes,"""it's not about what you know but more on who you know.""",Emphasizes reliance on connections over merit in hiring.
phcareers,https://www.reddit.com/r/phcareers/comments/14rylp9/ayoko_ko_na_magtrabaho_sa_government_natin/,Ayoko ko na magtrabaho sa government natin.,comment,"Huhu.. plan ko pa naman to work in the government but 😭😭 wala akong backer or any connections and would love to serve the country by being a public servant.

Nakakadismaya naman given you have the qualifications to be on a regular position. 

Hugs with consent, OP.",23-Jul,1,PROCESS,None,Yes,"""wala akong backer or any connections""",Highlights barrier to entry due to lack of connections.
phcareers,https://www.reddit.com/r/phcareers/comments/14rylp9/ayoko_ko_na_magtrabaho_sa_government_natin/,Ayoko ko na magtrabaho sa government natin.,comment,"Palakasan talaga kasi sa government natin,pag walang referral ng pulitiko wala din eh,wala masyado system pa pag nakapasok ka na. Pag COS or JO ka parang balewala ka sa HR or sa mismong office",23-Jul,1,PROCESS,None,Yes,"""pag walang referral ng pulitiko wala din eh""",Indicates reliance on political referrals in hiring.
phcareers,https://www.reddit.com/r/phcareers/comments/14rylp9/ayoko_ko_na_magtrabaho_sa_government_natin/,Ayoko ko na magtrabaho sa government natin.,comment,"Hello OP, same feels. Nagwowork ako sa government mag 10 yrs and yet JO pa rin ako. 

Kung credentials pag uusapan, meron din ako. 
Pero balewala pala talaga dito yun kahit anong galing mo. Palakasan dito. 

Alis ka na lang hanggang maaga pa. 

Kaya mo yan. Mas better sa labas. Walang usad dito",23-Jul,1,PROCESS,None,Yes,"""Pero balewala pala talaga dito yun kahit anong galing mo. Palakasan dito.""",Highlights hiring/promotion bias based on connections over merit.
phcareers,https://www.reddit.com/r/phcareers/comments/1d7wjm4/my_goal_was_to_have_a_new_job_by_june_this_june_i/,My goal was to have a new job by June. This June I faced my 100th rejection.,post,"Hindi pa kasama dito mga companies that just ghosted me, lol. Kalahati na ng 2024, anuna. I was only able to reach the 2nd, final interview and I didn’t hear from them again. Imagine investing your time, following up on them, only to receive no response. An automated email would’ve sufficed but they gave you no closure at all. Salamat na lang sa wala. Not a fan of this approach but I just say “fuck it” and move on for the sake of my sanity

The job hunting games is harder when you’re a career shifter among a sea of fresh graduates/experienced job hunters. I have tailored my resume according to the JD naman. I know it doesn’t promise me an interview pero tae ano ba kasi ang secret formula

This has been **suuuuch** a mentally and emotionally exhausting ordeal. The fact that I’m nearing my 30s is like a rude awakening that I gotta have some career progress at this point in my life, but I’m back to square one. It comes with a feeling of shame, envy among my friends, questions about my capabilities, and pretty much an unhealthy amount of self-deprecation. 

Anyway, that’s all. Gusto ko na ~~magkapera~~ magkatrabaho. All I need is one company who will believe in me and recognize my potential. Ang hiling ko lang ngayong pasko ay isang JO. When will it be my time? 🥲",24-Jun,1571,GHOSTING,None,Yes,"""I was only able to reach the 2nd, final interview and I didn’t hear from them again.""",Clear case of being ghosted after late-stage interview with strong emotional impact.
phcareers,https://www.reddit.com/r/phcareers/comments/1d7wjm4/my_goal_was_to_have_a_new_job_by_june_this_june_i/,My goal was to have a new job by June. This June I faced my 100th rejection.,comment,"It is not your fault if you have solid experience, It's just the job market right now is not good lalo andami fresh grads na mauuto ng mga companies to take the small offers compare sa may mga experience nag hahanap ng better salary, better benefits, not to mention mga million na unemployed since pandemic!

Sa jobstreet 50+ to 100+ applicants yung natatanggap ng isang HR! sa dami ng competition matatabunan talaga yung resume mo at kahit umabot ka man sa 2nd or final interview mayroon na silang naka line-up na candidates not just you! after that said interviews doon na sila nag seselect mga siguro at least 5 to 10 candidates yung na filter out of hundreds! tapos they only need 1 applicant imagine that!

sa ngayon ginawa ko nag take ng freelance job from time to time para at least i still can pay my monthly bills.

don't give up yet yung ibang kakilala took a year bago nakahanap maybe try playing around with your resume and proposal at maybe change or analyze the way you answered sa mga interviews baka yan din yung naghohold back sa mga employers.",24-Jun,205,RELEVANCE,None,Yes,"""Sa jobstreet 50+ to 100+ applicants yung natatanggap ng isang HR!""",Highlights high competition making it hard to stand out in job applications.
phcareers,https://www.reddit.com/r/phcareers/comments/1d7wjm4/my_goal_was_to_have_a_new_job_by_june_this_june_i/,My goal was to have a new job by June. This June I faced my 100th rejection.,comment,"Listen, someone out there will bite an 18k salary.

This someone is a graduate with latin honors or maybe a 100% scholarship records. If you think that you have a fighting chance against these fresh grads that are easily acquirable, I tell you, you will have a hard time.

It took me 3 months to secure a good paying job, 30k+, for me it's good already, for some it might be small.

Only apply to the job that is directly or nearly related to your course or previous experience. Make sure that you practice what you will be saying in the interviews, relate it to your job if it's not that aligned (for context, I'm a grad of Marketing Comms/Advs on 22, I am working in a financial intuition now as an analyst).

The key here is proper communication and confidence. Well, confidence really.

On my first 2 months of tengga, I was throwing resumes in all directions, maybe more than 200+ submission. On the 3rd month, I realized that I was wasting my time. On the 1st week of the 3rd month, I only applied like 8x companies. These 8 applications, I made sure to include every single thing that an employer or manger would need or want to see. A complete and proper resume + cover letter + letter of intent. All of it, specialized to each. I got 4 interviews. 2 for final, but I took the other one as it was  willing to pay higher.

Hope this helps, and kapit lang. More than all these things that I've said, God's time will come in a very special way. Before I secured the job, I was running low on budget to survive another month, then here I am working again.

  
Edit 1: I highly suggest that you find the official website of the company and apply THERE, not in linked in. Linked is is saturated af. They use filters, kung di ka pasok sa filter, 0 chance ka agad.",24-Jun,147,RELEVANCE,LinkedIn,Yes,"""If you think that you have a fighting chance against these fresh grads that are easily acquirable, I tell you, you will have a hard time.""",Highlights competition disadvantage due to market conditions and applicant pool.
phcareers,https://www.reddit.com/r/phcareers/comments/1d7wjm4/my_goal_was_to_have_a_new_job_by_june_this_june_i/,My goal was to have a new job by June. This June I faced my 100th rejection.,comment,"Here is my untested and unproven golden formula:

https://www.linkedin.com/feed/update/urn:li:activity:7180913364586373120?updateEntityUrn=urn%3Ali%3Afs_updateV2%3A%28urn%3Ali%3Aactivity%3A7180913364586373120%2CFEED_DETAIL%2CEMPTY%2CDEFAULT%2Cfalse%29

Stagnant ako ngayon job search ko kasi “HAYST” nakakainis and 3 days ko na sya hindi inaasikaso and working. 

If you want more info on this read the book “Reverse Job Search by James Whittaker” very convincing approach and scary kasi magsesend ng mga cold emails ganon but you gotta do what you gotta do

Its idea is to focus on your network and build social capital to get hired in the hidden job market. Shitty jobs ung mga advertised kasi desperate ang companies.

✨LINKEDIN✨

Pero before reading that book I suggest focusing on what you really want first. “What color is your parachute by Richard Bolles” will help you assess what you TRULY WANT.

To assess better on what type of companies you want to work with I also suggest reading principles by ray dalio.

So far ang nagagawa ko pa lang is “honing the axe” by reading these 3 books and by randomly connecting with people in my industry and my desired location (NEW YORK CITY!). 

So far, I started from 100+ connections to 262 connections (mix of abroad and local). I also had increased profile views from 0 (when I was a fresh grad) to 133 profile views. Progress is Progress. Kahit maliit lang sya.

Hindi pa ako nagrereachout and nagbuibuild ng CRM job leads ko kaya ayon ✨🌈🙆‍♀️

planning to gatekeep this comment and resources I used pero please upvote to help others. You can apply and apply and end up in a shitty working environment and find a job. At least this way, you get to be in an employer that you truly want.",24-Jun,98,EMOTIONAL,LinkedIn,Yes,"""Stagnant ako ngayon job search ko kasi “HAYST” nakakainis and 3 days ko na sya hindi inaasikaso""",Expresses frustration and burnout causing stalled job search.
phcareers,https://www.reddit.com/r/phcareers/comments/1d7wjm4/my_goal_was_to_have_a_new_job_by_june_this_june_i/,My goal was to have a new job by June. This June I faced my 100th rejection.,comment,"I feel the same frustrations as you, OP. I’ve been looking for a job since December. This March, I thought I had a break because one of the banks replied to my job application on LinkedIn. We already had the final interview last April. I was ghosted and they reposted the job. When I asked for an update, they told me that they were looking for more candidates and that they will get back to me. 🥹
I try not to dwell on the negative aspects of it and look to it as a redirection. I also look for other jobs that would best suit me. Praying that we get that break soon 🙏🏼",24-Jun,51,GHOSTING,LinkedIn,Yes,"""We already had the final interview last April. I was ghosted and they reposted the job.""",Clear ghosting after final interview despite strong candidacy.
phcareers,https://www.reddit.com/r/phcareers/comments/1d7wjm4/my_goal_was_to_have_a_new_job_by_june_this_june_i/,My goal was to have a new job by June. This June I faced my 100th rejection.,comment,"Hahay. Same, i'm getting frustrated. Umabot na ako sa interviews and said they'll follow up but I was ghosted. Nakakapagod maging adult at alipin sa salapi.",24-Jun,21,GHOSTING,None,Yes,"""Umabot na ako sa interviews and said they'll follow up but I was ghosted.""",Direct complaint about being ghosted after interviews.
phcareers,https://www.reddit.com/r/phcareers/comments/1d7wjm4/my_goal_was_to_have_a_new_job_by_june_this_june_i/,My goal was to have a new job by June. This June I faced my 100th rejection.,comment,Not to mention the hope and excitement you get when an employer replies tapos feeling mo naman the interview went well pero makakakuha ka ng email saying they went with another candidate or ghinost ka maski kinapalan mo na muka mo para magfollowup ng tatlong beses. Yung at the beginning of your job hunt you started out as a fairly confident person but now you’re a shell of your former self because of multiple rejections 😭😭,24-Jun,24,EMOTIONAL,None,Yes,"""you’re a shell of your former self because of multiple rejections""",Shows emotional toll from repeated rejections and ghosting.
phcareers,https://www.reddit.com/r/phcareers/comments/1d7wjm4/my_goal_was_to_have_a_new_job_by_june_this_june_i/,My goal was to have a new job by June. This June I faced my 100th rejection.,comment,I feel you. It took me a year and a half and hundreds of rejections until I found a job that is aligned with what I want to do. I was also nearing my 30s last year and grabe yung pressure sa peers na ang ganda na ng career at position in life. A lot of us na nasa late 20s ang naeexperience yan especially if you are also experiencing your saturn return. Persevere and don't stop. Ibibigay din ni God ang career na para sayo,24-Jun,15,EMOTIONAL,None,Yes,"""It took me a year and a half and hundreds of rejections""",Highlights prolonged job search and emotional pressure from peers.
phcareers,https://www.reddit.com/r/phcareers/comments/1d7wjm4/my_goal_was_to_have_a_new_job_by_june_this_june_i/,My goal was to have a new job by June. This June I faced my 100th rejection.,comment,"parang ayoko na tuloy mag resign sa trabaho ko kahit npaka toxic and stressfull na, pag nakakabasa ako ng mga ganitong hirap makakuha ng bagong trabaho! Lord please po help us 🙏🏻🙏🏻🙏🏻
help OP, malapit na dumating ang hiling mo ❤️",24-Jun,28,EMOTIONAL,None,Yes,"""parang ayoko na tuloy mag resign... hirap makakuha ng bagong trabaho""",Shows fear and anxiety about job search difficulty affecting decisions.
phcareers,https://www.reddit.com/r/phcareers/comments/1d7wjm4/my_goal_was_to_have_a_new_job_by_june_this_june_i/,My goal was to have a new job by June. This June I faced my 100th rejection.,comment,"Mga three weeks ago, meron akong interview. Dalawang company. Yung isa matagal ko na talagang target kasi ilang beses na ako nag try sa kanila pero laging rejected. Minsan umabot pa ako sa third round ng 4 rounds interview nila pero ligwak. Going back three weeks ago, grabe yung time na ginugol ko para makapag prep sa initial interview. Confident ako na covered ko lahat ng possible questions, pati na din everything about sa company. Confident din ako sa skills ko. Sabi ko this time akin na to. Pero nung mismong interview na, I don’t know pero hindi ko gusto yung performance ko. At iba din yung flow ng interview which I didn’t expect. Kasi hindi naman ganito nung last try ko 6 months ago. Then ayun ligwak sa initial pa lang. 

After nun nag break muna ako sa pag apply. Then kanina during lunch break sa current work ko, nag submit ulet ako. I noticed na 100th applications ko na pala kanina. Naka tracker kasi yun lahat. And take note this year ko lang sinimulan itrack. Hindi pa kasama yung countless interviews, rejections, ghosting from May 2022-December 2023. Huhu. 

Kanina nag try muna ako sa ibang platform. Pati mga opening na ibang bansa yung location pero remote naman pinatos ko na kahit walang chance. Sana magka job offer na tayo, na may magandang salary package at work environment ✨",24-Jun,12,GHOSTING,None,Yes,"""Hindi pa kasama yung countless interviews, rejections, ghosting from May 2022-December 2023.""","Shows repeated rejection and ghosting over a long period, indicating persistent job search difficulty."
phcareers,https://www.reddit.com/r/phcareers/comments/1d7wjm4/my_goal_was_to_have_a_new_job_by_june_this_june_i/,My goal was to have a new job by June. This June I faced my 100th rejection.,comment,"Kapit lan OP! Ako nga 38 na at shifter, hmm, 9mos tengga, ubos savings.. nawawalan na ako ng hope din kasi last string na yung pera ko  good for 2 weeks na lang,   aun, nung huli 3 J.O in a span of 1 week sabay sabay sila, yung isa halos 3x pa ng former salary ko ahihihi.",24-Jun,11,EMOTIONAL,None,Yes,"""9mos tengga, ubos savings.. nawawalan na ako ng hope""",Highlights financial stress and loss of hope during prolonged job search.
phcareers,https://www.reddit.com/r/phcareers/comments/1d7wjm4/my_goal_was_to_have_a_new_job_by_june_this_june_i/,My goal was to have a new job by June. This June I faced my 100th rejection.,comment,I relate. I’m starting to have unwanted bitterness towards milestones ng friends ko kahit alam ko na deserve naman nila at pinaghirapan nila yun. I can’t help but compare myself to them. My depression and anxiety got worse from it too…araw-araw rejection..kinakain na ako ng kahihiyan kasi 28 na ako at naging pabigat pa ako sa magulang ko,24-Jun,7,EMOTIONAL,None,Yes,"""My depression and anxiety got worse from it too…araw-araw rejection""",Strong emotional distress caused by repeated rejections and comparison with peers.
phcareers,https://www.reddit.com/r/phcareers/comments/1d7wjm4/my_goal_was_to_have_a_new_job_by_june_this_june_i/,My goal was to have a new job by June. This June I faced my 100th rejection.,comment,I'm in the same boat. The job market is insane 🥲,24-Jun,8,RELEVANCE,None,Yes,"""The job market is insane""",Expresses general difficulty and competitiveness of the job market.
phcareers,https://www.reddit.com/r/phcareers/comments/1d7wjm4/my_goal_was_to_have_a_new_job_by_june_this_june_i/,My goal was to have a new job by June. This June I faced my 100th rejection.,comment,"Don’t give up!!!!


Same same with you bro, Last October 2023, I accepted a Job Offer because I really need work at that time. From 60k a month na sahod, naging 35k. From 5 days a weeks naging 6 days a week. From every holdiay I rest naging obligado to work on a holiday. Plus nanakawan pako ng 6 digits that time. Well i needed a work, so talagang pikit mata kong pinirmahan.

 when the bills are hitting me and my lifestyle before di ko na magawa. It made me worry and make me feel stupid.

But one thing na nagparealize sakin na it’s a stupid decision to take it is nung I wanted to propose and settle na with my gf.

That’s why December 2023 palang apply nako ng apply. More than 100 companies inapplyan ko, to count on exact yung mga interview ko, Around 15. But no one accepted me.

But nagbago lahat nung March, it took me a month to go to the recruitment process. But it was worth it.

Then a job offer was sent last May, doubled my salary, back to 5 days, may pagkahybrid pa yung 2 out of the 5 days. And a lot pf benefits.

i immediately resigned. And rendered 15 days lang. sinabi ko nalang family matters.

Last june 3, i started na.

I hope makanahanp ka na. Attract lang. kaya yan",24-Jun,6,PROCESS,None,Yes,"""More than 100 companies inapplyan ko... Around 15 interviews. But no one accepted me.""",Highlights high effort with low success rate in job search.
phcareers,https://www.reddit.com/r/phcareers/comments/1d7wjm4/my_goal_was_to_have_a_new_job_by_june_this_june_i/,My goal was to have a new job by June. This June I faced my 100th rejection.,comment,"I’m looking for a new job too. Hopefully, I get an offer by July. It’s tough but hang in there. Rooting for us, OP!",24-Jun,5,EMOTIONAL,None,Yes,"""It’s tough but hang in there.""",Acknowledges difficulty of job search while expressing encouragement.
phcareers,https://www.reddit.com/r/phcareers/comments/1d7wjm4/my_goal_was_to_have_a_new_job_by_june_this_june_i/,My goal was to have a new job by June. This June I faced my 100th rejection.,comment,got lay off i'm an OFW. i've sent almost 2000 applications for the past 4 months PH and Abroad. im done and taking a break back to pinas na ko. Its the A.I ATS that these company uses and the status of the job market(Freeze Hiring) everything is planned by these companies not just here but all over the world. dagdag mo pa mga Bogus/ Ghost / Fake job Ads ng LinkedIn at Jobstreet na nag User Data Harvest. Send Directly to your target companies Career Portal,24-Jun,5,SCAM,"LinkedIn, Jobstreet",Yes,"""dagdag mo pa mga Bogus/ Ghost / Fake job Ads ng LinkedIn at Jobstreet na nag User Data Harvest.""",Mentions fake job ads and data harvesting concerns alongside heavy application effort.
phcareers,https://www.reddit.com/r/phcareers/comments/1d7wjm4/my_goal_was_to_have_a_new_job_by_june_this_june_i/,My goal was to have a new job by June. This June I faced my 100th rejection.,comment,"whoa i admire your tenacity OP. ako kinain na ng takot kahit mag ayos ng resume di ko magawa at walang confidence sa sarili. i want to be like you na staying strong pa din kahit may rejections.

I'll try harder to be like you OP para naman mabago etong kapalaran ko",24-Jun,5,EMOTIONAL,None,Yes,"""kinain na ng takot kahit mag ayos ng resume di ko magawa at walang confidence sa sarili""",Shows anxiety and loss of confidence preventing job search actions.
phcareers,https://www.reddit.com/r/phcareers/comments/1d7wjm4/my_goal_was_to_have_a_new_job_by_june_this_june_i/,My goal was to have a new job by June. This June I faced my 100th rejection.,comment,"Stop counting your rejections and just keep at it.

When my partner and I were both jobless we spent every weekday in our own screens applying relentlessly to every job we find doable.

It took my partner 2 weeks (take note that he's even a foreigner and was able to find something) and it took me 3 weeks of relentless application to find a job.

We both received hundreds of rejection letters till we were able to land 2 interviews each.

Job hunting is just a numbers game, do not take it to heart if you receive numerous rejections, it personally doesn't have anything to do with your capabilities especially if they only see your value on paper. If you stop and think for a second, would you really wanted to work for all of these 100 companies?

Don't forget no matter how dire your personal situation is, it's still a two way street.

Do you really want to work for a company who can't simply follow up on you? Their recruitment process says a lot about them too.",24-Jun,5,PROCESS,None,Yes,"""We both received hundreds of rejection letters till we were able to land 2 interviews each.""",Highlights high rejection rates and low interview conversion in job search.
phcareers,https://www.reddit.com/r/phcareers/comments/1d7wjm4/my_goal_was_to_have_a_new_job_by_june_this_june_i/,My goal was to have a new job by June. This June I faced my 100th rejection.,comment,"Been there... 

after ko manood ng YT videos on how to ace up interviews, yun binalikan ako agad after a week na may 3 job offers on the same day... 

Pero ilang rejections din at lakad in different places just to find a job... Several months din ang inabot... 

But when the time is right, ibibigay talaga...

Don't give up...just find different/new strategies pagdating sa interviews...",24-Jun,5,PROCESS,None,Yes,"""Pero ilang rejections din... Several months din ang inabot""",Indicates prolonged job search with multiple rejections before success.
phcareers,https://www.reddit.com/r/phcareers/comments/1d7wjm4/my_goal_was_to_have_a_new_job_by_june_this_june_i/,My goal was to have a new job by June. This June I faced my 100th rejection.,comment,Same. Been job hunting since sept 2023. hahaha. Hirap pa kasi nasa Bacolod. Sobrang konti ng job opportunity dito sa mga provinces.,24-Jun,8,RELEVANCE,None,Yes,"""Sobrang konti ng job opportunity dito sa mga provinces.""",Highlights limited job opportunities based on location.
phcareers,https://www.reddit.com/r/phcareers/comments/1d7wjm4/my_goal_was_to_have_a_new_job_by_june_this_june_i/,My goal was to have a new job by June. This June I faced my 100th rejection.,comment,"I feel you OP. I found a part-time job pero feel ko kulang (monetarily, kulang naman talaga). So like you, apply apply lang din ako. Ipasa yung whatever resume to a company. It makes me think whether I would just apply for a different (lower) position na lang while waiting for prospects. I guess it's a humbling experience din. You have to manage expectations. Lots of things are going through my head each day - mag abroad, change career, kaya nakakawalang gana. Naging couch potato lang ako sa bahay, nakahiga. Feeling shame and worthless. Kaya, I feel you din na nakakasama sa mental health ito. 

Chin up and hope you find your job. We all have to start from somewhere.",24-Jun,3,EMOTIONAL,None,Yes,"""Feeling shame and worthless... nakakasama sa mental health ito.""",Strong emotional impact from job search and underemployment.
phcareers,https://www.reddit.com/r/phcareers/comments/1d7wjm4/my_goal_was_to_have_a_new_job_by_june_this_june_i/,My goal was to have a new job by June. This June I faced my 100th rejection.,comment,"Took me 7 months and tons of rejection last year before I landed a job. Unfortunately resigning na ako ulit after 6 mos kasi di ko gusto work environment dito. Bahala na ulit si Batman kaysa mabaliw ako huhuhu 

Makakahanap ka din. Just be patient and maniwala ka sa sarili mo.

*edited some typos",24-Jun,5,EMOTIONAL,None,Yes,"""Took me 7 months and tons of rejection last year before I landed a job.""",Highlights prolonged job search with repeated rejection and emotional strain.
phcareers,https://www.reddit.com/r/phcareers/comments/1d7wjm4/my_goal_was_to_have_a_new_job_by_june_this_june_i/,My goal was to have a new job by June. This June I faced my 100th rejection.,comment,"I feel you deeply OP, since March, I'm still trying to find a job, mass resume sending at night, trying in job fairs even the job is blue collar ones (I graduated last year, worked and resigned after a huge series of mishaps) but now my attention span in job hunting wanes as now I'm investing in airbnb rentals, and pleasure biz. It sucks to be eager and getting nothing. Still needs more income since I'm always hungry and splurging on food... Hopefully, your next job is a charm that won't drain you, thus making you grow as a person too.",24-Jun,3,EMOTIONAL,None,Yes,"""It sucks to be eager and getting nothing.""",Expresses frustration from repeated effort with no results in job search.
phcareers,https://www.reddit.com/r/phcareers/comments/1d7wjm4/my_goal_was_to_have_a_new_job_by_june_this_june_i/,My goal was to have a new job by June. This June I faced my 100th rejection.,comment,"Hello OP. I feel you. when I was a fresh graduate, I applied 24 applications for web development and no one answers and I was informed I failed. but when I tried to apply 1 position that is quality assurance engineer, that is where I got hired. now today I applied for 1 job application for lead role and I got hired thanks to experience. I suggest to practice first baka kasi sa interview palang mejo nalito si recruiter sayo. also make sure you align what you applied kasi mas malaki ang confidence level mo if you know to answer ano ibato ni recruiter sayo. they will see you if you lose your composure at confidence mo. I to experience rejections but in order to prevent that is I did some practice first and study first bago mag start ng interview(thanks to my wife who is an ESL teacher who teaches english to japanese students) and na Ace ko ang interview. wag down ng down, find ways how to improve first your interview by practicing, make it as a learning experience ung na failed ka and then looking forward to another interview. best of luck OP. I know may makita ka ng work one day. just have faith lang.",24-Jun,3,VISIBILITY,None,Yes,"""I applied 24 applications for web development and no one answers""","Highlights lack of responses despite multiple applications, indicating visibility issues."
phcareers,https://www.reddit.com/r/phcareers/comments/1d7wjm4/my_goal_was_to_have_a_new_job_by_june_this_june_i/,My goal was to have a new job by June. This June I faced my 100th rejection.,comment,"OP, if it is any consolation, I am also in the market right now. Hindi ako career shifter, and I have a few certifications already (TOGAF, COBIT, ITIL, PRINCE2, AWS, GCP, Azure). Pero gino-ghost pa rin ako ng recruiters and hiring managers. I attribute this to two things: incompetence ng recruiters (extremely few recruiters know what they need to look out for), and lack of empathy and professionalism.  
  
Not sure which industry you are trying to get in. Silipin mo lang yung mga pwede mong aralin on the side to upskill while waiting for opportunities. Pasasaan pa at mapupunta rin ang para sayo. Wishing you the best of luck!",24-Jun,3,GHOSTING,None,Yes,"""Pero gino-ghost pa rin ako ng recruiters and hiring managers.""","Shows ghosting despite strong qualifications, highlighting hiring process issues."
phcareers,https://www.reddit.com/r/phcareers/comments/1d7wjm4/my_goal_was_to_have_a_new_job_by_june_this_june_i/,My goal was to have a new job by June. This June I faced my 100th rejection.,comment,"I've been applying since Feb until now wala parin work. I've had some job interviews and some that I almost got the job but I didn't hear from them again.  
It's rough out there. I feel you,  
May we get the job we want soon. Kapit lang.",24-Jun,3,GHOSTING,None,Yes,"""I've had some job interviews and some that I almost got the job but I didn't hear from them again.""","Indicates ghosting after interviews, contributing to job search frustration."
phcareers,https://www.reddit.com/r/phcareers/comments/1d7wjm4/my_goal_was_to_have_a_new_job_by_june_this_june_i/,My goal was to have a new job by June. This June I faced my 100th rejection.,comment,I probably had 250+ job rejections/ghostings because I wouldn't accept anything less than 30k. Keep your head up and know your worth lang. Kesa naman mapunta ka sa work that pays peanuts.,24-Jun,3,GHOSTING,None,Yes,"""I probably had 250+ job rejections/ghostings""",Shows high volume of rejections and ghosting in job search.
