Provider Name,Graduates,Region,Province,Municipality,Municipality Code,lat,lon
"SAINT PETER ACADEMY OF ALEGRIA FOUNDATION, INC.",18,Region VII - Central Visayas,Cebu,Alegria,PH0702201,9.728589062,123.3402435
PESTALES AGRICULTURE COOPERATIVE INTEGRATED DIVERSIFIED FARM,35,Region VII - Central Visayas,Cebu,Argao,PH0702205,9.8813917,123.6085598
PESTALES AGRICULTURE COOPERATIVE INTEGRATED-DIVERSIFIED FARM,24,Region VII - Central Visayas,Cebu,Argao,PH0702205,9.8813917,123.6085598
TREETOPZ FARM ESCAPADE DIVERSIFIED FARM,132,Region VII - Central Visayas,Bohol,Alburquerque,PH0701201,9.6104193,123.956884
SEABREEZE TECHNICAL EDUCATION TRAINING AND ASSESSMENT CENTER INC.,45,Region VII - Central Visayas,Cebu,Argao,PH0702205,9.88333,123.53333
STECH TECHNICAL SKILLS TRAINING AND ASSESSMENT CENTER INC.,39,Region VII - Central Visayas,Cebu,Argao,PH0702205,9.884182,123.6047704
ASSEMBLE TRAINING AND ASSESSMENT CENTER INC.,50,Region VII - Central Visayas,Cebu,Asturias,PH0702206,10.5677403,123.7160037
"CEBU SOUTHWEST TECHNICAL COLLEGE, INC.",31,Region VII - Central Visayas,Cebu,Asturias,PH0702206,10.5677403,123.7160037
BALAMBAN COMMUNITY TRAINING CENTER,36,Region VII - Central Visayas,Cebu,Balamban,PH0702208,10.504892,123.7148228
BALAMBAN EXTENSIVE SKILLS AND TECHNOLOGY INC.,244,Region VII - Central Visayas,Cebu,Balamban,PH0702208,10.504892,123.7148228
CA-LIM TECH TRAINING & ASSESSMENT CENTER INC.,127,Region VII - Central Visayas,Bohol,Baclayon,PH0701205,9.622135,123.9130444
Provincial Training Center - (Bilar),299,Region VII - Central Visayas,Bohol,Bilar,PH0701208,9.7026491,124.1032814
BEST INC. INTEGRATED-DIVERSIFIED FARM,136,Region VII - Central Visayas,Cebu,Balamban,PH0702208,10.52635,123.72707
"DON BOSCO TECHNICAL VOCATIONAL EDUCATION AND TRAINING CENTER-BALAMBAN, INC.",93,Region VII - Central Visayas,Cebu,Balamban,PH0702208,10.5039,123.7156
"UNIVERSITY OF SAN JOSE - RECOLETOS, INC.",85,Region VII - Central Visayas,Cebu,Balamban,PH0702208,10.504892,123.7148228
ARMSON POLYTECHNIC INSTITUTE INC. INTEGRATED-DIVERSIFIED FARM,15,Region VII - Central Visayas,Cebu,Barili,PH0702210,10.10383,123.5426
"LYCEUM OF CEBU, INC.",60,Region VII - Central Visayas,Cebu,Barili,PH0702210,10.10955315,123.5046898
Provincial Training Center - Cebu (Carmen),334,Region VII - Central Visayas,Cebu,Carmen,PH0702215,10.60856,123.968361
"SCHOOL OF KNOWLEDGE FOR INDUSTRIAL LABOR, LEADERSHIP AND SERVICE, INC. (SKILLS)",60,Region VII - Central Visayas,Bohol,Buenavista,PH0701209,10.08388061,124.1124101
3A PRIME HOSPITALITY TRAINING AND ASSESSMENT CENTER INC.,2009,Region VII - Central Visayas,Cebu,Cebu City (Capital),PH0702217,10.296323,123.898304
"AC-DC TRAINING AND ASSESSMENT CENTER, INC.",69,Region VII - Central Visayas,Cebu,Cebu City (Capital),PH0702217,14.605733,120.987378
ALU-TUCP WORKERS TRAINING CENTER FOUNDATION INC.,24,Region VII - Central Visayas,Cebu,Cebu City (Capital),PH0702217,10.31672,123.89071
"BIT INTERNATIONAL COLLEGE - CARMEN, INC. INTEGRATED DIVERSIFIED ORGANIC FARM",55,Region VII - Central Visayas,Bohol,Carmen,PH0701212,10.31802531,123.8990059
"CLARTECH SKILLS TRAINING AND ASSESSMENT CENTER CLARIN, INC.",67,Region VII - Central Visayas,Bohol,Clarin,PH0701214,9.9626104,124.0244228
RAINBOW'S END ARTS AND CRAFTS TRAINING AND ASSESSMENT CENTER INC.,18,Region VII - Central Visayas,Bohol,Clarin,PH0701214,9.95311925,124.0090612
"BOHOL INTERNATIONAL LEARNING COLLEGE, INC.",63,Region VII - Central Visayas,Bohol,Cortes,PH0701216,9.7224822,123.8791768
AMERICAN INTERNATIONAL CULINARY & HOSPITALITY INSTITUTE,102,Region VII - Central Visayas,Cebu,Cebu City (Capital),PH0702217,10.300957,123.899434
AMLO BROS. TRAINING AND EDUCATION CORP.,223,Region VII - Central Visayas,Cebu,Cebu City (Capital),PH0702217,10.297178,123.908568
CDS CAPT. DAN SALAS TRAINING CENTER INC.,18,Region VII - Central Visayas,Bohol,Dauis,PH0701219,9.6252513,123.8651747
EGAY'S FARM INTEGRATED ORGANIC FARM,43,Region VII - Central Visayas,Bohol,Dauis,PH0701219,9.6206685,123.8053729
"ASIAN College of Technology International Educational Foundation, Inc.",6,Region VII - Central Visayas,Cebu,Cebu City (Capital),PH0702217,10.300957,123.899434
JQL ORGANIC FARM INTEGRATED-DIVERSIFIED FARM,15,Region VII - Central Visayas,Bohol,Dimiao,PH0701220,9.6058011,124.162556
"B.I.G. DEV'T. TRAINING & ASSESSMENT CENTER, INC.",175,Region VII - Central Visayas,Cebu,Cebu City (Capital),PH0702217,10.295115,123.863604
"BMC TRAINING CENTER FOR WELDING & FABRICATION, INC.",7,Region VII - Central Visayas,Cebu,Cebu City (Capital),PH0702217,10.31672,123.89071
"BRITECH COLLEGE, INC.",661,Region VII - Central Visayas,Cebu,Cebu City (Capital),PH0702217,10.31672,123.89071
CEBU CALL CENTER ACADEMY,3690,Region VII - Central Visayas,Cebu,Cebu City (Capital),PH0702217,10.31672,123.89071
CEBU MARY IMMACULATE COLLEGE,29,Region VII - Central Visayas,Cebu,Cebu City (Capital),PH0702217,10.31672,123.89071
CEBU TECHNICAL VOCATIONAL TRAINING AND ASSESSMENT ACADEMY INC.,103,Region VII - Central Visayas,Cebu,Cebu City (Capital),PH0702217,10.287065,123.862124
EASTERN HEIGHTS SCHOOL OF EXCELLENCE INC.,45,Region VII - Central Visayas,Bohol,Duero,PH0701221,9.7084523,124.406042
"CENTER FOR HEALTHCARE PROFESSIONS CEBU, INC.",339,Region VII - Central Visayas,Cebu,Cebu City (Capital),PH0702217,10.31672,123.89071
BOW AND ARROW INSTITUTE OF TECHNOLOGY INC.,140,Region VII - Central Visayas,Bohol,Garcia Hernandez,PH0701222,9.614606,124.294462
"JOANNE SCHOOL OF TECHNOLOGY, INC.",79,Region VII - Central Visayas,Bohol,Garcia Hernandez,PH0701222,9.6654951,124.2922783
COLLEGE OF TECHNOLOGICAL SCIENCES-CEBU (CTS-C),51,Region VII - Central Visayas,Cebu,Cebu City (Capital),PH0702217,10.31672,123.89071
"DON BOSCO TECHNICAL COLLEGE-CEBU, INC.",9,Region VII - Central Visayas,Cebu,Cebu City (Capital),PH0702217,10.31365244,123.8941554
"DON BOSCO TECHNICAL VOCATIONAL EDUCATION AND TRAINING CENTER-PASIL, INC.",57,Region VII - Central Visayas,Cebu,Cebu City (Capital),PH0702217,9.4252005,123.3507861
EP TRAINING CENTER INC.,23,Region VII - Central Visayas,Cebu,Cebu City (Capital),PH0702217,10.31731391,123.8922104
Provincial Training Center - (Inabanga),380,Region VII - Central Visayas,Bohol,Inabanga,PH0701224,10.0319052,124.0661494
"ESLFLEX.COM, INC.",0,Region VII - Central Visayas,Cebu,Cebu City (Capital),PH0702217,10.3261748,123.9774365
"FIL-CANADIAN TRAINING AND DEVELOPMENT CENTER FOR CAREGIVERS, INCORPORATED",213,Region VII - Central Visayas,Cebu,Cebu City (Capital),PH0702217,10.31273811,123.8910816
GENTLE FAMILY HOME TRAINING CENTER INC.,87,Region VII - Central Visayas,Cebu,Cebu City (Capital),PH0702217,10.339785,123.91166
GOLDEN RESOURCE ACADEMY FOR CAREER ENHANCEMENT INC.,42,Region VII - Central Visayas,Cebu,Cebu City (Capital),PH0702217,10.324131,123.90625
"INTERNATIONAL CULINARY ARTS ACADEMY CEBU, INC.",18,Region VII - Central Visayas,Cebu,Cebu City (Capital),PH0702217,10.296323,123.898304
INTERNATIONAL SCHOOL FOR CULINARY ARTS AND HOTEL MANAGEMENT CEBU INC.,154,Region VII - Central Visayas,Cebu,Cebu City (Capital),PH0702217,10.320859,123.921569
"INTERNATIONAL SKILLS REPUBLIC ACADEMY, INC.",63,Region VII - Central Visayas,Cebu,Cebu City (Capital),PH0702217,10.312599,123.891006
Provincial Training Center - (Jagna),360,Region VII - Central Visayas,Bohol,Jagna,PH0701225,9.6501914,124.3661633
"TAUG TECHNICAL INSTITUTE AND ASSESSMENT CENTER, INC.",18,Region VII - Central Visayas,Bohol,Lila,PH0701227,9.5914176,124.0722548
KLN SKILLS & MANAGEMENT TRAINING AND ASSESSMENT CENTER INC.,564,Region VII - Central Visayas,Cebu,Cebu City (Capital),PH0702217,10.295488,123.901955
MADRIDEJOS COMMUNITY COLLEGE,45,Region VII - Central Visayas,Cebu,Cebu City (Capital),PH0702217,11.2643,123.7177
MAGSAYSAY CENTER FOR HOSPITALITY & CULINARY ARTS INC.,230,Region VII - Central Visayas,Cebu,Cebu City (Capital),PH0702217,10.3052958,123.8976266
"METRO DUMAGUETE COLLEGE, INC.",0,Region VII - Central Visayas,Cebu,Cebu City (Capital),PH0702217,10.31672,123.89071
"MGB SKILLS DEVELOPMENT AND ASSESSMENT CENTER, INC.",1503,Region VII - Central Visayas,Cebu,Cebu City (Capital),PH0702217,10.342131,123.889215
MINDWORLD SKILLS DEVELOPMENT AND TRAINING CORPORATION DOING BUSINESS UNDER MINDWORLD,30,Region VII - Central Visayas,Cebu,Cebu City (Capital),PH0702217,10.31672,123.89071
LOBOC LEARNING CENTER FOR EXCELLENCE,55,Region VII - Central Visayas,Bohol,Loboc,PH0701229,9.64489,124.02819
N BLESSING FARM INTEGRATED-DIVERSIFIED FARM,32,Region VII - Central Visayas,Cebu,Cebu City (Capital),PH0702217,10.296323,123.898304
PRIMORDIAL TRAINING CENTER INC.,27,Region VII - Central Visayas,Cebu,Cebu City (Capital),PH0702217,10.31116849,123.9163164
LOON MANPOWER DEVELOPMENT CENTER,97,Region VII - Central Visayas,Bohol,Loon,PH0701230,9.7965175,123.7901057
R & K WATANABE SKILLS TRAINING INSTITUTE INC.,755,Region VII - Central Visayas,Cebu,Cebu City (Capital),PH0702217,10.29461937,123.8847881
CLOA TECHNICAL INSTITUTE AND ASSESSMENT CENTER INC.,15,Region VII - Central Visayas,Bohol,Panglao,PH0701233,9.587635966,123.757704
Regional Training Center - VII (Cebu),902,Region VII - Central Visayas,Cebu,Cebu City (Capital),PH0702217,10.324131,123.90625
"SCHOOL OF KNOWLEDGE FOR INDUSTRIAL LABOR, LEADERSHIP AND SERVICE, INC.",251,Region VII - Central Visayas,Cebu,Cebu City (Capital),PH0702217,10.31672,123.89071
SICES INSTITUTE OF HEALTHCARE AND VOCATIONAL STUDIES INC.,133,Region VII - Central Visayas,Cebu,Cebu City (Capital),PH0702217,10.3113549,123.89235
"ST. PAUL COLLEGE FOUNDATION, INC.",76,Region VII - Central Visayas,Cebu,Cebu City (Capital),PH0702217,10.296323,123.898304
THE FOUNDATION FOR PROFESSIONAL TRAINING INC. DOING BUSINESS UNDER THE NAME AND STYLE OF ANIHAN TECH,594,Region VII - Central Visayas,Cebu,Cebu City (Capital),PH0702217,10.31672,123.89071
UNIVERSITY OF CEBU (UC) - MAMBALING CAMPUS,24,Region VII - Central Visayas,Cebu,Cebu City (Capital),PH0702217,10.296323,123.898304
"UNIVERSITY OF CEBU (UC)-BANILAD, INC.",51,Region VII - Central Visayas,Cebu,Cebu City (Capital),PH0702217,10.338639,123.911835
Provincial Training Center - (Pilar),414,Region VII - Central Visayas,Bohol,Pilar,PH0701234,9.836587,124.3336883
ADVANCE SCHOOL FOR INTERNATIONAL HOSPITALITY SERVICES INC.,55,Region VII - Central Visayas,Bohol,Tagbilaran City,PH0701242,9.65556,123.85219
"ASIAN DIVINE LIGHT COLLEGE, INC.",94,Region VII - Central Visayas,Bohol,Tagbilaran City,PH0701242,9.65556,123.85219
"UNIVERSITY OF CEBU AT PARDO AND TALISAY, INC.",0,Region VII - Central Visayas,Cebu,Cebu City (Capital),PH0702217,10.297309,123.8895265
"UNIVERSITY OF CEBU, INC.",26,Region VII - Central Visayas,Cebu,Cebu City (Capital),PH0702217,10.31672,123.89071
"UNIVERSITY OF SOUTHERN PHILIPPINES FOUNDATION, INC.",94,Region VII - Central Visayas,Cebu,Cebu City (Capital),PH0702217,10.31672,123.89071
"UNIVERSITY OF THE VISAYAS, INC.",54,Region VII - Central Visayas,Cebu,Cebu City (Capital),PH0702217,10.31672,123.89071
BOGO LIVELIHOOD AND TECHNICAL SKILLS TRAINING AND COMPETENCY ASSESSMENT CENTER (BOGO LITES),47,Region VII - Central Visayas,Cebu,City of Bogo,PH0702211,11.02886,123.99838
BOGO LIVELIHOOD AND TECHNICAL SKILLS TRAINING CENTER,118,Region VII - Central Visayas,Cebu,City of Bogo,PH0702211,11.01029251,123.9889801
"ASIAN DIVINE LIGHT, COLLEGE INC.",38,Region VII - Central Visayas,Bohol,Tagbilaran City,PH0701242,9.65556,123.85219
"BOHOL TECH VOC, INC.",62,Region VII - Central Visayas,Bohol,Tagbilaran City,PH0701242,9.65879415,123.872419
KM100 SKILLS AND TRAINING CENTER INC.,1730,Region VII - Central Visayas,Cebu,City of Bogo,PH0702211,11.04885905,123.9914284
ST. LOUISE DE MARILLAC COLLEGE OF BOGO,40,Region VII - Central Visayas,Cebu,City of Bogo,PH0702211,11.00993395,123.9913031
STO. NINO SKILLS DEVELOPMENT AND ASSESSMENT CENTER INC.,1468,Region VII - Central Visayas,Cebu,City of Bogo,PH0702211,11.0263012,124.00451
CARCAR COMMUNITY SKILLS TRAINING & ASSESSMENT CENTER,63,Region VII - Central Visayas,Cebu,City of Carcar,PH0702214,10.1052758,123.63706
"PROFESSIONAL ACADEMY OF THE PHILIPPINES, INC.",24,Region VII - Central Visayas,Cebu,City of Naga,PH0702234,10.20444885,123.7551394
TECHNICAL TRAINING CENTER OF SOUTH CEBU INC.,869,Region VII - Central Visayas,Cebu,City of Naga,PH0702234,10.25,123.71667
"ABQ INTERNATIONAL HEALTH CAREGIVER PROGRAM & CONSULTANCY, INC.",129,Region VII - Central Visayas,Cebu,City of Talisay,PH0702250,10.019219,123.61932
BUGLAS INSTITUTE OF BUTCHERING AND SLAUGHTERING CORPORATION,74,Region VII - Central Visayas,Cebu,City of Talisay,PH0702250,10.25011065,123.8369851
P5 ASSESSMENT AND TRAINING CENTER INC.,25,Region VII - Central Visayas,Cebu,City of Talisay,PH0702250,10.2595518,123.82972
"SISTERS OF MARY TECHNICAL EDUCATION INSTITUTE CEBU, INC.",547,Region VII - Central Visayas,Cebu,City of Talisay,PH0702250,11.294122,123.727963
TALISAY CITY LIVELIHOOD TRAINING AND ASSESSMENT CENTER,436,Region VII - Central Visayas,Cebu,City of Talisay,PH0702250,11.2434,124.0619
TALISAY LIVELIHOOD TRAINING CENTER,106,Region VII - Central Visayas,Cebu,City of Talisay,PH0702250,10.2672666,123.83241
"TMJ TECHNOLOGY SKILLS TRAINING INSTITUTE AND ASSESSMENT CENTER, INC",1235,Region VII - Central Visayas,Cebu,City of Talisay,PH0702250,10.3,123.81667
UHA CAREGIVER TRAINING ZANI VIV CORPORATION,301,Region VII - Central Visayas,Cebu,City of Talisay,PH0702250,10.3,123.81667
"CAN-CARE TECHNICAL VOCATIONAL EDUCATION TRAINING ASSESSMENTAND REVIEW CENTER INSTITUTE, INC.",100,Region VII - Central Visayas,Bohol,Tagbilaran City,PH0701242,9.65556,123.85219
"ST. JAMES ACADEMY OF SKILLS TECHNOLOGY, INC.",622,Region VII - Central Visayas,Cebu,Compostela,PH0702218,10.4519685,124.0109687
CLEVERCARE TRAINING CENTER INC.,0,Region VII - Central Visayas,Cebu,Consolacion,PH0702219,10.37098085,123.9687133
CORTES TECHNOLOGICAL INSTITUTE INCORPORATED,28,Region VII - Central Visayas,Cebu,Consolacion,PH0702219,10.35601147,123.985434
ST. RAPHAEL DRIVING AND TECHNICAL SCHOOL INC.,46,Region VII - Central Visayas,Cebu,Consolacion,PH0702219,10.3814778,123.96328
"CMC INSTITUTE OF BUSINESS MANAGEMENT, SKILLS TRAINING AND ASSESSMENT CENTER, INC.",397,Region VII - Central Visayas,Bohol,Tagbilaran City,PH0701242,9.65556,123.85219
Provincial Training Center - Cebu (Daanbantayan),340,Region VII - Central Visayas,Cebu,Daanbantayan,PH0702221,11.2503512,123.999128
DALAGUETE SKILLS TRAINING AND RESOURCE (STAR) CENTER,171,Region VII - Central Visayas,Cebu,Dalaguete,PH0702222,9.75163165,123.5239029
CNL GLOBAL ACCESS CORP.,55,Region VII - Central Visayas,Cebu,Danao City,PH0702223,10.50882639,124.0271994
"COLEGIO DE SAN ANTONIO DE PADUA, INC.",27,Region VII - Central Visayas,Cebu,Danao City,PH0702223,10.52083,124.02722
DEIP SKILLS DEVELOPMENT CORP.,24,Region VII - Central Visayas,Cebu,Danao City,PH0702223,10.5220856,124.02647
"CRISPA TECHNICAL TRAINING CENTER, INC.",20,Region VII - Central Visayas,Bohol,Tagbilaran City,PH0701242,9.65556,123.85219
"FIL-CANADIAN TRAINING & DEV'T. CENTER FOR CAREGIVERS, INC.",93,Region VII - Central Visayas,Bohol,Tagbilaran City,PH0701242,10.3261748,123.8566661
GENTLEFAMILY HOMETRAINING CENTER INC.,68,Region VII - Central Visayas,Bohol,Tagbilaran City,PH0701242,9.65556,123.85219
GLOBAL VOYAGE ASSESSMENT AND LEARNING CENTER INC.,24,Region VII - Central Visayas,Bohol,Tagbilaran City,PH0701242,9.65556,123.85219
IYAAH ECO FARM INTEGRATED-DIVERSIFIED FARM,85,Region VII - Central Visayas,Bohol,Tagbilaran City,PH0701242,9.675053524,123.8796608
LA PURISIMA CONCEPCION SKILLS TRAINING AND ASSESSMENT CENTER INC.,1231,Region VII - Central Visayas,Cebu,Danao City,PH0702223,10.5201964,124.0306462
PRIMETECH SKILLS INSTITUTE INC.,176,Region VII - Central Visayas,Cebu,Danao City,PH0702223,10.525295,123.999828
"PRIMETECH SKILLS, INSTITUTE, INC.",330,Region VII - Central Visayas,Cebu,Danao City,PH0702223,10.54006,123.94034
"ROSEMONT HILLS MONTESSORI COLLEGE, INC.",0,Region VII - Central Visayas,Cebu,Danao City,PH0702223,10.54006,123.94034
ST. EUFEMIA SKILLS ACADEMY INC.,65,Region VII - Central Visayas,Cebu,Dumanjug,PH0702224,10.0584038,123.4351815
ELE TECHNICAL TRAINING & ASSESSMENT CENTER CORP.,510,Region VII - Central Visayas,Cebu,Lapu-Lapu City (Opon),PH0702226,10.26889,123.98878
PHILIPPINE CALL CENTER INSTITUTE INC.,533,Region VII - Central Visayas,Bohol,Tagbilaran City,PH0701242,9.65556,123.85219
EXCELUP TRAINING AND ASSESSMENT CENTER INCORPORATED,164,Region VII - Central Visayas,Cebu,Lapu-Lapu City (Opon),PH0702226,10.35815,123.87085
HANAS TRAINING AND ASSESSMENT CENTER INCORPORATED,20,Region VII - Central Visayas,Cebu,Lapu-Lapu City (Opon),PH0702226,10.2953568,123.9988575
"MARIBAGO SKILLS DEVELOPMENT TRAINING AND ASSESSMENT CENTER, INC.",638,Region VII - Central Visayas,Cebu,Lapu-Lapu City (Opon),PH0702226,10.286368,123.992334
OPPORTUNITIES TODAY TRAINING AND ASSESSMENT CENTER INC.,0,Region VII - Central Visayas,Cebu,Lapu-Lapu City (Opon),PH0702226,10.2979285,123.9951387
SAINT HOMOBONUS ACADEMY INC.,126,Region VII - Central Visayas,Cebu,Lapu-Lapu City (Opon),PH0702226,10.31028,123.94944
SBR TECHNICAL EDUCATION TRAINING CENTER INC.,70,Region VII - Central Visayas,Bohol,Tagbilaran City,PH0701242,9.65556,123.85219
"CEBU SCIENCE OF WELDING AND SKILLS TECHNOLOGY, INC.",75,Region VII - Central Visayas,Cebu,Liloan,PH0702227,9.42353,123.31119
"ST. MARTHA SKILLS TRAINING AND ASSESSMENT CENTER, INC.",169,Region VII - Central Visayas,Bohol,Tagbilaran City,PH0701242,9.657661,123.86797
"DIVINE LIFE INSTITUTE OF CEBU, INC.",28,Region VII - Central Visayas,Cebu,Liloan,PH0702227,10.42156,123.97167
DON BOSCO BOY'S HOME INC.,98,Region VII - Central Visayas,Cebu,Liloan,PH0702227,10.4334896,123.9980669
"INDUSTRIAL EDUCATION LEARNING CENTER AND TECHNOLOGIES, INC.",1247,Region VII - Central Visayas,Cebu,Liloan,PH0702227,10.42156,123.97167
"KLN SKILLS & MANAGEMENT TRAINING AND ASSESSMENT CENTER, INC.",285,Region VII - Central Visayas,Cebu,Liloan,PH0702227,10.3888003,124.00244
"SKILLSBUILD TRAINING AND ASSESSMENT CENTER, CORP.",27,Region VII - Central Visayas,Cebu,Liloan,PH0702227,10.27057762,123.9776991
ZEO AND ZOE TRAINING AND ASSESSMENT CENTER INC.,24,Region VII - Central Visayas,Cebu,Liloan,PH0702227,10.42156,123.97167
SALAZAR COLLEGES OF SCIENCE & INSTITUTE OF TECHNOLOGY (MADRIDEJOS),25,Region VII - Central Visayas,Cebu,Madridejos,PH0702228,11.2935374,123.732666
ARMSON POLYTECHNIC INSTITUTE INC.,23,Region VII - Central Visayas,Cebu,Mandaue City,PH0702230,10.32361,123.92222
"NORTH COAST BOHOL INSTITUTE, INC.",61,Region VII - Central Visayas,Bohol,Talibon,PH0701243,10.1508006,124.3269236
"BENEDICTO COLLEGE, INC.",207,Region VII - Central Visayas,Cebu,Mandaue City,PH0702230,10.32361,123.92222
TRINIDAD MUNICIPAL COLLEGE,23,Region VII - Central Visayas,Bohol,Trinidad,PH0701244,10.0792217,124.3430533
EMERGENCY RESCUE UNIT FOUNDATION PHIL INC..,22,Region VII - Central Visayas,Cebu,Mandaue City,PH0702230,10.32907866,123.9090368
GLOBAL POWER SKILLS DEVELOPMENT CENTER INC.,264,Region VII - Central Visayas,Cebu,Mandaue City,PH0702230,10.343452,123.9145668
"INTELLISENSE INSTITUTE OF TECHNOLOGY, INC.",30,Region VII - Central Visayas,Cebu,Mandaue City,PH0702230,10.32361,123.92222
MANDAUE CITY COLLEGE TECHNOLOGICAL AND ENTREPRENEURIAL SKILLS TRAINING (MCCTEST) CENTER,20,Region VII - Central Visayas,Cebu,Mandaue City,PH0702230,10.32361,123.92222
MANDAUE INSTITUTE OF DEVELOPING SKILLS INC.,72,Region VII - Central Visayas,Cebu,Mandaue City,PH0702230,10.334988,123.9344397
"METROLOGYX TRAINING & ASSESSMENT CENTER, INC.",91,Region VII - Central Visayas,Cebu,Mandaue City,PH0702230,14.605733,120.987378
MICS CULINARY TRAINING SERVICES INCORPORATED,48,Region VII - Central Visayas,Cebu,Mandaue City,PH0702230,10.32361,123.92222
Provincial Training Center - (Tubigon),319,Region VII - Central Visayas,Bohol,Tubigon,PH0701245,9.9438749,123.9606781
PHILIPPINE WELDING RESEARCH AND DEVELOPMENT SOCIETY TRAINING AND TESTING CENTER INC.,76,Region VII - Central Visayas,Cebu,Mandaue City,PH0702230,10.3249149,123.9440109
UNIVERSITY OF CEBU (UC) - LAPULAPU & MANDAUE,31,Region VII - Central Visayas,Cebu,Mandaue City,PH0702230,10.32361,123.92222
LIFE SKILLS ACADEMY AND ASSESSMENT CENTER INC.,89,Region VII - Central Visayas,Cebu,Minglanilla,PH0702232,10.23884165,123.792047
"ST. PEDRO CALUNGSOD COLLEGE, INC.",19,Region VII - Central Visayas,Bohol,Tubigon,PH0701245,9.95,123.98333
"BOHOL NORTHERN STAR COLLEGE, INC.",141,Region VII - Central Visayas,Bohol,Ubay,PH0701246,10.0587658,124.472137
METROLOGYX TRAINING AND ASSESSMENT CENTER INC. DOING BUSINESS UNDER THE NAME/S AND STYLE/S OF METROL,0,Region VII - Central Visayas,Cebu,Minglanilla,PH0702232,10.2497707,123.7999868
Provincial Training Center - Cebu (Minglanilla),305,Region VII - Central Visayas,Cebu,Minglanilla,PH0702232,10.2497707,123.7999868
"ST. CECILIA'S COLLEGE - CEBU, INC.",31,Region VII - Central Visayas,Cebu,Minglanilla,PH0702232,10.2497707,123.7999868
LAMAC MULTIPURPOSE INTEGRATED FARM SCHOOL INTEGRATED ORGANIC FARM,39,Region VII - Central Visayas,Cebu,Pinamungahan,PH0702237,10.26667,123.58333
Provincial Training Center - Cebu (Samboan),502,Region VII - Central Visayas,Cebu,Samboan,PH0702240,9.5304848,123.3064145
VISAYAN INSTITUTE OF TECHNOLOGY AGRIBUSINESS AND LIVELIHOOD SKILLS INC.,764,Region VII - Central Visayas,Cebu,Samboan,PH0702240,9.5289902,123.3071174
"ST. PEREGRINE INSTITUTE, INC.",302,Region VII - Central Visayas,Cebu,San Fernando,PH0702241,10.169158,123.7131
TABOGON TECHNICAL SKILLS DEVELOPMENT CENTER,40,Region VII - Central Visayas,Cebu,Tabogon,PH0702248,10.92,124.0279
NED EXPERTISE TRAINING AND ASSESSMENT CENTER CORP.,122,Region VII - Central Visayas,Cebu,Toledo City,PH0702251,10.381155,123.643227
Provincial Training Center - Cebu (Toledo),341,Region VII - Central Visayas,Cebu,Toledo City,PH0702251,10.38333,123.66667
FCCT-INTEGRATED ORGANIC DEMO FARM INTEGRATED-DIVERSIFIED FARM FIRST CONSOLIDATED COOPERATIVE ALONG TAÑON SEABOARDS (FCCT) TUBURAN COOPERATIVE,19,Region VII - Central Visayas,Cebu,Tuburan,PH0702252,10.7285353,123.8254215