,Target Beneficiaries by Year and Training Modality,,,,,,,,,,,,,,,,,,,,,,,,,,,,,,,,,,,,,,
"Importing 1
(Identifier from Pooling)
[Region|Province|Sector|Sub|Job|Program|Type|Rank]",Region,Province,Sector,Sub-sector,Job Requirement,Programs,"Program
Type","Priority
Ranking
(Province)",,Total No. of Target Beneficiaries		,Year 2,,,,,,,,,,,,,Total No. of Target Beneficiaries		,Year 3,,,,,,,,,,,,,"Exporting 2.1
(Identifier for Consolidation)
[Region|Sector|Sub|Job|Program|Type|Rank]","Exporting 2.2
(Identifier for Consolidation)
[Region|Province|Sector|Sub|Job|Program|Type|Rank]"
,,,,,,,,,,,Institution Based,,,,Enterprise Based,,,,Community Based,,,,,,Institution Based,,,,Enterprise Based,,,,Community Based,,,,,,
,,,,,,,,,,,E,G,A,C,E,G,A,C,E,G,A,C,,,E,G,A,C,E,G,A,C,E,G,A,C,,,
,Region,Province,Sector,Subsector,Job Requirement,Programs,Type of Programs,Priority Ranking,,"Total: 75,303","50,685","45,650","33,744","31,384","16,765","15,096","7,735","7,189","7,853","7,057","4,994","4,646",,"Total: 43,872","17,097","15,403","11,287","10,550","9,697","8,719","4,788","4,478","17,078","15,375","11,181","10,432",,,
REGION_VII|BOHOL|AGRICULTURE FORESTRY AND FISHERY|AGRICULTURE FORESTRY AND FISHERY|SMART FARMING EQUIPMENT OPERATOR|AGRICULTURAL DRONE OPERATION LEVEL II|WITH TR|HIGH,REGION_VII,BOHOL,AGRICULTURE FORESTRY AND FISHERY,AGRICULTURE FORESTRY AND FISHERY,SMART FARMING EQUIPMENT OPERATOR,AGRICULTURAL DRONE OPERATION LEVEL II,WITH TR,HIGH,,358,0,0,0,0,358,322,258,240,0,0,0,0,,179,0,0,0,0,179,161,129,121,0,0,0,0,,REGION_VII|AGRICULTURE FORESTRY AND FISHERY|AGRICULTURE FORESTRY AND FISHERY|SMART FARMING EQUIPMENT OPERATOR|AGRICULTURAL DRONE OPERATION LEVEL II|WITH TR|HIGH,REGION_VII|BOHOL|AGRICULTURE FORESTRY AND FISHERY|AGRICULTURE FORESTRY AND FISHERY|SMART FARMING EQUIPMENT OPERATOR|AGRICULTURAL DRONE OPERATION LEVEL II|WITH TR|HIGH
REGION_VII|BOHOL|AGRICULTURE FORESTRY AND FISHERY|AGRICULTURE|REPAIR OF FARM MECHANICAL EQUIPMENT|NONE|NEW AND EMERGING|HIGH,REGION_VII,BOHOL,AGRICULTURE FORESTRY AND FISHERY,AGRICULTURE,REPAIR OF FARM MECHANICAL EQUIPMENT,NONE,NEW AND EMERGING,HIGH,,853,0,0,0,0,853,768,0,0,0,0,0,0,,426,0,0,0,0,426,383,0,0,0,0,0,0,,REGION_VII|AGRICULTURE FORESTRY AND FISHERY|AGRICULTURE|REPAIR OF FARM MECHANICAL EQUIPMENT|NONE|NEW AND EMERGING|HIGH,REGION_VII|BOHOL|AGRICULTURE FORESTRY AND FISHERY|AGRICULTURE|REPAIR OF FARM MECHANICAL EQUIPMENT|NONE|NEW AND EMERGING|HIGH
REGION_VII|BOHOL|AGRICULTURE FORESTRY AND FISHERY|ANIMAL HUSBANDRY AND LIVESTOCK PRODUCTION|CHICKEN LAYER GROWER|ANIMAL PRODUCTION (POULTRY-CHICKEN) NC II|WITH TR|HIGH,REGION_VII,BOHOL,AGRICULTURE FORESTRY AND FISHERY,ANIMAL HUSBANDRY AND LIVESTOCK PRODUCTION,CHICKEN LAYER GROWER,ANIMAL PRODUCTION (POULTRY-CHICKEN) NC II,WITH TR,HIGH,,853,0,0,0,0,853,768,615,572,0,0,0,0,,426,0,0,0,0,426,383,307,287,0,0,0,0,,REGION_VII|AGRICULTURE FORESTRY AND FISHERY|ANIMAL HUSBANDRY AND LIVESTOCK PRODUCTION|CHICKEN LAYER GROWER|ANIMAL PRODUCTION (POULTRY-CHICKEN) NC II|WITH TR|HIGH,REGION_VII|BOHOL|AGRICULTURE FORESTRY AND FISHERY|ANIMAL HUSBANDRY AND LIVESTOCK PRODUCTION|CHICKEN LAYER GROWER|ANIMAL PRODUCTION (POULTRY-CHICKEN) NC II|WITH TR|HIGH
REGION_VII|BOHOL|AGRICULTURE FORESTRY AND FISHERY|ANIMAL HUSBANDRY AND LIVESTOCK PRODUCTION|EGG PRODUCER|ANIMAL PRODUCTION (POULTRY-CHICKEN) NC II|WITH TR|HIGH,REGION_VII,BOHOL,AGRICULTURE FORESTRY AND FISHERY,ANIMAL HUSBANDRY AND LIVESTOCK PRODUCTION,EGG PRODUCER,ANIMAL PRODUCTION (POULTRY-CHICKEN) NC II,WITH TR,HIGH,,853,0,0,0,0,853,768,615,572,0,0,0,0,,426,0,0,0,0,426,383,307,287,0,0,0,0,,REGION_VII|AGRICULTURE FORESTRY AND FISHERY|ANIMAL HUSBANDRY AND LIVESTOCK PRODUCTION|EGG PRODUCER|ANIMAL PRODUCTION (POULTRY-CHICKEN) NC II|WITH TR|HIGH,REGION_VII|BOHOL|AGRICULTURE FORESTRY AND FISHERY|ANIMAL HUSBANDRY AND LIVESTOCK PRODUCTION|EGG PRODUCER|ANIMAL PRODUCTION (POULTRY-CHICKEN) NC II|WITH TR|HIGH
REGION_VII|BOHOL|AGRICULTURE FORESTRY AND FISHERY|ANIMAL HUSBANDRY AND LIVESTOCK PRODUCTION|RUMINANTS GROWER AND PRODUCER|ANIMAL PRODUCTION (RUMINANTS) NC II|WITH TR|HIGH,REGION_VII,BOHOL,AGRICULTURE FORESTRY AND FISHERY,ANIMAL HUSBANDRY AND LIVESTOCK PRODUCTION,RUMINANTS GROWER AND PRODUCER,ANIMAL PRODUCTION (RUMINANTS) NC II,WITH TR,HIGH,,853,0,0,0,0,853,768,615,572,0,0,0,0,,426,0,0,0,0,426,383,307,287,0,0,0,0,,REGION_VII|AGRICULTURE FORESTRY AND FISHERY|ANIMAL HUSBANDRY AND LIVESTOCK PRODUCTION|RUMINANTS GROWER AND PRODUCER|ANIMAL PRODUCTION (RUMINANTS) NC II|WITH TR|HIGH,REGION_VII|BOHOL|AGRICULTURE FORESTRY AND FISHERY|ANIMAL HUSBANDRY AND LIVESTOCK PRODUCTION|RUMINANTS GROWER AND PRODUCER|ANIMAL PRODUCTION (RUMINANTS) NC II|WITH TR|HIGH
REGION_VII|BOHOL|AGRICULTURE FORESTRY AND FISHERY|CROP PRODUCTION|AGRI CROPS PRODUCER|AGRICULTURAL CROPS PRODUCTION NC II|WITH TR|HIGH,REGION_VII,BOHOL,AGRICULTURE FORESTRY AND FISHERY,CROP PRODUCTION,AGRI CROPS PRODUCER,AGRICULTURAL CROPS PRODUCTION NC II,WITH TR,HIGH,,853,0,0,0,0,853,768,615,572,0,0,0,0,,426,0,0,0,0,300,271,218,203,126,113,90,84,,REGION_VII|AGRICULTURE FORESTRY AND FISHERY|CROP PRODUCTION|AGRI CROPS PRODUCER|AGRICULTURAL CROPS PRODUCTION NC II|WITH TR|HIGH,REGION_VII|BOHOL|AGRICULTURE FORESTRY AND FISHERY|CROP PRODUCTION|AGRI CROPS PRODUCER|AGRICULTURAL CROPS PRODUCTION NC II|WITH TR|HIGH
REGION_VII|BOHOL|AGRICULTURE FORESTRY AND FISHERY|CROP PRODUCTION|FARM MACHINERIES OPERATIONS|AGRICULTURAL MACHINERY OPERATION NC II|WITH TR|HIGH,REGION_VII,BOHOL,AGRICULTURE FORESTRY AND FISHERY,CROP PRODUCTION,FARM MACHINERIES OPERATIONS,AGRICULTURAL MACHINERY OPERATION NC II,WITH TR,HIGH,,853,0,0,0,0,853,768,615,572,0,0,0,0,,426,0,0,0,0,426,383,307,287,0,0,0,0,,REGION_VII|AGRICULTURE FORESTRY AND FISHERY|CROP PRODUCTION|FARM MACHINERIES OPERATIONS|AGRICULTURAL MACHINERY OPERATION NC II|WITH TR|HIGH,REGION_VII|BOHOL|AGRICULTURE FORESTRY AND FISHERY|CROP PRODUCTION|FARM MACHINERIES OPERATIONS|AGRICULTURAL MACHINERY OPERATION NC II|WITH TR|HIGH
REGION_VII|BOHOL|AGRICULTURE FORESTRY AND FISHERY|CROP PRODUCTION|FARM MANAGEMENT & TECHNOLOGICAL AWARENESS|AGRICULTURAL MACHINERY OPERATION NC II|WITH TR|MEDIUM,REGION_VII,BOHOL,AGRICULTURE FORESTRY AND FISHERY,CROP PRODUCTION,FARM MANAGEMENT & TECHNOLOGICAL AWARENESS,AGRICULTURAL MACHINERY OPERATION NC II,WITH TR,MEDIUM,,223,0,0,0,0,223,201,160,148,0,0,0,0,,297,0,0,0,0,297,268,214,200,0,0,0,0,,REGION_VII|AGRICULTURE FORESTRY AND FISHERY|CROP PRODUCTION|FARM MANAGEMENT & TECHNOLOGICAL AWARENESS|AGRICULTURAL MACHINERY OPERATION NC II|WITH TR|MEDIUM,REGION_VII|BOHOL|AGRICULTURE FORESTRY AND FISHERY|CROP PRODUCTION|FARM MANAGEMENT & TECHNOLOGICAL AWARENESS|AGRICULTURAL MACHINERY OPERATION NC II|WITH TR|MEDIUM
REGION_VII|BOHOL|AGRICULTURE FORESTRY AND FISHERY|CROP PRODUCTION|FARM MECHANICS & OPERATORS|NONE|NEW AND EMERGING|HIGH,REGION_VII,BOHOL,AGRICULTURE FORESTRY AND FISHERY,CROP PRODUCTION,FARM MECHANICS & OPERATORS,NONE,NEW AND EMERGING,HIGH,,641,0,0,0,0,641,577,0,0,0,0,0,0,,320,0,0,0,0,320,288,0,0,0,0,0,0,,REGION_VII|AGRICULTURE FORESTRY AND FISHERY|CROP PRODUCTION|FARM MECHANICS & OPERATORS|NONE|NEW AND EMERGING|HIGH,REGION_VII|BOHOL|AGRICULTURE FORESTRY AND FISHERY|CROP PRODUCTION|FARM MECHANICS & OPERATORS|NONE|NEW AND EMERGING|HIGH
"REGION_VII|BOHOL|AGRICULTURE FORESTRY AND FISHERY|CROP PRODUCTION|FRUITS, COCONUT TREES, UBI & CACAO PRODUCTION & PROCESSING|NONE|NEW AND EMERGING|HIGH",REGION_VII,BOHOL,AGRICULTURE FORESTRY AND FISHERY,CROP PRODUCTION,"FRUITS, COCONUT TREES, UBI & CACAO PRODUCTION & PROCESSING",NONE,NEW AND EMERGING,HIGH,,853,0,0,0,0,853,768,0,0,0,0,0,0,,426,0,0,0,0,426,383,0,0,0,0,0,0,,"REGION_VII|AGRICULTURE FORESTRY AND FISHERY|CROP PRODUCTION|FRUITS, COCONUT TREES, UBI & CACAO PRODUCTION & PROCESSING|NONE|NEW AND EMERGING|HIGH","REGION_VII|BOHOL|AGRICULTURE FORESTRY AND FISHERY|CROP PRODUCTION|FRUITS, COCONUT TREES, UBI & CACAO PRODUCTION & PROCESSING|NONE|NEW AND EMERGING|HIGH"
"REGION_VII|BOHOL|AGRICULTURE FORESTRY AND FISHERY|CROP PRODUCTION|HEAVY EQUIPMENT OPERATOR (BACKHOE, GRADER)|HEAVY EQUIPMENT OPERATION (BACKHOE LOADER) NC II|WITH TR|HIGH",REGION_VII,BOHOL,AGRICULTURE FORESTRY AND FISHERY,CROP PRODUCTION,"HEAVY EQUIPMENT OPERATOR (BACKHOE, GRADER)",HEAVY EQUIPMENT OPERATION (BACKHOE LOADER) NC II,WITH TR,HIGH,,853,0,0,0,0,853,768,615,572,0,0,0,0,,426,0,0,0,0,426,383,307,287,0,0,0,0,,"REGION_VII|AGRICULTURE FORESTRY AND FISHERY|CROP PRODUCTION|HEAVY EQUIPMENT OPERATOR (BACKHOE, GRADER)|HEAVY EQUIPMENT OPERATION (BACKHOE LOADER) NC II|WITH TR|HIGH","REGION_VII|BOHOL|AGRICULTURE FORESTRY AND FISHERY|CROP PRODUCTION|HEAVY EQUIPMENT OPERATOR (BACKHOE, GRADER)|HEAVY EQUIPMENT OPERATION (BACKHOE LOADER) NC II|WITH TR|HIGH"
REGION_VII|BOHOL|AGRICULTURE FORESTRY AND FISHERY|CROP PRODUCTION|HIGH /ORGANIC QUALITY SEEDS GROWER|NONE|NEW AND EMERGING|HIGH,REGION_VII,BOHOL,AGRICULTURE FORESTRY AND FISHERY,CROP PRODUCTION,HIGH /ORGANIC QUALITY SEEDS GROWER,NONE,NEW AND EMERGING,HIGH,,853,0,0,0,0,853,768,0,0,0,0,0,0,,426,0,0,0,0,426,383,0,0,0,0,0,0,,REGION_VII|AGRICULTURE FORESTRY AND FISHERY|CROP PRODUCTION|HIGH /ORGANIC QUALITY SEEDS GROWER|NONE|NEW AND EMERGING|HIGH,REGION_VII|BOHOL|AGRICULTURE FORESTRY AND FISHERY|CROP PRODUCTION|HIGH /ORGANIC QUALITY SEEDS GROWER|NONE|NEW AND EMERGING|HIGH
REGION_VII|BOHOL|AGRICULTURE FORESTRY AND FISHERY|CROP PRODUCTION|HIGH QUALITY INBREED RICE GROWER|NONE|NEW AND EMERGING|MEDIUM,REGION_VII,BOHOL,AGRICULTURE FORESTRY AND FISHERY,CROP PRODUCTION,HIGH QUALITY INBREED RICE GROWER,NONE,NEW AND EMERGING,MEDIUM,,56,0,0,0,0,56,50,0,0,0,0,0,0,,75,0,0,0,0,75,68,0,0,0,0,0,0,,REGION_VII|AGRICULTURE FORESTRY AND FISHERY|CROP PRODUCTION|HIGH QUALITY INBREED RICE GROWER|NONE|NEW AND EMERGING|MEDIUM,REGION_VII|BOHOL|AGRICULTURE FORESTRY AND FISHERY|CROP PRODUCTION|HIGH QUALITY INBREED RICE GROWER|NONE|NEW AND EMERGING|MEDIUM
REGION_VII|BOHOL|AGRICULTURE FORESTRY AND FISHERY|CROP PRODUCTION|INTERCROPPING TECHNICIAN|NONE|NEW AND EMERGING|MEDIUM,REGION_VII,BOHOL,AGRICULTURE FORESTRY AND FISHERY,CROP PRODUCTION,INTERCROPPING TECHNICIAN,NONE,NEW AND EMERGING,MEDIUM,,56,0,0,0,0,56,50,0,0,0,0,0,0,,75,25,23,0,0,0,0,0,0,50,45,0,0,,REGION_VII|AGRICULTURE FORESTRY AND FISHERY|CROP PRODUCTION|INTERCROPPING TECHNICIAN|NONE|NEW AND EMERGING|MEDIUM,REGION_VII|BOHOL|AGRICULTURE FORESTRY AND FISHERY|CROP PRODUCTION|INTERCROPPING TECHNICIAN|NONE|NEW AND EMERGING|MEDIUM
"REGION_VII|BOHOL|AGRICULTURE FORESTRY AND FISHERY|CROP PRODUCTION|INTERGRATED COCONUT AND CASH CROPS PRODUCTION AND PROCESSING (BY PRODUCTS LIKE SHELL,DUST, COIR)|COCONUT PRODUCTION LEVEL II|WITH CS|HIGH",REGION_VII,BOHOL,AGRICULTURE FORESTRY AND FISHERY,CROP PRODUCTION,"INTERGRATED COCONUT AND CASH CROPS PRODUCTION AND PROCESSING (BY PRODUCTS LIKE SHELL,DUST, COIR)",COCONUT PRODUCTION LEVEL II,WITH CS,HIGH,,853,0,0,0,0,853,768,0,0,0,0,0,0,,426,26,23,0,0,320,288,0,0,80,72,0,0,,"REGION_VII|AGRICULTURE FORESTRY AND FISHERY|CROP PRODUCTION|INTERGRATED COCONUT AND CASH CROPS PRODUCTION AND PROCESSING (BY PRODUCTS LIKE SHELL,DUST, COIR)|COCONUT PRODUCTION LEVEL II|WITH CS|HIGH","REGION_VII|BOHOL|AGRICULTURE FORESTRY AND FISHERY|CROP PRODUCTION|INTERGRATED COCONUT AND CASH CROPS PRODUCTION AND PROCESSING (BY PRODUCTS LIKE SHELL,DUST, COIR)|COCONUT PRODUCTION LEVEL II|WITH CS|HIGH"
REGION_VII|BOHOL|AGRICULTURE FORESTRY AND FISHERY|CROP PRODUCTION|MAKE ORGANIC FERTILIZER & CONCOCTION|ORGANIC AGRICULTURE PRODUCTION NC II|WITH TR|HIGH,REGION_VII,BOHOL,AGRICULTURE FORESTRY AND FISHERY,CROP PRODUCTION,MAKE ORGANIC FERTILIZER & CONCOCTION,ORGANIC AGRICULTURE PRODUCTION NC II,WITH TR,HIGH,,765,0,0,0,0,765,689,551,512,0,0,0,0,,382,0,0,0,0,382,344,275,257,0,0,0,0,,REGION_VII|AGRICULTURE FORESTRY AND FISHERY|CROP PRODUCTION|MAKE ORGANIC FERTILIZER & CONCOCTION|ORGANIC AGRICULTURE PRODUCTION NC II|WITH TR|HIGH,REGION_VII|BOHOL|AGRICULTURE FORESTRY AND FISHERY|CROP PRODUCTION|MAKE ORGANIC FERTILIZER & CONCOCTION|ORGANIC AGRICULTURE PRODUCTION NC II|WITH TR|HIGH
"REGION_VII|BOHOL|AGRICULTURE FORESTRY AND FISHERY|CROP PRODUCTION|MEDICINAL TEA PRODUCTION AND PROCESSING (TURMERIC,SALABAT,MORINGA,ETC.)|NONE|NEW AND EMERGING|HIGH",REGION_VII,BOHOL,AGRICULTURE FORESTRY AND FISHERY,CROP PRODUCTION,"MEDICINAL TEA PRODUCTION AND PROCESSING (TURMERIC,SALABAT,MORINGA,ETC.)",NONE,NEW AND EMERGING,HIGH,,853,0,0,0,0,853,768,0,0,0,0,0,0,,426,0,0,0,0,426,383,0,0,0,0,0,0,,"REGION_VII|AGRICULTURE FORESTRY AND FISHERY|CROP PRODUCTION|MEDICINAL TEA PRODUCTION AND PROCESSING (TURMERIC,SALABAT,MORINGA,ETC.)|NONE|NEW AND EMERGING|HIGH","REGION_VII|BOHOL|AGRICULTURE FORESTRY AND FISHERY|CROP PRODUCTION|MEDICINAL TEA PRODUCTION AND PROCESSING (TURMERIC,SALABAT,MORINGA,ETC.)|NONE|NEW AND EMERGING|HIGH"
REGION_VII|BOHOL|AGRICULTURE FORESTRY AND FISHERY|FERRO CEMENT TANK|BUILD FERRO CEMENT TANK|NONE|NEW AND EMERGING|HIGH,REGION_VII,BOHOL,AGRICULTURE FORESTRY AND FISHERY,FERRO CEMENT TANK,BUILD FERRO CEMENT TANK,NONE,NEW AND EMERGING,HIGH,,853,0,0,0,0,853,768,0,0,0,0,0,0,,426,0,0,0,0,426,383,0,0,0,0,0,0,,REGION_VII|AGRICULTURE FORESTRY AND FISHERY|FERRO CEMENT TANK|BUILD FERRO CEMENT TANK|NONE|NEW AND EMERGING|HIGH,REGION_VII|BOHOL|AGRICULTURE FORESTRY AND FISHERY|FERRO CEMENT TANK|BUILD FERRO CEMENT TANK|NONE|NEW AND EMERGING|HIGH
REGION_VII|BOHOL|AGRICULTURE FORESTRY AND FISHERY|FISHERY|BANGUS FRY PRODUCTION|AQUACULTURE (HATCHERY OPERATION) NC II|WITH TR|HIGH,REGION_VII,BOHOL,AGRICULTURE FORESTRY AND FISHERY,FISHERY,BANGUS FRY PRODUCTION,AQUACULTURE (HATCHERY OPERATION) NC II,WITH TR,HIGH,,853,0,0,0,0,853,768,615,572,0,0,0,0,,426,0,0,0,0,426,383,307,287,0,0,0,0,,REGION_VII|AGRICULTURE FORESTRY AND FISHERY|FISHERY|BANGUS FRY PRODUCTION|AQUACULTURE (HATCHERY OPERATION) NC II|WITH TR|HIGH,REGION_VII|BOHOL|AGRICULTURE FORESTRY AND FISHERY|FISHERY|BANGUS FRY PRODUCTION|AQUACULTURE (HATCHERY OPERATION) NC II|WITH TR|HIGH
REGION_VII|BOHOL|AGRICULTURE FORESTRY AND FISHERY|FISHERY|TILAPIA FRY PRODUCTION|AQUACULTURE (TILAPIA CULTURE) NC II|WITH TR|LOW,REGION_VII,BOHOL,AGRICULTURE FORESTRY AND FISHERY,FISHERY,TILAPIA FRY PRODUCTION,AQUACULTURE (TILAPIA CULTURE) NC II,WITH TR,LOW,,102,0,0,0,0,86,78,63,58,16,14,11,10,,178,0,0,0,0,178,160,128,119,0,0,0,0,,REGION_VII|AGRICULTURE FORESTRY AND FISHERY|FISHERY|TILAPIA FRY PRODUCTION|AQUACULTURE (TILAPIA CULTURE) NC II|WITH TR|LOW,REGION_VII|BOHOL|AGRICULTURE FORESTRY AND FISHERY|FISHERY|TILAPIA FRY PRODUCTION|AQUACULTURE (TILAPIA CULTURE) NC II|WITH TR|LOW
REGION_VII|BOHOL|AGRICULTURE FORESTRY AND FISHERY|FOOD PROCESSING|ANIMAL BUTCHERING AND SLAUGHTERING|SLAUGHTERING OPERATIONS (LARGE ANIMAL) NC II|WITH TR|HIGH,REGION_VII,BOHOL,AGRICULTURE FORESTRY AND FISHERY,FOOD PROCESSING,ANIMAL BUTCHERING AND SLAUGHTERING,SLAUGHTERING OPERATIONS (LARGE ANIMAL) NC II,WITH TR,HIGH,,707,0,0,0,0,707,637,510,474,0,0,0,0,,353,0,0,0,0,353,317,254,237,0,0,0,0,,REGION_VII|AGRICULTURE FORESTRY AND FISHERY|FOOD PROCESSING|ANIMAL BUTCHERING AND SLAUGHTERING|SLAUGHTERING OPERATIONS (LARGE ANIMAL) NC II|WITH TR|HIGH,REGION_VII|BOHOL|AGRICULTURE FORESTRY AND FISHERY|FOOD PROCESSING|ANIMAL BUTCHERING AND SLAUGHTERING|SLAUGHTERING OPERATIONS (LARGE ANIMAL) NC II|WITH TR|HIGH
"REGION_VII|BOHOL|AGRICULTURE FORESTRY AND FISHERY|HORTICULTURE|LANDSCAPE PLANTS (ORNAMENTAL AND CUT FLOWER) CULTURE, CARE AND MAINTENANCE|LANDSCAPE INSTALLATION AND MAINTENANCE (SOFTSCAPE) NC II|WITH TR|HIGH",REGION_VII,BOHOL,AGRICULTURE FORESTRY AND FISHERY,HORTICULTURE,"LANDSCAPE PLANTS (ORNAMENTAL AND CUT FLOWER) CULTURE, CARE AND MAINTENANCE",LANDSCAPE INSTALLATION AND MAINTENANCE (SOFTSCAPE) NC II,WITH TR,HIGH,,853,0,0,0,0,853,768,615,572,0,0,0,0,,426,0,0,0,0,426,383,307,287,0,0,0,0,,"REGION_VII|AGRICULTURE FORESTRY AND FISHERY|HORTICULTURE|LANDSCAPE PLANTS (ORNAMENTAL AND CUT FLOWER) CULTURE, CARE AND MAINTENANCE|LANDSCAPE INSTALLATION AND MAINTENANCE (SOFTSCAPE) NC II|WITH TR|HIGH","REGION_VII|BOHOL|AGRICULTURE FORESTRY AND FISHERY|HORTICULTURE|LANDSCAPE PLANTS (ORNAMENTAL AND CUT FLOWER) CULTURE, CARE AND MAINTENANCE|LANDSCAPE INSTALLATION AND MAINTENANCE (SOFTSCAPE) NC II|WITH TR|HIGH"
"REGION_VII|BOHOL|AGRICULTURE FORESTRY AND FISHERY|RICE, VEGETABLE PRODUCTION|WELL DRILLING OPERATIONS AND MAINTENANCE|WATER WELL DRILLING LEVEL II|WITH TR|LOW",REGION_VII,BOHOL,AGRICULTURE FORESTRY AND FISHERY,"RICE, VEGETABLE PRODUCTION",WELL DRILLING OPERATIONS AND MAINTENANCE,WATER WELL DRILLING LEVEL II,WITH TR,LOW,,102,0,0,0,0,81,74,59,55,21,19,15,14,,178,122,110,88,82,56,50,40,37,0,0,0,0,,"REGION_VII|AGRICULTURE FORESTRY AND FISHERY|RICE, VEGETABLE PRODUCTION|WELL DRILLING OPERATIONS AND MAINTENANCE|WATER WELL DRILLING LEVEL II|WITH TR|LOW","REGION_VII|BOHOL|AGRICULTURE FORESTRY AND FISHERY|RICE, VEGETABLE PRODUCTION|WELL DRILLING OPERATIONS AND MAINTENANCE|WATER WELL DRILLING LEVEL II|WITH TR|LOW"
REGION_VII|BOHOL|AUTOMOTIVE AND LAND TRANSPORTATION|ACCOUNT SPECIALIST|MOTORCYCLE & SMALL ENGINE TECHNICIAN|BOOKKEEPING NC III|WITH TR|LOW,REGION_VII,BOHOL,AUTOMOTIVE AND LAND TRANSPORTATION,ACCOUNT SPECIALIST,MOTORCYCLE & SMALL ENGINE TECHNICIAN,BOOKKEEPING NC III,WITH TR,LOW,,116,72,65,52,49,0,0,0,0,44,40,32,29,,184,53,48,38,36,0,0,0,0,131,118,95,89,,REGION_VII|AUTOMOTIVE AND LAND TRANSPORTATION|ACCOUNT SPECIALIST|MOTORCYCLE & SMALL ENGINE TECHNICIAN|BOOKKEEPING NC III|WITH TR|LOW,REGION_VII|BOHOL|AUTOMOTIVE AND LAND TRANSPORTATION|ACCOUNT SPECIALIST|MOTORCYCLE & SMALL ENGINE TECHNICIAN|BOOKKEEPING NC III|WITH TR|LOW
REGION_VII|BOHOL|AUTOMOTIVE AND LAND TRANSPORTATION|ACCOUNTING|MOTORCYCLE & SMALL ENGINE TECHNICIAN|BOOKKEEPING NC III|WITH TR|LOW,REGION_VII,BOHOL,AUTOMOTIVE AND LAND TRANSPORTATION,ACCOUNTING,MOTORCYCLE & SMALL ENGINE TECHNICIAN,BOOKKEEPING NC III,WITH TR,LOW,,87,43,39,31,29,0,0,0,0,44,40,32,29,,152,118,107,85,80,0,0,0,0,34,31,25,23,,REGION_VII|AUTOMOTIVE AND LAND TRANSPORTATION|ACCOUNTING|MOTORCYCLE & SMALL ENGINE TECHNICIAN|BOOKKEEPING NC III|WITH TR|LOW,REGION_VII|BOHOL|AUTOMOTIVE AND LAND TRANSPORTATION|ACCOUNTING|MOTORCYCLE & SMALL ENGINE TECHNICIAN|BOOKKEEPING NC III|WITH TR|LOW
REGION_VII|BOHOL|AUTOMOTIVE AND LAND TRANSPORTATION|AFTERSALES & SERVICES|AUTOMOTIVE MECHANIC/VEHICLE TECHNICIAN|AUTOMOTIVE SERVICING NC I|WITH TR|LOW,REGION_VII,BOHOL,AUTOMOTIVE AND LAND TRANSPORTATION,AFTERSALES & SERVICES,AUTOMOTIVE MECHANIC/VEHICLE TECHNICIAN,AUTOMOTIVE SERVICING NC I,WITH TR,LOW,,102,86,78,63,58,0,0,0,0,16,14,11,10,,178,178,160,128,119,0,0,0,0,0,0,0,0,,REGION_VII|AUTOMOTIVE AND LAND TRANSPORTATION|AFTERSALES & SERVICES|AUTOMOTIVE MECHANIC/VEHICLE TECHNICIAN|AUTOMOTIVE SERVICING NC I|WITH TR|LOW,REGION_VII|BOHOL|AUTOMOTIVE AND LAND TRANSPORTATION|AFTERSALES & SERVICES|AUTOMOTIVE MECHANIC/VEHICLE TECHNICIAN|AUTOMOTIVE SERVICING NC I|WITH TR|LOW
REGION_VII|BOHOL|AUTOMOTIVE AND LAND TRANSPORTATION|CASHIER|MOTORCYCLE & SMALL ENGINE TECHNICIAN|BOOKKEEPING NC III|WITH TR|LOW,REGION_VII,BOHOL,AUTOMOTIVE AND LAND TRANSPORTATION,CASHIER,MOTORCYCLE & SMALL ENGINE TECHNICIAN,BOOKKEEPING NC III,WITH TR,LOW,,87,43,39,31,29,0,0,0,0,44,40,32,29,,152,118,107,85,80,0,0,0,0,34,31,25,23,,REGION_VII|AUTOMOTIVE AND LAND TRANSPORTATION|CASHIER|MOTORCYCLE & SMALL ENGINE TECHNICIAN|BOOKKEEPING NC III|WITH TR|LOW,REGION_VII|BOHOL|AUTOMOTIVE AND LAND TRANSPORTATION|CASHIER|MOTORCYCLE & SMALL ENGINE TECHNICIAN|BOOKKEEPING NC III|WITH TR|LOW
REGION_VII|BOHOL|AUTOMOTIVE AND LAND TRANSPORTATION|DRIVING (PASSENGER BUS) NC III|BUS & PUB DRIVERS|DRIVING (PASSENGER BUS/STRAIGHT TRUCK) NC III|WITH TR|LOW,REGION_VII,BOHOL,AUTOMOTIVE AND LAND TRANSPORTATION,DRIVING (PASSENGER BUS) NC III,BUS & PUB DRIVERS,DRIVING (PASSENGER BUS/STRAIGHT TRUCK) NC III,WITH TR,LOW,,102,86,78,63,58,0,0,0,0,16,14,11,10,,178,138,124,100,93,0,0,0,0,40,36,29,27,,REGION_VII|AUTOMOTIVE AND LAND TRANSPORTATION|DRIVING (PASSENGER BUS) NC III|BUS & PUB DRIVERS|DRIVING (PASSENGER BUS/STRAIGHT TRUCK) NC III|WITH TR|LOW,REGION_VII|BOHOL|AUTOMOTIVE AND LAND TRANSPORTATION|DRIVING (PASSENGER BUS) NC III|BUS & PUB DRIVERS|DRIVING (PASSENGER BUS/STRAIGHT TRUCK) NC III|WITH TR|LOW
REGION_VII|BOHOL|AUTOMOTIVE AND LAND TRANSPORTATION|DRIVING (STRAIGHT TRUCK) NC III|TRUCK DRIVERS|DRIVING (PASSENGER BUS/STRAIGHT TRUCK) NC III|WITH TR|HIGH,REGION_VII,BOHOL,AUTOMOTIVE AND LAND TRANSPORTATION,DRIVING (STRAIGHT TRUCK) NC III,TRUCK DRIVERS,DRIVING (PASSENGER BUS/STRAIGHT TRUCK) NC III,WITH TR,HIGH,,853,741,667,534,497,0,0,0,0,112,101,81,75,,426,197,178,143,134,0,0,0,0,229,206,165,154,,REGION_VII|AUTOMOTIVE AND LAND TRANSPORTATION|DRIVING (STRAIGHT TRUCK) NC III|TRUCK DRIVERS|DRIVING (PASSENGER BUS/STRAIGHT TRUCK) NC III|WITH TR|HIGH,REGION_VII|BOHOL|AUTOMOTIVE AND LAND TRANSPORTATION|DRIVING (STRAIGHT TRUCK) NC III|TRUCK DRIVERS|DRIVING (PASSENGER BUS/STRAIGHT TRUCK) NC III|WITH TR|HIGH
REGION_VII|BOHOL|AUTOMOTIVE AND LAND TRANSPORTATION|ELECTRICAL INSTALLATION|AUTO ELECTRICIAN|AUTOMOTIVE ELECTRICAL ASSEMBLY NC II|WITH TR|LOW,REGION_VII,BOHOL,AUTOMOTIVE AND LAND TRANSPORTATION,ELECTRICAL INSTALLATION,AUTO ELECTRICIAN,AUTOMOTIVE ELECTRICAL ASSEMBLY NC II,WITH TR,LOW,,102,81,74,59,55,0,0,0,0,21,19,15,14,,178,178,160,128,119,0,0,0,0,0,0,0,0,,REGION_VII|AUTOMOTIVE AND LAND TRANSPORTATION|ELECTRICAL INSTALLATION|AUTO ELECTRICIAN|AUTOMOTIVE ELECTRICAL ASSEMBLY NC II|WITH TR|LOW,REGION_VII|BOHOL|AUTOMOTIVE AND LAND TRANSPORTATION|ELECTRICAL INSTALLATION|AUTO ELECTRICIAN|AUTOMOTIVE ELECTRICAL ASSEMBLY NC II|WITH TR|LOW
REGION_VII|BOHOL|AUTOMOTIVE AND LAND TRANSPORTATION|MARKETING AND SALES|MOTORCYCLE & SMALL ENGINE TECHNICIAN|MOTORCYCLE/SMALL ENGINE SERVICING NC II|WITH TR|LOW,REGION_VII,BOHOL,AUTOMOTIVE AND LAND TRANSPORTATION,MARKETING AND SALES,MOTORCYCLE & SMALL ENGINE TECHNICIAN,MOTORCYCLE/SMALL ENGINE SERVICING NC II,WITH TR,LOW,,99,49,45,36,34,0,0,0,0,50,45,36,33,,172,97,87,70,65,0,0,0,0,75,68,54,50,,REGION_VII|AUTOMOTIVE AND LAND TRANSPORTATION|MARKETING AND SALES|MOTORCYCLE & SMALL ENGINE TECHNICIAN|MOTORCYCLE/SMALL ENGINE SERVICING NC II|WITH TR|LOW,REGION_VII|BOHOL|AUTOMOTIVE AND LAND TRANSPORTATION|MARKETING AND SALES|MOTORCYCLE & SMALL ENGINE TECHNICIAN|MOTORCYCLE/SMALL ENGINE SERVICING NC II|WITH TR|LOW
REGION_VII|BOHOL|AUTOMOTIVE AND LAND TRANSPORTATION|RECEPTIONIST|MOTORCYCLE & SMALL ENGINE TECHNICIAN|FRONT OFFICE SERVICES NC II|WITH TR|LOW,REGION_VII,BOHOL,AUTOMOTIVE AND LAND TRANSPORTATION,RECEPTIONIST,MOTORCYCLE & SMALL ENGINE TECHNICIAN,FRONT OFFICE SERVICES NC II,WITH TR,LOW,,102,49,45,36,34,0,0,0,0,53,48,38,35,,178,138,124,100,93,0,0,0,0,40,36,29,27,,REGION_VII|AUTOMOTIVE AND LAND TRANSPORTATION|RECEPTIONIST|MOTORCYCLE & SMALL ENGINE TECHNICIAN|FRONT OFFICE SERVICES NC II|WITH TR|LOW,REGION_VII|BOHOL|AUTOMOTIVE AND LAND TRANSPORTATION|RECEPTIONIST|MOTORCYCLE & SMALL ENGINE TECHNICIAN|FRONT OFFICE SERVICES NC II|WITH TR|LOW
REGION_VII|BOHOL|AUTOMOTIVE AND LAND TRANSPORTATION|REPAIR AND INSTALLATION|WELDER|AUTOMOTIVE BODY REPAIRING NC II|WITH TR|HIGH,REGION_VII,BOHOL,AUTOMOTIVE AND LAND TRANSPORTATION,REPAIR AND INSTALLATION,WELDER,AUTOMOTIVE BODY REPAIRING NC II,WITH TR,HIGH,,853,741,667,534,497,112,101,81,75,0,0,0,0,,426,197,178,143,134,0,0,0,0,229,206,165,154,,REGION_VII|AUTOMOTIVE AND LAND TRANSPORTATION|REPAIR AND INSTALLATION|WELDER|AUTOMOTIVE BODY REPAIRING NC II|WITH TR|HIGH,REGION_VII|BOHOL|AUTOMOTIVE AND LAND TRANSPORTATION|REPAIR AND INSTALLATION|WELDER|AUTOMOTIVE BODY REPAIRING NC II|WITH TR|HIGH
REGION_VII|BOHOL|AUTOMOTIVE AND LAND TRANSPORTATION|REPAIR AND MAINTENANCE|AUTO AIRCON TECHNICIAN|AUTOMOTIVE SERVICING NC III|WITH TR|LOW,REGION_VII,BOHOL,AUTOMOTIVE AND LAND TRANSPORTATION,REPAIR AND MAINTENANCE,AUTO AIRCON TECHNICIAN,AUTOMOTIVE SERVICING NC III,WITH TR,LOW,,102,56,51,41,38,25,23,18,17,21,19,15,14,,178,178,160,128,119,0,0,0,0,0,0,0,0,,REGION_VII|AUTOMOTIVE AND LAND TRANSPORTATION|REPAIR AND MAINTENANCE|AUTO AIRCON TECHNICIAN|AUTOMOTIVE SERVICING NC III|WITH TR|LOW,REGION_VII|BOHOL|AUTOMOTIVE AND LAND TRANSPORTATION|REPAIR AND MAINTENANCE|AUTO AIRCON TECHNICIAN|AUTOMOTIVE SERVICING NC III|WITH TR|LOW
REGION_VII|BOHOL|AUTOMOTIVE AND LAND TRANSPORTATION|REPAIR AND MAINTENANCE|AUTO TECHNICIAN LABORER|AUTOMOTIVE SERVICING NC I|WITH TR|HIGH,REGION_VII,BOHOL,AUTOMOTIVE AND LAND TRANSPORTATION,REPAIR AND MAINTENANCE,AUTO TECHNICIAN LABORER,AUTOMOTIVE SERVICING NC I,WITH TR,HIGH,,853,246,221,177,165,607,547,438,407,0,0,0,0,,426,303,273,219,205,0,0,0,0,123,111,89,83,,REGION_VII|AUTOMOTIVE AND LAND TRANSPORTATION|REPAIR AND MAINTENANCE|AUTO TECHNICIAN LABORER|AUTOMOTIVE SERVICING NC I|WITH TR|HIGH,REGION_VII|BOHOL|AUTOMOTIVE AND LAND TRANSPORTATION|REPAIR AND MAINTENANCE|AUTO TECHNICIAN LABORER|AUTOMOTIVE SERVICING NC I|WITH TR|HIGH
REGION_VII|BOHOL|AUTOMOTIVE AND LAND TRANSPORTATION|TRANPORTATION AND WAREHOUSING|DRIVING|DRIVING NC II|WITH TR|MEDIUM,REGION_VII,BOHOL,AUTOMOTIVE AND LAND TRANSPORTATION,TRANPORTATION AND WAREHOUSING,DRIVING,DRIVING NC II,WITH TR,MEDIUM,,180,115,104,83,78,0,0,0,0,65,58,46,43,,240,176,159,127,119,0,0,0,0,64,58,46,43,,REGION_VII|AUTOMOTIVE AND LAND TRANSPORTATION|TRANPORTATION AND WAREHOUSING|DRIVING|DRIVING NC II|WITH TR|MEDIUM,REGION_VII|BOHOL|AUTOMOTIVE AND LAND TRANSPORTATION|TRANPORTATION AND WAREHOUSING|DRIVING|DRIVING NC II|WITH TR|MEDIUM
REGION_VII|BOHOL|CONSTRUCTION|BUILDING WIRING|ELECTRICIAN|ELECTRICAL INSTALLATION AND MAINTENANCE NC II|WITH TR|HIGH,REGION_VII,BOHOL,CONSTRUCTION,BUILDING WIRING,ELECTRICIAN,ELECTRICAL INSTALLATION AND MAINTENANCE NC II,WITH TR,HIGH,,813,677,609,487,453,0,0,0,0,136,122,98,91,,407,173,156,125,117,0,0,0,0,234,211,169,158,,REGION_VII|CONSTRUCTION|BUILDING WIRING|ELECTRICIAN|ELECTRICAL INSTALLATION AND MAINTENANCE NC II|WITH TR|HIGH,REGION_VII|BOHOL|CONSTRUCTION|BUILDING WIRING|ELECTRICIAN|ELECTRICAL INSTALLATION AND MAINTENANCE NC II|WITH TR|HIGH
REGION_VII|BOHOL|CONSTRUCTION|COMMUNITY AND ECOSYSTEM CONSIDERATION|COMMUNITY WORKERS/LIAISON OFFICER|COMMUNITY PROGRAM DEVELOPMENT SERVICES LEVEL IV|WITH CS|HIGH,REGION_VII,BOHOL,CONSTRUCTION,COMMUNITY AND ECOSYSTEM CONSIDERATION,COMMUNITY WORKERS/LIAISON OFFICER,COMMUNITY PROGRAM DEVELOPMENT SERVICES LEVEL IV,WITH CS,HIGH,,853,707,637,0,0,0,0,0,0,146,131,0,0,,426,179,161,0,0,0,0,0,0,247,222,0,0,,REGION_VII|CONSTRUCTION|COMMUNITY AND ECOSYSTEM CONSIDERATION|COMMUNITY WORKERS/LIAISON OFFICER|COMMUNITY PROGRAM DEVELOPMENT SERVICES LEVEL IV|WITH CS|HIGH,REGION_VII|BOHOL|CONSTRUCTION|COMMUNITY AND ECOSYSTEM CONSIDERATION|COMMUNITY WORKERS/LIAISON OFFICER|COMMUNITY PROGRAM DEVELOPMENT SERVICES LEVEL IV|WITH CS|HIGH
REGION_VII|BOHOL|CONSTRUCTION|COMPLYING ENVIRONMENTAL LAWS AND STANDARDS|PROJECT DEVELOPMENT AND ENVIRONMENTAL SPECIALIST|COMMUNITY PROGRAM DEVELOPMENT SERVICES LEVEL IV|WITH CS|HIGH,REGION_VII,BOHOL,CONSTRUCTION,COMPLYING ENVIRONMENTAL LAWS AND STANDARDS,PROJECT DEVELOPMENT AND ENVIRONMENTAL SPECIALIST,COMMUNITY PROGRAM DEVELOPMENT SERVICES LEVEL IV,WITH CS,HIGH,,853,707,637,0,0,0,0,0,0,146,131,0,0,,426,179,161,0,0,0,0,0,0,247,222,0,0,,REGION_VII|CONSTRUCTION|COMPLYING ENVIRONMENTAL LAWS AND STANDARDS|PROJECT DEVELOPMENT AND ENVIRONMENTAL SPECIALIST|COMMUNITY PROGRAM DEVELOPMENT SERVICES LEVEL IV|WITH CS|HIGH,REGION_VII|BOHOL|CONSTRUCTION|COMPLYING ENVIRONMENTAL LAWS AND STANDARDS|PROJECT DEVELOPMENT AND ENVIRONMENTAL SPECIALIST|COMMUNITY PROGRAM DEVELOPMENT SERVICES LEVEL IV|WITH CS|HIGH
REGION_VII|BOHOL|CONSTRUCTION|DRIVING|DRIVERS|DRIVING (PASSENGER BUS/STRAIGHT TRUCK) NC III|WITH TR|HIGH,REGION_VII,BOHOL,CONSTRUCTION,DRIVING,DRIVERS,DRIVING (PASSENGER BUS/STRAIGHT TRUCK) NC III,WITH TR,HIGH,,853,707,637,510,474,0,0,0,0,146,131,105,98,,426,179,161,129,121,0,0,0,0,247,222,178,166,,REGION_VII|CONSTRUCTION|DRIVING|DRIVERS|DRIVING (PASSENGER BUS/STRAIGHT TRUCK) NC III|WITH TR|HIGH,REGION_VII|BOHOL|CONSTRUCTION|DRIVING|DRIVERS|DRIVING (PASSENGER BUS/STRAIGHT TRUCK) NC III|WITH TR|HIGH
REGION_VII|BOHOL|CONSTRUCTION|ELECTRICAL INSTALLATION|ELECTRICIAN|ELECTRICAL INSTALLATION AND MAINTENANCE NC III|WITH TR|HIGH,REGION_VII,BOHOL,CONSTRUCTION,ELECTRICAL INSTALLATION,ELECTRICIAN,ELECTRICAL INSTALLATION AND MAINTENANCE NC III,WITH TR,HIGH,,850,850,766,613,570,0,0,0,0,0,0,0,0,,425,178,160,128,120,0,0,0,0,247,222,178,166,,REGION_VII|CONSTRUCTION|ELECTRICAL INSTALLATION|ELECTRICIAN|ELECTRICAL INSTALLATION AND MAINTENANCE NC III|WITH TR|HIGH,REGION_VII|BOHOL|CONSTRUCTION|ELECTRICAL INSTALLATION|ELECTRICIAN|ELECTRICAL INSTALLATION AND MAINTENANCE NC III|WITH TR|HIGH
"REGION_VII|BOHOL|CONSTRUCTION|HELPER MASON, CONSTRUCTION HELPER|MASON|MASONRY NC I|WITH TR|HIGH",REGION_VII,BOHOL,CONSTRUCTION,"HELPER MASON, CONSTRUCTION HELPER",MASON,MASONRY NC I,WITH TR,HIGH,,826,689,621,497,463,0,0,0,0,137,123,98,91,,413,171,154,124,116,0,0,0,0,242,218,174,163,,"REGION_VII|CONSTRUCTION|HELPER MASON, CONSTRUCTION HELPER|MASON|MASONRY NC I|WITH TR|HIGH","REGION_VII|BOHOL|CONSTRUCTION|HELPER MASON, CONSTRUCTION HELPER|MASON|MASONRY NC I|WITH TR|HIGH"
REGION_VII|BOHOL|CONSTRUCTION|HYDRAULIC EXCAVATOR OPERATOR|HYDRAULIC OPERATORS|HEAVY EQUIPMENT OPERATION (HYDRAULIC EXCAVATOR) NC II|WITH TR|HIGH,REGION_VII,BOHOL,CONSTRUCTION,HYDRAULIC EXCAVATOR OPERATOR,HYDRAULIC OPERATORS,HEAVY EQUIPMENT OPERATION (HYDRAULIC EXCAVATOR) NC II,WITH TR,HIGH,,853,707,637,510,474,0,0,0,0,146,131,105,98,,426,179,161,129,121,0,0,0,0,247,222,178,166,,REGION_VII|CONSTRUCTION|HYDRAULIC EXCAVATOR OPERATOR|HYDRAULIC OPERATORS|HEAVY EQUIPMENT OPERATION (HYDRAULIC EXCAVATOR) NC II|WITH TR|HIGH,REGION_VII|BOHOL|CONSTRUCTION|HYDRAULIC EXCAVATOR OPERATOR|HYDRAULIC OPERATORS|HEAVY EQUIPMENT OPERATION (HYDRAULIC EXCAVATOR) NC II|WITH TR|HIGH
REGION_VII|BOHOL|CONSTRUCTION|INDOOR ENVIRONMENT QUALITY|ELECTRICIAN|ELECTRICAL INSTALLATION AND MAINTENANCE NC II|WITH TR|HIGH,REGION_VII,BOHOL,CONSTRUCTION,INDOOR ENVIRONMENT QUALITY,ELECTRICIAN,ELECTRICAL INSTALLATION AND MAINTENANCE NC II,WITH TR,HIGH,,677,677,609,487,453,0,0,0,0,0,0,0,0,,339,105,95,76,71,0,0,0,0,234,211,169,158,,REGION_VII|CONSTRUCTION|INDOOR ENVIRONMENT QUALITY|ELECTRICIAN|ELECTRICAL INSTALLATION AND MAINTENANCE NC II|WITH TR|HIGH,REGION_VII|BOHOL|CONSTRUCTION|INDOOR ENVIRONMENT QUALITY|ELECTRICIAN|ELECTRICAL INSTALLATION AND MAINTENANCE NC II|WITH TR|HIGH
REGION_VII|BOHOL|CONSTRUCTION|INDUSTRIAL PLUMBING|PLUMBERS|PLUMBING NC III|WITH TR|HIGH,REGION_VII,BOHOL,CONSTRUCTION,INDUSTRIAL PLUMBING,PLUMBERS,PLUMBING NC III,WITH TR,HIGH,,853,707,637,510,474,0,0,0,0,146,131,105,98,,426,179,161,129,121,0,0,0,0,247,222,178,166,,REGION_VII|CONSTRUCTION|INDUSTRIAL PLUMBING|PLUMBERS|PLUMBING NC III|WITH TR|HIGH,REGION_VII|BOHOL|CONSTRUCTION|INDUSTRIAL PLUMBING|PLUMBERS|PLUMBING NC III|WITH TR|HIGH
REGION_VII|BOHOL|CONSTRUCTION|MMAW|WELDER|MANUAL METAL ARC WELDING (MMAW) NC II|WITH TR|HIGH,REGION_VII,BOHOL,CONSTRUCTION,MMAW,WELDER,MANUAL METAL ARC WELDING (MMAW) NC II,WITH TR,HIGH,,853,707,637,510,474,0,0,0,0,146,131,105,98,,426,277,250,201,188,26,23,18,17,123,111,89,83,,REGION_VII|CONSTRUCTION|MMAW|WELDER|MANUAL METAL ARC WELDING (MMAW) NC II|WITH TR|HIGH,REGION_VII|BOHOL|CONSTRUCTION|MMAW|WELDER|MANUAL METAL ARC WELDING (MMAW) NC II|WITH TR|HIGH
REGION_VII|BOHOL|CONSTRUCTION|MOBILE CRANE OPERATOR|CRANE OPERATORS|HEAVY EQUIPMENT OPERATION (CRAWLER CRANE) NC III|WITH TR|HIGH,REGION_VII,BOHOL,CONSTRUCTION,MOBILE CRANE OPERATOR,CRANE OPERATORS,HEAVY EQUIPMENT OPERATION (CRAWLER CRANE) NC III,WITH TR,HIGH,,853,707,637,510,474,0,0,0,0,146,131,105,98,,426,179,161,129,121,0,0,0,0,247,222,178,166,,REGION_VII|CONSTRUCTION|MOBILE CRANE OPERATOR|CRANE OPERATORS|HEAVY EQUIPMENT OPERATION (CRAWLER CRANE) NC III|WITH TR|HIGH,REGION_VII|BOHOL|CONSTRUCTION|MOBILE CRANE OPERATOR|CRANE OPERATORS|HEAVY EQUIPMENT OPERATION (CRAWLER CRANE) NC III|WITH TR|HIGH
REGION_VII|BOHOL|CONSTRUCTION|OFF-HIGHWAY DUMP TRUCK (RIGID) OPERATOR|DUMP TRUCK OPERATOR|HEAVY EQUIPMENT OPERATION (RIGID OFF-HIGHWAY DUMP TRUCK) NC II|WITH TR|HIGH,REGION_VII,BOHOL,CONSTRUCTION,OFF-HIGHWAY DUMP TRUCK (RIGID) OPERATOR,DUMP TRUCK OPERATOR,HEAVY EQUIPMENT OPERATION (RIGID OFF-HIGHWAY DUMP TRUCK) NC II,WITH TR,HIGH,,853,853,768,615,572,0,0,0,0,0,0,0,0,,426,179,161,129,121,0,0,0,0,247,222,178,166,,REGION_VII|CONSTRUCTION|OFF-HIGHWAY DUMP TRUCK (RIGID) OPERATOR|DUMP TRUCK OPERATOR|HEAVY EQUIPMENT OPERATION (RIGID OFF-HIGHWAY DUMP TRUCK) NC II|WITH TR|HIGH,REGION_VII|BOHOL|CONSTRUCTION|OFF-HIGHWAY DUMP TRUCK (RIGID) OPERATOR|DUMP TRUCK OPERATOR|HEAVY EQUIPMENT OPERATION (RIGID OFF-HIGHWAY DUMP TRUCK) NC II|WITH TR|HIGH
REGION_VII|BOHOL|CONSTRUCTION|PIPEFITTER|FITTERS|PIPEFITTING (METALLIC) NC II|WITH TR|HIGH,REGION_VII,BOHOL,CONSTRUCTION,PIPEFITTER,FITTERS,PIPEFITTING (METALLIC) NC II,WITH TR,HIGH,,853,853,768,615,572,0,0,0,0,0,0,0,0,,426,179,161,129,121,0,0,0,0,247,222,178,166,,REGION_VII|CONSTRUCTION|PIPEFITTER|FITTERS|PIPEFITTING (METALLIC) NC II|WITH TR|HIGH,REGION_VII|BOHOL|CONSTRUCTION|PIPEFITTER|FITTERS|PIPEFITTING (METALLIC) NC II|WITH TR|HIGH
REGION_VII|BOHOL|CONSTRUCTION|PROGRAMABLE LOGIC CONTROLLER|ELECTRICIAN|ELECTRICAL INSTALLATION AND MAINTENANCE NC IV|WITH TR|HIGH,REGION_VII,BOHOL,CONSTRUCTION,PROGRAMABLE LOGIC CONTROLLER,ELECTRICIAN,ELECTRICAL INSTALLATION AND MAINTENANCE NC IV,WITH TR,HIGH,,707,707,637,510,474,0,0,0,0,0,0,0,0,,353,106,95,76,71,0,0,0,0,247,222,178,166,,REGION_VII|CONSTRUCTION|PROGRAMABLE LOGIC CONTROLLER|ELECTRICIAN|ELECTRICAL INSTALLATION AND MAINTENANCE NC IV|WITH TR|HIGH,REGION_VII|BOHOL|CONSTRUCTION|PROGRAMABLE LOGIC CONTROLLER|ELECTRICIAN|ELECTRICAL INSTALLATION AND MAINTENANCE NC IV|WITH TR|HIGH
REGION_VII|BOHOL|CONSTRUCTION|RAC TECHNICIAN|RAC/HVAC TECHNICIAN/INSTALLER|RAC SERVICING (DOMRAC) NC II|WITH TR|HIGH,REGION_VII,BOHOL,CONSTRUCTION,RAC TECHNICIAN,RAC/HVAC TECHNICIAN/INSTALLER,RAC SERVICING (DOMRAC) NC II,WITH TR,HIGH,,850,707,637,510,474,0,0,0,0,143,129,103,96,,425,178,160,128,120,0,0,0,0,247,222,178,166,,REGION_VII|CONSTRUCTION|RAC TECHNICIAN|RAC/HVAC TECHNICIAN/INSTALLER|RAC SERVICING (DOMRAC) NC II|WITH TR|HIGH,REGION_VII|BOHOL|CONSTRUCTION|RAC TECHNICIAN|RAC/HVAC TECHNICIAN/INSTALLER|RAC SERVICING (DOMRAC) NC II|WITH TR|HIGH
REGION_VII|BOHOL|CONSTRUCTION|ROUGH AND FINISHING CARPENTER|CARPENTERS|CARPENTRY NC II|WITH TR|HIGH,REGION_VII,BOHOL,CONSTRUCTION,ROUGH AND FINISHING CARPENTER,CARPENTERS,CARPENTRY NC II,WITH TR,HIGH,,849,703,633,507,471,0,0,0,0,146,131,105,98,,425,179,161,129,121,0,0,0,0,246,221,177,165,,REGION_VII|CONSTRUCTION|ROUGH AND FINISHING CARPENTER|CARPENTERS|CARPENTRY NC II|WITH TR|HIGH,REGION_VII|BOHOL|CONSTRUCTION|ROUGH AND FINISHING CARPENTER|CARPENTERS|CARPENTRY NC II|WITH TR|HIGH
REGION_VII|BOHOL|CONSTRUCTION|ROUGH MASON|MASON|MASONRY NC I|WITH TR|HIGH,REGION_VII,BOHOL,CONSTRUCTION,ROUGH MASON,MASON,MASONRY NC I,WITH TR,HIGH,,826,826,744,595,554,0,0,0,0,0,0,0,0,,413,171,154,124,116,0,0,0,0,242,218,174,163,,REGION_VII|CONSTRUCTION|ROUGH MASON|MASON|MASONRY NC I|WITH TR|HIGH,REGION_VII|BOHOL|CONSTRUCTION|ROUGH MASON|MASON|MASONRY NC I|WITH TR|HIGH
REGION_VII|BOHOL|CONSTRUCTION|SOLAR PANEL INSTALLATION|SOLAR TECHNICIAN|PV SYSTEMS INSTALLATION NC II|WITH TR|HIGH,REGION_VII,BOHOL,CONSTRUCTION,SOLAR PANEL INSTALLATION,SOLAR TECHNICIAN,PV SYSTEMS INSTALLATION NC II,WITH TR,HIGH,,853,707,637,510,474,0,0,0,0,146,131,105,98,,426,153,138,111,104,26,23,18,17,247,222,178,166,,REGION_VII|CONSTRUCTION|SOLAR PANEL INSTALLATION|SOLAR TECHNICIAN|PV SYSTEMS INSTALLATION NC II|WITH TR|HIGH,REGION_VII|BOHOL|CONSTRUCTION|SOLAR PANEL INSTALLATION|SOLAR TECHNICIAN|PV SYSTEMS INSTALLATION NC II|WITH TR|HIGH
REGION_VII|BOHOL|CONSTRUCTION|STRUCTURAL STEEL ERECTOR|STEEL MAN|REINFORCING STEEL WORKS NC II|WITH TR|HIGH,REGION_VII,BOHOL,CONSTRUCTION,STRUCTURAL STEEL ERECTOR,STEEL MAN,REINFORCING STEEL WORKS NC II,WITH TR,HIGH,,853,707,637,510,474,0,0,0,0,146,131,105,98,,426,153,138,111,104,26,23,18,17,247,222,178,166,,REGION_VII|CONSTRUCTION|STRUCTURAL STEEL ERECTOR|STEEL MAN|REINFORCING STEEL WORKS NC II|WITH TR|HIGH,REGION_VII|BOHOL|CONSTRUCTION|STRUCTURAL STEEL ERECTOR|STEEL MAN|REINFORCING STEEL WORKS NC II|WITH TR|HIGH
REGION_VII|BOHOL|CONSTRUCTION|SYSTEM FORMWORKS INSTALLER|SYSTEM FORMWORK INSTALLER|SYSTEM FORMWORKS INSTALLATION NC II|WITH TR|HIGH,REGION_VII,BOHOL,CONSTRUCTION,SYSTEM FORMWORKS INSTALLER,SYSTEM FORMWORK INSTALLER,SYSTEM FORMWORKS INSTALLATION NC II,WITH TR,HIGH,,853,853,768,615,572,0,0,0,0,0,0,0,0,,426,80,72,58,54,99,89,71,67,247,222,178,166,,REGION_VII|CONSTRUCTION|SYSTEM FORMWORKS INSTALLER|SYSTEM FORMWORK INSTALLER|SYSTEM FORMWORKS INSTALLATION NC II|WITH TR|HIGH,REGION_VII|BOHOL|CONSTRUCTION|SYSTEM FORMWORKS INSTALLER|SYSTEM FORMWORK INSTALLER|SYSTEM FORMWORKS INSTALLATION NC II|WITH TR|HIGH
REGION_VII|BOHOL|CONSTRUCTION|TILE SETTER|TILE SETTER|TILE SETTING NC II|WITH TR|HIGH,REGION_VII,BOHOL,CONSTRUCTION,TILE SETTER,TILE SETTER,TILE SETTING NC II,WITH TR,HIGH,,852,852,768,615,572,0,0,0,0,0,0,0,0,,425,80,72,58,54,98,88,70,66,247,222,178,166,,REGION_VII|CONSTRUCTION|TILE SETTER|TILE SETTER|TILE SETTING NC II|WITH TR|HIGH,REGION_VII|BOHOL|CONSTRUCTION|TILE SETTER|TILE SETTER|TILE SETTING NC II|WITH TR|HIGH
REGION_VII|BOHOL|CONSTRUCTION|TRANSIT MIXER OPERATOR|TRANSIT MIXER OPERATOR|HEAVY EQUIPMENT OPERATION (TRANSIT MIXER) NC II|WITH TR|HIGH,REGION_VII,BOHOL,CONSTRUCTION,TRANSIT MIXER OPERATOR,TRANSIT MIXER OPERATOR,HEAVY EQUIPMENT OPERATION (TRANSIT MIXER) NC II,WITH TR,HIGH,,853,758,682,546,508,95,86,69,64,0,0,0,0,,426,80,72,58,54,99,89,71,67,247,222,178,166,,REGION_VII|CONSTRUCTION|TRANSIT MIXER OPERATOR|TRANSIT MIXER OPERATOR|HEAVY EQUIPMENT OPERATION (TRANSIT MIXER) NC II|WITH TR|HIGH,REGION_VII|BOHOL|CONSTRUCTION|TRANSIT MIXER OPERATOR|TRANSIT MIXER OPERATOR|HEAVY EQUIPMENT OPERATION (TRANSIT MIXER) NC II|WITH TR|HIGH
REGION_VII|BOHOL|GARMENTS|FASHION DESIGN|BEADS SEWER|FASHION DESIGN (APPAREL) NC III|WITH TR|HIGH,REGION_VII,BOHOL,GARMENTS,FASHION DESIGN,BEADS SEWER,FASHION DESIGN (APPAREL) NC III,WITH TR,HIGH,,707,607,547,438,407,50,45,36,33,50,45,36,33,,353,204,184,148,138,26,23,18,17,123,111,89,83,,REGION_VII|GARMENTS|FASHION DESIGN|BEADS SEWER|FASHION DESIGN (APPAREL) NC III|WITH TR|HIGH,REGION_VII|BOHOL|GARMENTS|FASHION DESIGN|BEADS SEWER|FASHION DESIGN (APPAREL) NC III|WITH TR|HIGH
REGION_VII|BOHOL|GARMENTS|FASHION DESIGN|GOWN DESIGNERS|FASHION DESIGN (APPAREL) NC III|WITH TR|HIGH,REGION_VII,BOHOL,GARMENTS,FASHION DESIGN,GOWN DESIGNERS,FASHION DESIGN (APPAREL) NC III,WITH TR,HIGH,,853,753,678,543,505,50,45,36,33,50,45,36,33,,426,204,184,148,138,99,89,71,67,123,111,89,83,,REGION_VII|GARMENTS|FASHION DESIGN|GOWN DESIGNERS|FASHION DESIGN (APPAREL) NC III|WITH TR|HIGH,REGION_VII|BOHOL|GARMENTS|FASHION DESIGN|GOWN DESIGNERS|FASHION DESIGN (APPAREL) NC III|WITH TR|HIGH
REGION_VII|BOHOL|GARMENTS|GARMENT PRODUCITON|PANTS SEWER|TAILORING NC II|WITH TR|HIGH,REGION_VII,BOHOL,GARMENTS,GARMENT PRODUCITON,PANTS SEWER,TAILORING NC II,WITH TR,HIGH,,852,752,677,542,504,50,45,36,33,50,45,36,33,,426,204,184,148,138,26,23,18,17,196,177,142,133,,REGION_VII|GARMENTS|GARMENT PRODUCITON|PANTS SEWER|TAILORING NC II|WITH TR|HIGH,REGION_VII|BOHOL|GARMENTS|GARMENT PRODUCITON|PANTS SEWER|TAILORING NC II|WITH TR|HIGH
REGION_VII|BOHOL|GARMENTS|GARMENT PRODUCITON|POLO SEWER|DRESSMAKING NC II|WITH TR|HIGH,REGION_VII,BOHOL,GARMENTS,GARMENT PRODUCITON,POLO SEWER,DRESSMAKING NC II,WITH TR,HIGH,,851,746,672,538,501,0,0,0,0,105,95,76,71,,425,124,112,90,84,80,72,58,54,221,200,160,150,,REGION_VII|GARMENTS|GARMENT PRODUCITON|POLO SEWER|DRESSMAKING NC II|WITH TR|HIGH,REGION_VII|BOHOL|GARMENTS|GARMENT PRODUCITON|POLO SEWER|DRESSMAKING NC II|WITH TR|HIGH
REGION_VII|BOHOL|GARMENTS|GARMENT PRODUCITON|T SHIRT SEWERS|DRESSMAKING NC II|WITH TR|HIGH,REGION_VII,BOHOL,GARMENTS,GARMENT PRODUCITON,T SHIRT SEWERS,DRESSMAKING NC II,WITH TR,HIGH,,851,746,672,538,501,0,0,0,0,105,95,76,71,,425,124,112,90,84,80,72,58,54,221,200,160,150,,REGION_VII|GARMENTS|GARMENT PRODUCITON|T SHIRT SEWERS|DRESSMAKING NC II|WITH TR|HIGH,REGION_VII|BOHOL|GARMENTS|GARMENT PRODUCITON|T SHIRT SEWERS|DRESSMAKING NC II|WITH TR|HIGH
"REGION_VII|BOHOL|GARMENTS|GARMENT PRODUCTION, T-SHIRT, POLO, PANT SEWING|SEWER|TAILORING NC II|WITH TR|HIGH",REGION_VII,BOHOL,GARMENTS,"GARMENT PRODUCTION, T-SHIRT, POLO, PANT SEWING",SEWER,TAILORING NC II,WITH TR,HIGH,,852,747,672,538,501,0,0,0,0,105,95,76,71,,426,124,112,90,84,80,72,58,54,222,200,160,150,,"REGION_VII|GARMENTS|GARMENT PRODUCTION, T-SHIRT, POLO, PANT SEWING|SEWER|TAILORING NC II|WITH TR|HIGH","REGION_VII|BOHOL|GARMENTS|GARMENT PRODUCTION, T-SHIRT, POLO, PANT SEWING|SEWER|TAILORING NC II|WITH TR|HIGH"
"REGION_VII|BOHOL|HEATING, VENTILATION, AIRCONDITIONING AND REFRIGERATION|AFTERSALES & SERVICES|REFRIGERATION & AIRCONDITIONING TECHNICIANS|RAC SERVICING (DOMRAC) NC II|WITH TR|HIGH",REGION_VII,BOHOL,"HEATING, VENTILATION, AIRCONDITIONING AND REFRIGERATION",AFTERSALES & SERVICES,REFRIGERATION & AIRCONDITIONING TECHNICIANS,RAC SERVICING (DOMRAC) NC II,WITH TR,HIGH,,850,744,670,536,499,0,0,0,0,106,95,76,71,,425,204,184,148,138,0,0,0,0,221,199,159,149,,"REGION_VII|HEATING, VENTILATION, AIRCONDITIONING AND REFRIGERATION|AFTERSALES & SERVICES|REFRIGERATION & AIRCONDITIONING TECHNICIANS|RAC SERVICING (DOMRAC) NC II|WITH TR|HIGH","REGION_VII|BOHOL|HEATING, VENTILATION, AIRCONDITIONING AND REFRIGERATION|AFTERSALES & SERVICES|REFRIGERATION & AIRCONDITIONING TECHNICIANS|RAC SERVICING (DOMRAC) NC II|WITH TR|HIGH"
"REGION_VII|BOHOL|HEATING, VENTILATION, AIRCONDITIONING AND REFRIGERATION|INDUSTRIAL REFRIGERATION PLANT OPERATOR, INDUSTRIAL REFRIGERATION PLANT TECHNICIAN|REFRIGERATION & AIRCONDITIONING TECHNICIANS|INDUSTRIAL REFRIGERATION OPERATION & MAINTENANCE LEVEL III|WITH CS|HIGH",REGION_VII,BOHOL,"HEATING, VENTILATION, AIRCONDITIONING AND REFRIGERATION","INDUSTRIAL REFRIGERATION PLANT OPERATOR, INDUSTRIAL REFRIGERATION PLANT TECHNICIAN",REFRIGERATION & AIRCONDITIONING TECHNICIANS,INDUSTRIAL REFRIGERATION OPERATION & MAINTENANCE LEVEL III,WITH CS,HIGH,,853,753,678,0,0,50,45,0,0,50,45,0,0,,426,204,184,0,0,26,23,0,0,196,177,0,0,,"REGION_VII|HEATING, VENTILATION, AIRCONDITIONING AND REFRIGERATION|INDUSTRIAL REFRIGERATION PLANT OPERATOR, INDUSTRIAL REFRIGERATION PLANT TECHNICIAN|REFRIGERATION & AIRCONDITIONING TECHNICIANS|INDUSTRIAL REFRIGERATION OPERATION & MAINTENANCE LEVEL III|WITH CS|HIGH","REGION_VII|BOHOL|HEATING, VENTILATION, AIRCONDITIONING AND REFRIGERATION|INDUSTRIAL REFRIGERATION PLANT OPERATOR, INDUSTRIAL REFRIGERATION PLANT TECHNICIAN|REFRIGERATION & AIRCONDITIONING TECHNICIANS|INDUSTRIAL REFRIGERATION OPERATION & MAINTENANCE LEVEL III|WITH CS|HIGH"
"REGION_VII|BOHOL|HEATING, VENTILATION, AIRCONDITIONING AND REFRIGERATION|REPAIR AND INSTALLATION|WELDER|GAS WELDING NC I|WITH TR|HIGH",REGION_VII,BOHOL,"HEATING, VENTILATION, AIRCONDITIONING AND REFRIGERATION",REPAIR AND INSTALLATION,WELDER,GAS WELDING NC I,WITH TR,HIGH,,853,853,768,615,572,0,0,0,0,0,0,0,0,,426,204,184,148,138,26,23,18,17,196,177,142,133,,"REGION_VII|HEATING, VENTILATION, AIRCONDITIONING AND REFRIGERATION|REPAIR AND INSTALLATION|WELDER|GAS WELDING NC I|WITH TR|HIGH","REGION_VII|BOHOL|HEATING, VENTILATION, AIRCONDITIONING AND REFRIGERATION|REPAIR AND INSTALLATION|WELDER|GAS WELDING NC I|WITH TR|HIGH"
REGION_VII|BOHOL|HUMAN HEALTH / HEALTH CARE|HEALTH WORKERS|BARANGAY HEALTH WORKERS|BARANGAY HEALTH SERVICES NC II|WITH TR|HIGH,REGION_VII,BOHOL,HUMAN HEALTH / HEALTH CARE,HEALTH WORKERS,BARANGAY HEALTH WORKERS,BARANGAY HEALTH SERVICES NC II,WITH TR,HIGH,,853,853,768,615,572,0,0,0,0,0,0,0,0,,426,204,184,148,138,26,23,18,17,196,177,142,133,,REGION_VII|HUMAN HEALTH / HEALTH CARE|HEALTH WORKERS|BARANGAY HEALTH WORKERS|BARANGAY HEALTH SERVICES NC II|WITH TR|HIGH,REGION_VII|BOHOL|HUMAN HEALTH / HEALTH CARE|HEALTH WORKERS|BARANGAY HEALTH WORKERS|BARANGAY HEALTH SERVICES NC II|WITH TR|HIGH
REGION_VII|BOHOL|HUMAN HEALTH / HEALTH CARE|HEALTH WORKERS|CAREGIVERS|CAREGIVING NC II|WITH TR|HIGH,REGION_VII,BOHOL,HUMAN HEALTH / HEALTH CARE,HEALTH WORKERS,CAREGIVERS,CAREGIVING NC II,WITH TR,HIGH,,830,736,663,531,494,0,0,0,0,94,85,68,63,,415,124,112,90,84,70,63,50,47,221,200,160,150,,REGION_VII|HUMAN HEALTH / HEALTH CARE|HEALTH WORKERS|CAREGIVERS|CAREGIVING NC II|WITH TR|HIGH,REGION_VII|BOHOL|HUMAN HEALTH / HEALTH CARE|HEALTH WORKERS|CAREGIVERS|CAREGIVING NC II|WITH TR|HIGH
REGION_VII|BOHOL|HUMAN HEALTH / HEALTH CARE|HEALTH WORKERS|HEALTHCARE WORKER|HEALTH CARE SERVICES NC II|WITH TR|HIGH,REGION_VII,BOHOL,HUMAN HEALTH / HEALTH CARE,HEALTH WORKERS,HEALTHCARE WORKER,HEALTH CARE SERVICES NC II,WITH TR,HIGH,,851,746,672,538,501,0,0,0,0,105,95,76,71,,425,124,112,90,84,80,72,58,54,221,200,160,150,,REGION_VII|HUMAN HEALTH / HEALTH CARE|HEALTH WORKERS|HEALTHCARE WORKER|HEALTH CARE SERVICES NC II|WITH TR|HIGH,REGION_VII|BOHOL|HUMAN HEALTH / HEALTH CARE|HEALTH WORKERS|HEALTHCARE WORKER|HEALTH CARE SERVICES NC II|WITH TR|HIGH
"REGION_VII|BOHOL|HUMAN HEALTH / HEALTH CARE|MASSEURS, HILOT WORKERS|MASSAGE THERAPIST|MASSAGE THERAPY NC II|WITH TR|HIGH",REGION_VII,BOHOL,HUMAN HEALTH / HEALTH CARE,"MASSEURS, HILOT WORKERS",MASSAGE THERAPIST,MASSAGE THERAPY NC II,WITH TR,HIGH,,853,747,672,538,501,0,0,0,0,106,95,76,71,,426,124,112,90,84,80,72,58,54,222,200,160,150,,"REGION_VII|HUMAN HEALTH / HEALTH CARE|MASSEURS, HILOT WORKERS|MASSAGE THERAPIST|MASSAGE THERAPY NC II|WITH TR|HIGH","REGION_VII|BOHOL|HUMAN HEALTH / HEALTH CARE|MASSEURS, HILOT WORKERS|MASSAGE THERAPIST|MASSAGE THERAPY NC II|WITH TR|HIGH"
REGION_VII|BOHOL|INFORMATION AND COMMUNICATION TECHNOLOGY|ANIMATION SERVICES|2D ANIMATION|2D ANIMATION NC III|WITH TR|HIGH,REGION_VII,BOHOL,INFORMATION AND COMMUNICATION TECHNOLOGY,ANIMATION SERVICES,2D ANIMATION,2D ANIMATION NC III,WITH TR,HIGH,,853,753,678,543,505,100,90,72,67,0,0,0,0,,426,277,250,201,188,26,23,18,17,123,111,89,83,,REGION_VII|INFORMATION AND COMMUNICATION TECHNOLOGY|ANIMATION SERVICES|2D ANIMATION|2D ANIMATION NC III|WITH TR|HIGH,REGION_VII|BOHOL|INFORMATION AND COMMUNICATION TECHNOLOGY|ANIMATION SERVICES|2D ANIMATION|2D ANIMATION NC III|WITH TR|HIGH
REGION_VII|BOHOL|INFORMATION AND COMMUNICATION TECHNOLOGY|ANIMATION SERVICES|2D ANIMATOR|2D ANIMATION NC III|WITH TR|HIGH,REGION_VII,BOHOL,INFORMATION AND COMMUNICATION TECHNOLOGY,ANIMATION SERVICES,2D ANIMATOR,2D ANIMATION NC III,WITH TR,HIGH,,853,747,672,538,501,0,0,0,0,106,95,76,71,,426,197,178,143,134,80,72,58,54,149,134,107,100,,REGION_VII|INFORMATION AND COMMUNICATION TECHNOLOGY|ANIMATION SERVICES|2D ANIMATOR|2D ANIMATION NC III|WITH TR|HIGH,REGION_VII|BOHOL|INFORMATION AND COMMUNICATION TECHNOLOGY|ANIMATION SERVICES|2D ANIMATOR|2D ANIMATION NC III|WITH TR|HIGH
REGION_VII|BOHOL|INFORMATION AND COMMUNICATION TECHNOLOGY|CONTACT CENTER AND BPO|CALL CENTER AGENTS|CONTACT CENTER SERVICES NC II|WITH TR|HIGH,REGION_VII,BOHOL,INFORMATION AND COMMUNICATION TECHNOLOGY,CONTACT CENTER AND BPO,CALL CENTER AGENTS,CONTACT CENTER SERVICES NC II,WITH TR,HIGH,,853,753,678,543,505,100,90,72,67,0,0,0,0,,426,277,250,201,188,26,23,18,17,123,111,89,83,,REGION_VII|INFORMATION AND COMMUNICATION TECHNOLOGY|CONTACT CENTER AND BPO|CALL CENTER AGENTS|CONTACT CENTER SERVICES NC II|WITH TR|HIGH,REGION_VII|BOHOL|INFORMATION AND COMMUNICATION TECHNOLOGY|CONTACT CENTER AND BPO|CALL CENTER AGENTS|CONTACT CENTER SERVICES NC II|WITH TR|HIGH
REGION_VII|BOHOL|INFORMATION AND COMMUNICATION TECHNOLOGY|CONTACT CENTER AND BPO|CUSTOMER SERVICE REPRESENTATIVE|CONTACT CENTER SERVICES NC II|WITH TR|HIGH,REGION_VII,BOHOL,INFORMATION AND COMMUNICATION TECHNOLOGY,CONTACT CENTER AND BPO,CUSTOMER SERVICE REPRESENTATIVE,CONTACT CENTER SERVICES NC II,WITH TR,HIGH,,853,747,672,538,501,0,0,0,0,106,95,76,71,,426,197,178,143,134,80,72,58,54,149,134,107,100,,REGION_VII|INFORMATION AND COMMUNICATION TECHNOLOGY|CONTACT CENTER AND BPO|CUSTOMER SERVICE REPRESENTATIVE|CONTACT CENTER SERVICES NC II|WITH TR|HIGH,REGION_VII|BOHOL|INFORMATION AND COMMUNICATION TECHNOLOGY|CONTACT CENTER AND BPO|CUSTOMER SERVICE REPRESENTATIVE|CONTACT CENTER SERVICES NC II|WITH TR|HIGH
REGION_VII|BOHOL|INFORMATION AND COMMUNICATION TECHNOLOGY|E-COMMERCE|DATA ANALYST|DATA ANALYTICS LEVEL III|WITH TR|HIGH,REGION_VII,BOHOL,INFORMATION AND COMMUNICATION TECHNOLOGY,E-COMMERCE,DATA ANALYST,DATA ANALYTICS LEVEL III,WITH TR,HIGH,,853,747,672,538,501,0,0,0,0,106,95,76,71,,426,124,112,90,84,153,138,111,104,149,134,107,100,,REGION_VII|INFORMATION AND COMMUNICATION TECHNOLOGY|E-COMMERCE|DATA ANALYST|DATA ANALYTICS LEVEL III|WITH TR|HIGH,REGION_VII|BOHOL|INFORMATION AND COMMUNICATION TECHNOLOGY|E-COMMERCE|DATA ANALYST|DATA ANALYTICS LEVEL III|WITH TR|HIGH
REGION_VII|BOHOL|INFORMATION AND COMMUNICATION TECHNOLOGY|E-COMMERCE|SOCIAL MEDIA MANAGING|CONTENT CREATION (SOCIAL MEDIA) LEVEL III|WITH TR|HIGH,REGION_VII,BOHOL,INFORMATION AND COMMUNICATION TECHNOLOGY,E-COMMERCE,SOCIAL MEDIA MANAGING,CONTENT CREATION (SOCIAL MEDIA) LEVEL III,WITH TR,HIGH,,853,747,672,538,501,0,0,0,0,106,95,76,71,,426,197,178,143,134,0,0,0,0,229,206,165,154,,REGION_VII|INFORMATION AND COMMUNICATION TECHNOLOGY|E-COMMERCE|SOCIAL MEDIA MANAGING|CONTENT CREATION (SOCIAL MEDIA) LEVEL III|WITH TR|HIGH,REGION_VII|BOHOL|INFORMATION AND COMMUNICATION TECHNOLOGY|E-COMMERCE|SOCIAL MEDIA MANAGING|CONTENT CREATION (SOCIAL MEDIA) LEVEL III|WITH TR|HIGH
REGION_VII|BOHOL|INFORMATION AND COMMUNICATION TECHNOLOGY|INFORMATION TECHNOLOGY SERVICES|ATLASSIAN GURU/SCRUM MASTER|WEB DEVELOPMENT NC III|WITH TR|HIGH,REGION_VII,BOHOL,INFORMATION AND COMMUNICATION TECHNOLOGY,INFORMATION TECHNOLOGY SERVICES,ATLASSIAN GURU/SCRUM MASTER,WEB DEVELOPMENT NC III,WITH TR,HIGH,,853,747,672,538,501,0,0,0,0,106,95,76,71,,426,124,112,90,84,153,138,111,104,149,134,107,100,,REGION_VII|INFORMATION AND COMMUNICATION TECHNOLOGY|INFORMATION TECHNOLOGY SERVICES|ATLASSIAN GURU/SCRUM MASTER|WEB DEVELOPMENT NC III|WITH TR|HIGH,REGION_VII|BOHOL|INFORMATION AND COMMUNICATION TECHNOLOGY|INFORMATION TECHNOLOGY SERVICES|ATLASSIAN GURU/SCRUM MASTER|WEB DEVELOPMENT NC III|WITH TR|HIGH
"REGION_VII|BOHOL|INFORMATION AND COMMUNICATION TECHNOLOGY|INFORMATION TECHNOLOGY SERVICES|COMPUTER LITERATE AND PROFICIENT TO WINDOWS OS, APPLE OS, X, MS OFFICE AND GOOGLE APPLICATION|COMPUTER SYSTEMS SERVICING NC II|WITH TR|MEDIUM",REGION_VII,BOHOL,INFORMATION AND COMMUNICATION TECHNOLOGY,INFORMATION TECHNOLOGY SERVICES,"COMPUTER LITERATE AND PROFICIENT TO WINDOWS OS, APPLE OS, X, MS OFFICE AND GOOGLE APPLICATION",COMPUTER SYSTEMS SERVICING NC II,WITH TR,MEDIUM,,164,164,148,118,109,0,0,0,0,0,0,0,0,,218,142,127,101,94,0,0,0,0,76,68,54,50,,"REGION_VII|INFORMATION AND COMMUNICATION TECHNOLOGY|INFORMATION TECHNOLOGY SERVICES|COMPUTER LITERATE AND PROFICIENT TO WINDOWS OS, APPLE OS, X, MS OFFICE AND GOOGLE APPLICATION|COMPUTER SYSTEMS SERVICING NC II|WITH TR|MEDIUM","REGION_VII|BOHOL|INFORMATION AND COMMUNICATION TECHNOLOGY|INFORMATION TECHNOLOGY SERVICES|COMPUTER LITERATE AND PROFICIENT TO WINDOWS OS, APPLE OS, X, MS OFFICE AND GOOGLE APPLICATION|COMPUTER SYSTEMS SERVICING NC II|WITH TR|MEDIUM"
REGION_VII|BOHOL|INFORMATION AND COMMUNICATION TECHNOLOGY|INFORMATION TECHNOLOGY SERVICES|CYBER SECURITY|CYBER RISK ASSESSMENT LEVEL III|WITH TR|HIGH,REGION_VII,BOHOL,INFORMATION AND COMMUNICATION TECHNOLOGY,INFORMATION TECHNOLOGY SERVICES,CYBER SECURITY,CYBER RISK ASSESSMENT LEVEL III,WITH TR,HIGH,,146,146,131,105,98,0,0,0,0,0,0,0,0,,73,73,66,53,50,0,0,0,0,0,0,0,0,,REGION_VII|INFORMATION AND COMMUNICATION TECHNOLOGY|INFORMATION TECHNOLOGY SERVICES|CYBER SECURITY|CYBER RISK ASSESSMENT LEVEL III|WITH TR|HIGH,REGION_VII|BOHOL|INFORMATION AND COMMUNICATION TECHNOLOGY|INFORMATION TECHNOLOGY SERVICES|CYBER SECURITY|CYBER RISK ASSESSMENT LEVEL III|WITH TR|HIGH
REGION_VII|BOHOL|INFORMATION AND COMMUNICATION TECHNOLOGY|INFORMATION TECHNOLOGY SERVICES|HARDWARE DEPLOYMENT|COMPUTER SYSTEMS SERVICING NC II|WITH TR|HIGH,REGION_VII,BOHOL,INFORMATION AND COMMUNICATION TECHNOLOGY,INFORMATION TECHNOLOGY SERVICES,HARDWARE DEPLOYMENT,COMPUTER SYSTEMS SERVICING NC II,WITH TR,HIGH,,141,141,127,102,95,0,0,0,0,0,0,0,0,,70,70,63,50,47,0,0,0,0,0,0,0,0,,REGION_VII|INFORMATION AND COMMUNICATION TECHNOLOGY|INFORMATION TECHNOLOGY SERVICES|HARDWARE DEPLOYMENT|COMPUTER SYSTEMS SERVICING NC II|WITH TR|HIGH,REGION_VII|BOHOL|INFORMATION AND COMMUNICATION TECHNOLOGY|INFORMATION TECHNOLOGY SERVICES|HARDWARE DEPLOYMENT|COMPUTER SYSTEMS SERVICING NC II|WITH TR|HIGH
REGION_VII|BOHOL|INFORMATION AND COMMUNICATION TECHNOLOGY|INFORMATION TECHNOLOGY SERVICES|IT SKILLED INDIVIDUAL|COMPUTER SYSTEMS SERVICING NC II|WITH TR|HIGH,REGION_VII,BOHOL,INFORMATION AND COMMUNICATION TECHNOLOGY,INFORMATION TECHNOLOGY SERVICES,IT SKILLED INDIVIDUAL,COMPUTER SYSTEMS SERVICING NC II,WITH TR,HIGH,,848,748,674,540,502,100,90,72,67,0,0,0,0,,423,274,247,198,185,26,23,18,17,123,111,89,83,,REGION_VII|INFORMATION AND COMMUNICATION TECHNOLOGY|INFORMATION TECHNOLOGY SERVICES|IT SKILLED INDIVIDUAL|COMPUTER SYSTEMS SERVICING NC II|WITH TR|HIGH,REGION_VII|BOHOL|INFORMATION AND COMMUNICATION TECHNOLOGY|INFORMATION TECHNOLOGY SERVICES|IT SKILLED INDIVIDUAL|COMPUTER SYSTEMS SERVICING NC II|WITH TR|HIGH
REGION_VII|BOHOL|INFORMATION AND COMMUNICATION TECHNOLOGY|INFORMATION TECHNOLOGY SERVICES|NETWORK ENGINEER AND FIBER OPTIC SPECIALIST|TELECOM OSP INSTALLATION (FIBER OPTIC CABLE) NC II|WITH TR|MEDIUM,REGION_VII,BOHOL,INFORMATION AND COMMUNICATION TECHNOLOGY,INFORMATION TECHNOLOGY SERVICES,NETWORK ENGINEER AND FIBER OPTIC SPECIALIST,TELECOM OSP INSTALLATION (FIBER OPTIC CABLE) NC II,WITH TR,MEDIUM,,167,167,151,120,111,0,0,0,0,0,0,0,0,,222,146,131,104,97,0,0,0,0,76,68,54,50,,REGION_VII|INFORMATION AND COMMUNICATION TECHNOLOGY|INFORMATION TECHNOLOGY SERVICES|NETWORK ENGINEER AND FIBER OPTIC SPECIALIST|TELECOM OSP INSTALLATION (FIBER OPTIC CABLE) NC II|WITH TR|MEDIUM,REGION_VII|BOHOL|INFORMATION AND COMMUNICATION TECHNOLOGY|INFORMATION TECHNOLOGY SERVICES|NETWORK ENGINEER AND FIBER OPTIC SPECIALIST|TELECOM OSP INSTALLATION (FIBER OPTIC CABLE) NC II|WITH TR|MEDIUM
REGION_VII|BOHOL|INFORMATION AND COMMUNICATION TECHNOLOGY|INFORMATION TECHNOLOGY SERVICES|SENIOR DRUPAL DEVELOPER|WEB DEVELOPMENT NC III|WITH TR|MEDIUM,REGION_VII,BOHOL,INFORMATION AND COMMUNICATION TECHNOLOGY,INFORMATION TECHNOLOGY SERVICES,SENIOR DRUPAL DEVELOPER,WEB DEVELOPMENT NC III,WITH TR,MEDIUM,,223,167,151,120,111,0,0,0,0,56,50,40,37,,297,146,131,104,97,0,0,0,0,151,136,108,100,,REGION_VII|INFORMATION AND COMMUNICATION TECHNOLOGY|INFORMATION TECHNOLOGY SERVICES|SENIOR DRUPAL DEVELOPER|WEB DEVELOPMENT NC III|WITH TR|MEDIUM,REGION_VII|BOHOL|INFORMATION AND COMMUNICATION TECHNOLOGY|INFORMATION TECHNOLOGY SERVICES|SENIOR DRUPAL DEVELOPER|WEB DEVELOPMENT NC III|WITH TR|MEDIUM
REGION_VII|BOHOL|INFORMATION AND COMMUNICATION TECHNOLOGY|INFORMATION TECHNOLOGY SERVICES|SENIOR SWIFT DEVELOPER|WEB DEVELOPMENT NC III|WITH TR|HIGH,REGION_VII,BOHOL,INFORMATION AND COMMUNICATION TECHNOLOGY,INFORMATION TECHNOLOGY SERVICES,SENIOR SWIFT DEVELOPER,WEB DEVELOPMENT NC III,WITH TR,HIGH,,853,747,672,538,501,0,0,0,0,106,95,76,71,,426,197,178,143,134,0,0,0,0,229,206,165,154,,REGION_VII|INFORMATION AND COMMUNICATION TECHNOLOGY|INFORMATION TECHNOLOGY SERVICES|SENIOR SWIFT DEVELOPER|WEB DEVELOPMENT NC III|WITH TR|HIGH,REGION_VII|BOHOL|INFORMATION AND COMMUNICATION TECHNOLOGY|INFORMATION TECHNOLOGY SERVICES|SENIOR SWIFT DEVELOPER|WEB DEVELOPMENT NC III|WITH TR|HIGH
REGION_VII|BOHOL|INFORMATION AND COMMUNICATION TECHNOLOGY|INFORMATION TECHNOLOGY SERVICES|STRUCTURED CABLING|COMPUTER SYSTEMS SERVICING NC II|WITH TR|HIGH,REGION_VII,BOHOL,INFORMATION AND COMMUNICATION TECHNOLOGY,INFORMATION TECHNOLOGY SERVICES,STRUCTURED CABLING,COMPUTER SYSTEMS SERVICING NC II,WITH TR,HIGH,,848,742,668,535,498,0,0,0,0,106,95,76,71,,423,194,175,140,131,0,0,0,0,229,206,165,154,,REGION_VII|INFORMATION AND COMMUNICATION TECHNOLOGY|INFORMATION TECHNOLOGY SERVICES|STRUCTURED CABLING|COMPUTER SYSTEMS SERVICING NC II|WITH TR|HIGH,REGION_VII|BOHOL|INFORMATION AND COMMUNICATION TECHNOLOGY|INFORMATION TECHNOLOGY SERVICES|STRUCTURED CABLING|COMPUTER SYSTEMS SERVICING NC II|WITH TR|HIGH
REGION_VII|BOHOL|INFORMATION AND COMMUNICATION TECHNOLOGY|INFORMATION TECHNOLOGY SERVICES|WEB DEVELOPER AND DESIGNER|WEB DEVELOPMENT NC III|WITH TR|MEDIUM,REGION_VII,BOHOL,INFORMATION AND COMMUNICATION TECHNOLOGY,INFORMATION TECHNOLOGY SERVICES,WEB DEVELOPER AND DESIGNER,WEB DEVELOPMENT NC III,WITH TR,MEDIUM,,223,167,151,120,111,0,0,0,0,56,50,40,37,,297,146,131,104,97,0,0,0,0,151,136,108,100,,REGION_VII|INFORMATION AND COMMUNICATION TECHNOLOGY|INFORMATION TECHNOLOGY SERVICES|WEB DEVELOPER AND DESIGNER|WEB DEVELOPMENT NC III|WITH TR|MEDIUM,REGION_VII|BOHOL|INFORMATION AND COMMUNICATION TECHNOLOGY|INFORMATION TECHNOLOGY SERVICES|WEB DEVELOPER AND DESIGNER|WEB DEVELOPMENT NC III|WITH TR|MEDIUM
REGION_VII|BOHOL|INFORMATION AND COMMUNICATION TECHNOLOGY|MULTIMEDIA SERVICES|GRAPHIC DESIGNERS|VISUAL GRAPHIC DESIGN NC III|WITH TR|HIGH,REGION_VII,BOHOL,INFORMATION AND COMMUNICATION TECHNOLOGY,MULTIMEDIA SERVICES,GRAPHIC DESIGNERS,VISUAL GRAPHIC DESIGN NC III,WITH TR,HIGH,,852,746,672,538,501,0,0,0,0,106,95,76,71,,426,124,112,90,84,153,138,111,104,149,134,107,100,,REGION_VII|INFORMATION AND COMMUNICATION TECHNOLOGY|MULTIMEDIA SERVICES|GRAPHIC DESIGNERS|VISUAL GRAPHIC DESIGN NC III|WITH TR|HIGH,REGION_VII|BOHOL|INFORMATION AND COMMUNICATION TECHNOLOGY|MULTIMEDIA SERVICES|GRAPHIC DESIGNERS|VISUAL GRAPHIC DESIGN NC III|WITH TR|HIGH
REGION_VII|BOHOL|INFORMATION AND COMMUNICATION TECHNOLOGY|MULTIMEDIA SERVICES|MASTER OF PHOTOSHOP|VISUAL GRAPHIC DESIGN NC III|WITH TR|HIGH,REGION_VII,BOHOL,INFORMATION AND COMMUNICATION TECHNOLOGY,MULTIMEDIA SERVICES,MASTER OF PHOTOSHOP,VISUAL GRAPHIC DESIGN NC III,WITH TR,HIGH,,145,145,131,105,98,0,0,0,0,0,0,0,0,,73,73,66,53,50,0,0,0,0,0,0,0,0,,REGION_VII|INFORMATION AND COMMUNICATION TECHNOLOGY|MULTIMEDIA SERVICES|MASTER OF PHOTOSHOP|VISUAL GRAPHIC DESIGN NC III|WITH TR|HIGH,REGION_VII|BOHOL|INFORMATION AND COMMUNICATION TECHNOLOGY|MULTIMEDIA SERVICES|MASTER OF PHOTOSHOP|VISUAL GRAPHIC DESIGN NC III|WITH TR|HIGH
REGION_VII|BOHOL|INFORMATION AND COMMUNICATION TECHNOLOGY|MULTIMEDIA SERVICES|VIDEO EDITOR|FILM AND VIDEO POSTPRODUCTION NC III|WITH TR|HIGH,REGION_VII,BOHOL,INFORMATION AND COMMUNICATION TECHNOLOGY,MULTIMEDIA SERVICES,VIDEO EDITOR,FILM AND VIDEO POSTPRODUCTION NC III,WITH TR,HIGH,,853,747,672,538,501,0,0,0,0,106,95,76,71,,426,197,178,143,134,0,0,0,0,229,206,165,154,,REGION_VII|INFORMATION AND COMMUNICATION TECHNOLOGY|MULTIMEDIA SERVICES|VIDEO EDITOR|FILM AND VIDEO POSTPRODUCTION NC III|WITH TR|HIGH,REGION_VII|BOHOL|INFORMATION AND COMMUNICATION TECHNOLOGY|MULTIMEDIA SERVICES|VIDEO EDITOR|FILM AND VIDEO POSTPRODUCTION NC III|WITH TR|HIGH
REGION_VII|BOHOL|INFORMATION AND COMMUNICATION TECHNOLOGY|MULTIMEDIA SERVICES|VISUAL GRAPHIC DESIGNER|VISUAL GRAPHIC DESIGN NC III|WITH TR|HIGH,REGION_VII,BOHOL,INFORMATION AND COMMUNICATION TECHNOLOGY,MULTIMEDIA SERVICES,VISUAL GRAPHIC DESIGNER,VISUAL GRAPHIC DESIGN NC III,WITH TR,HIGH,,707,601,541,433,403,0,0,0,0,106,95,76,71,,353,124,112,90,84,0,0,0,0,229,206,165,154,,REGION_VII|INFORMATION AND COMMUNICATION TECHNOLOGY|MULTIMEDIA SERVICES|VISUAL GRAPHIC DESIGNER|VISUAL GRAPHIC DESIGN NC III|WITH TR|HIGH,REGION_VII|BOHOL|INFORMATION AND COMMUNICATION TECHNOLOGY|MULTIMEDIA SERVICES|VISUAL GRAPHIC DESIGNER|VISUAL GRAPHIC DESIGN NC III|WITH TR|HIGH
REGION_VII|BOHOL|OTHERS|CULTURAL EXCHANGE AND INTERNATIONAL RELATION|SKILL IN JAPANESE LANGUAGE|LANGUAGE A1 LEVEL|WITH CS|HIGH,REGION_VII,BOHOL,OTHERS,CULTURAL EXCHANGE AND INTERNATIONAL RELATION,SKILL IN JAPANESE LANGUAGE,LANGUAGE A1 LEVEL,WITH CS,HIGH,,853,674,607,0,0,0,0,0,0,179,161,0,0,,426,197,178,0,0,0,0,0,0,229,206,0,0,,REGION_VII|OTHERS|CULTURAL EXCHANGE AND INTERNATIONAL RELATION|SKILL IN JAPANESE LANGUAGE|LANGUAGE A1 LEVEL|WITH CS|HIGH,REGION_VII|BOHOL|OTHERS|CULTURAL EXCHANGE AND INTERNATIONAL RELATION|SKILL IN JAPANESE LANGUAGE|LANGUAGE A1 LEVEL|WITH CS|HIGH
REGION_VII|BOHOL|OTHERS|FURNITURE/SOUVENIRS/UPCYCLING|PRODUCT DESIGNER|WOOD CARVING LEVEL II|WITH CS|HIGH,REGION_VII,BOHOL,OTHERS,FURNITURE/SOUVENIRS/UPCYCLING,PRODUCT DESIGNER,WOOD CARVING LEVEL II,WITH CS,HIGH,,853,506,455,0,0,100,90,0,0,247,222,0,0,,426,197,178,0,0,106,95,0,0,123,111,0,0,,REGION_VII|OTHERS|FURNITURE/SOUVENIRS/UPCYCLING|PRODUCT DESIGNER|WOOD CARVING LEVEL II|WITH CS|HIGH,REGION_VII|BOHOL|OTHERS|FURNITURE/SOUVENIRS/UPCYCLING|PRODUCT DESIGNER|WOOD CARVING LEVEL II|WITH CS|HIGH
REGION_VII|BOHOL|OTHERS|LANGUAGE EDUCATION AND INSTRUCTION|SKILL IN KOREAN LANGUAGE|LANGUAGE A1 LEVEL|WITH CS|MEDIUM,REGION_VII,BOHOL,OTHERS,LANGUAGE EDUCATION AND INSTRUCTION,SKILL IN KOREAN LANGUAGE,LANGUAGE A1 LEVEL,WITH CS,MEDIUM,,223,207,187,0,0,16,14,0,0,0,0,0,0,,297,221,199,0,0,0,0,0,0,76,68,0,0,,REGION_VII|OTHERS|LANGUAGE EDUCATION AND INSTRUCTION|SKILL IN KOREAN LANGUAGE|LANGUAGE A1 LEVEL|WITH CS|MEDIUM,REGION_VII|BOHOL|OTHERS|LANGUAGE EDUCATION AND INSTRUCTION|SKILL IN KOREAN LANGUAGE|LANGUAGE A1 LEVEL|WITH CS|MEDIUM
"REGION_VII|BOHOL|SOCIAL, COMMUNITY DEVELOPMENT AND OTHER SERVICES|COLLECTION AND DISBURSMENT|BOOKKEEPING|BOOKKEEPING NC III|WITH TR|HIGH",REGION_VII,BOHOL,"SOCIAL, COMMUNITY DEVELOPMENT AND OTHER SERVICES",COLLECTION AND DISBURSMENT,BOOKKEEPING,BOOKKEEPING NC III,WITH TR,HIGH,,817,508,457,365,339,0,0,0,0,309,278,222,206,,408,170,153,122,114,0,0,0,0,238,214,171,160,,"REGION_VII|SOCIAL, COMMUNITY DEVELOPMENT AND OTHER SERVICES|COLLECTION AND DISBURSMENT|BOOKKEEPING|BOOKKEEPING NC III|WITH TR|HIGH","REGION_VII|BOHOL|SOCIAL, COMMUNITY DEVELOPMENT AND OTHER SERVICES|COLLECTION AND DISBURSMENT|BOOKKEEPING|BOOKKEEPING NC III|WITH TR|HIGH"
"REGION_VII|BOHOL|SOCIAL, COMMUNITY DEVELOPMENT AND OTHER SERVICES|GEL/POLYGEL NAILS|NAIL ART/NAIL EXTENSION|BEAUTY CARE (NAIL ENHANCEMENT TECHNOLOGY) SERVICES NC III|WITH TR|MEDIUM",REGION_VII,BOHOL,"SOCIAL, COMMUNITY DEVELOPMENT AND OTHER SERVICES",GEL/POLYGEL NAILS,NAIL ART/NAIL EXTENSION,BEAUTY CARE (NAIL ENHANCEMENT TECHNOLOGY) SERVICES NC III,WITH TR,MEDIUM,,56,16,14,11,10,40,36,29,27,0,0,0,0,,75,50,45,36,34,0,0,0,0,25,23,18,17,,"REGION_VII|SOCIAL, COMMUNITY DEVELOPMENT AND OTHER SERVICES|GEL/POLYGEL NAILS|NAIL ART/NAIL EXTENSION|BEAUTY CARE (NAIL ENHANCEMENT TECHNOLOGY) SERVICES NC III|WITH TR|MEDIUM","REGION_VII|BOHOL|SOCIAL, COMMUNITY DEVELOPMENT AND OTHER SERVICES|GEL/POLYGEL NAILS|NAIL ART/NAIL EXTENSION|BEAUTY CARE (NAIL ENHANCEMENT TECHNOLOGY) SERVICES NC III|WITH TR|MEDIUM"
"REGION_VII|BOHOL|SOCIAL, COMMUNITY DEVELOPMENT AND OTHER SERVICES|HAIRSTYLING AND HAIRCARE|BEAUTICIAN SPECIALIST|HAIRDRESSING NC II|WITH TR|HIGH",REGION_VII,BOHOL,"SOCIAL, COMMUNITY DEVELOPMENT AND OTHER SERVICES",HAIRSTYLING AND HAIRCARE,BEAUTICIAN SPECIALIST,HAIRDRESSING NC II,WITH TR,HIGH,,707,607,547,438,407,100,90,72,67,0,0,0,0,,353,230,207,166,155,0,0,0,0,123,111,89,83,,"REGION_VII|SOCIAL, COMMUNITY DEVELOPMENT AND OTHER SERVICES|HAIRSTYLING AND HAIRCARE|BEAUTICIAN SPECIALIST|HAIRDRESSING NC II|WITH TR|HIGH","REGION_VII|BOHOL|SOCIAL, COMMUNITY DEVELOPMENT AND OTHER SERVICES|HAIRSTYLING AND HAIRCARE|BEAUTICIAN SPECIALIST|HAIRDRESSING NC II|WITH TR|HIGH"
"REGION_VII|BOHOL|SOCIAL, COMMUNITY DEVELOPMENT AND OTHER SERVICES|RESIDENTIAL AND COMMERCIAL REAL ESTATE|REAL ESTATE BROOKER|REAL ESTATE SERVICES NC II|WITH TR|HIGH",REGION_VII,BOHOL,"SOCIAL, COMMUNITY DEVELOPMENT AND OTHER SERVICES",RESIDENTIAL AND COMMERCIAL REAL ESTATE,REAL ESTATE BROOKER,REAL ESTATE SERVICES NC II,WITH TR,HIGH,,853,533,480,384,357,0,0,0,0,320,288,231,215,,426,303,273,219,205,0,0,0,0,123,111,89,83,,"REGION_VII|SOCIAL, COMMUNITY DEVELOPMENT AND OTHER SERVICES|RESIDENTIAL AND COMMERCIAL REAL ESTATE|REAL ESTATE BROOKER|REAL ESTATE SERVICES NC II|WITH TR|HIGH","REGION_VII|BOHOL|SOCIAL, COMMUNITY DEVELOPMENT AND OTHER SERVICES|RESIDENTIAL AND COMMERCIAL REAL ESTATE|REAL ESTATE BROOKER|REAL ESTATE SERVICES NC II|WITH TR|HIGH"
"REGION_VII|BOHOL|SOCIAL, COMMUNITY DEVELOPMENT AND OTHER SERVICES|TAX COMPLIANCE|TAX LIAISON|BOOKKEEPING NC III|WITH TR|HIGH",REGION_VII,BOHOL,"SOCIAL, COMMUNITY DEVELOPMENT AND OTHER SERVICES",TAX COMPLIANCE,TAX LIAISON,BOOKKEEPING NC III,WITH TR,HIGH,,817,718,646,516,480,0,0,0,0,99,89,71,66,,408,71,64,51,48,0,0,0,0,337,303,242,226,,"REGION_VII|SOCIAL, COMMUNITY DEVELOPMENT AND OTHER SERVICES|TAX COMPLIANCE|TAX LIAISON|BOOKKEEPING NC III|WITH TR|HIGH","REGION_VII|BOHOL|SOCIAL, COMMUNITY DEVELOPMENT AND OTHER SERVICES|TAX COMPLIANCE|TAX LIAISON|BOOKKEEPING NC III|WITH TR|HIGH"
REGION_VII|BOHOL|TOURISM (HOTEL AND RESTAURANT)|ACCOMMODATION AND TRAVEL SERVICES|DRIVERS|DRIVING NC II|WITH TR|MEDIUM,REGION_VII,BOHOL,TOURISM (HOTEL AND RESTAURANT),ACCOMMODATION AND TRAVEL SERVICES,DRIVERS,DRIVING NC II,WITH TR,MEDIUM,,180,93,84,66,62,19,17,14,13,68,61,48,45,,240,124,112,89,83,0,0,0,0,116,105,84,79,,REGION_VII|TOURISM (HOTEL AND RESTAURANT)|ACCOMMODATION AND TRAVEL SERVICES|DRIVERS|DRIVING NC II|WITH TR|MEDIUM,REGION_VII|BOHOL|TOURISM (HOTEL AND RESTAURANT)|ACCOMMODATION AND TRAVEL SERVICES|DRIVERS|DRIVING NC II|WITH TR|MEDIUM
REGION_VII|BOHOL|TOURISM (HOTEL AND RESTAURANT)|ACCOMMODATION|DIGITAL MARKETING & PROMOTION TECHNOLOGY|DIGITAL MARKETING LEVEL III|WITH CS|MEDIUM,REGION_VII,BOHOL,TOURISM (HOTEL AND RESTAURANT),ACCOMMODATION,DIGITAL MARKETING & PROMOTION TECHNOLOGY,DIGITAL MARKETING LEVEL III,WITH CS,MEDIUM,,223,82,74,0,0,0,0,0,0,141,126,0,0,,297,76,68,0,0,70,63,0,0,151,136,0,0,,REGION_VII|TOURISM (HOTEL AND RESTAURANT)|ACCOMMODATION|DIGITAL MARKETING & PROMOTION TECHNOLOGY|DIGITAL MARKETING LEVEL III|WITH CS|MEDIUM,REGION_VII|BOHOL|TOURISM (HOTEL AND RESTAURANT)|ACCOMMODATION|DIGITAL MARKETING & PROMOTION TECHNOLOGY|DIGITAL MARKETING LEVEL III|WITH CS|MEDIUM
REGION_VII|BOHOL|TOURISM (HOTEL AND RESTAURANT)|ACCOMMODATION|ELECTRICIAN|ELECTRICAL INSTALLATION AND MAINTENANCE NC II|WITH TR|MEDIUM,REGION_VII,BOHOL,TOURISM (HOTEL AND RESTAURANT),ACCOMMODATION,ELECTRICIAN,ELECTRICAL INSTALLATION AND MAINTENANCE NC II,WITH TR,MEDIUM,,199,123,111,88,82,0,0,0,0,76,69,55,51,,265,62,56,45,42,0,0,0,0,203,183,146,137,,REGION_VII|TOURISM (HOTEL AND RESTAURANT)|ACCOMMODATION|ELECTRICIAN|ELECTRICAL INSTALLATION AND MAINTENANCE NC II|WITH TR|MEDIUM,REGION_VII|BOHOL|TOURISM (HOTEL AND RESTAURANT)|ACCOMMODATION|ELECTRICIAN|ELECTRICAL INSTALLATION AND MAINTENANCE NC II|WITH TR|MEDIUM
REGION_VII|BOHOL|TOURISM (HOTEL AND RESTAURANT)|ACCOMMODATION|ELECTRONICS/SOUND SYTEM OPERATOR/TECHNICIAN|ELECTRONIC PRODUCTS ASSEMBLY AND SERVICING NC II|WITH TR|HIGH,REGION_VII,BOHOL,TOURISM (HOTEL AND RESTAURANT),ACCOMMODATION,ELECTRONICS/SOUND SYTEM OPERATOR/TECHNICIAN,ELECTRONIC PRODUCTS ASSEMBLY AND SERVICING NC II,WITH TR,HIGH,,853,747,672,538,501,0,0,0,0,106,95,76,71,,426,197,178,143,134,0,0,0,0,229,206,165,154,,REGION_VII|TOURISM (HOTEL AND RESTAURANT)|ACCOMMODATION|ELECTRONICS/SOUND SYTEM OPERATOR/TECHNICIAN|ELECTRONIC PRODUCTS ASSEMBLY AND SERVICING NC II|WITH TR|HIGH,REGION_VII|BOHOL|TOURISM (HOTEL AND RESTAURANT)|ACCOMMODATION|ELECTRONICS/SOUND SYTEM OPERATOR/TECHNICIAN|ELECTRONIC PRODUCTS ASSEMBLY AND SERVICING NC II|WITH TR|HIGH
REGION_VII|BOHOL|TOURISM (HOTEL AND RESTAURANT)|ACCOMMODATION|LANGUAGES (NIHONGO & KOREAN)|LANGUAGE A1 LEVEL|WITH CS|MEDIUM,REGION_VII,BOHOL,TOURISM (HOTEL AND RESTAURANT),ACCOMMODATION,LANGUAGES (NIHONGO & KOREAN),LANGUAGE A1 LEVEL,WITH CS,MEDIUM,,223,223,201,0,0,0,0,0,0,0,0,0,0,,297,146,131,0,0,0,0,0,0,151,136,0,0,,REGION_VII|TOURISM (HOTEL AND RESTAURANT)|ACCOMMODATION|LANGUAGES (NIHONGO & KOREAN)|LANGUAGE A1 LEVEL|WITH CS|MEDIUM,REGION_VII|BOHOL|TOURISM (HOTEL AND RESTAURANT)|ACCOMMODATION|LANGUAGES (NIHONGO & KOREAN)|LANGUAGE A1 LEVEL|WITH CS|MEDIUM
REGION_VII|BOHOL|TOURISM (HOTEL AND RESTAURANT)|ACCOMMODATION|MASSAGE THERAPIST|MASSAGE THERAPY NC II|WITH TR|MEDIUM,REGION_VII,BOHOL,TOURISM (HOTEL AND RESTAURANT),ACCOMMODATION,MASSAGE THERAPIST,MASSAGE THERAPY NC II,WITH TR,MEDIUM,,223,195,176,140,130,0,0,0,0,28,25,20,19,,297,146,131,104,97,0,0,0,0,151,136,108,100,,REGION_VII|TOURISM (HOTEL AND RESTAURANT)|ACCOMMODATION|MASSAGE THERAPIST|MASSAGE THERAPY NC II|WITH TR|MEDIUM,REGION_VII|BOHOL|TOURISM (HOTEL AND RESTAURANT)|ACCOMMODATION|MASSAGE THERAPIST|MASSAGE THERAPY NC II|WITH TR|MEDIUM
REGION_VII|BOHOL|TOURISM (HOTEL AND RESTAURANT)|ACCOMMODATION|PLUMBERS|PLUMBING NC II|WITH TR|HIGH,REGION_VII,BOHOL,TOURISM (HOTEL AND RESTAURANT),ACCOMMODATION,PLUMBERS,PLUMBING NC II,WITH TR,HIGH,,853,674,607,486,452,0,0,0,0,179,161,129,120,,426,171,154,123,115,133,120,96,90,122,110,88,82,,REGION_VII|TOURISM (HOTEL AND RESTAURANT)|ACCOMMODATION|PLUMBERS|PLUMBING NC II|WITH TR|HIGH,REGION_VII|BOHOL|TOURISM (HOTEL AND RESTAURANT)|ACCOMMODATION|PLUMBERS|PLUMBING NC II|WITH TR|HIGH
REGION_VII|BOHOL|TOURISM (HOTEL AND RESTAURANT)|ACCOMMODATION|RAC/HVAC TECHNICIAN/INSTALLER|RAC SERVICING (DOMRAC) NC II|WITH TR|MEDIUM,REGION_VII,BOHOL,TOURISM (HOTEL AND RESTAURANT),ACCOMMODATION,RAC/HVAC TECHNICIAN/INSTALLER,RAC SERVICING (DOMRAC) NC II,WITH TR,MEDIUM,,221,165,149,119,110,0,0,0,0,56,50,40,37,,295,144,129,103,96,0,0,0,0,151,136,108,100,,REGION_VII|TOURISM (HOTEL AND RESTAURANT)|ACCOMMODATION|RAC/HVAC TECHNICIAN/INSTALLER|RAC SERVICING (DOMRAC) NC II|WITH TR|MEDIUM,REGION_VII|BOHOL|TOURISM (HOTEL AND RESTAURANT)|ACCOMMODATION|RAC/HVAC TECHNICIAN/INSTALLER|RAC SERVICING (DOMRAC) NC II|WITH TR|MEDIUM
REGION_VII|BOHOL|TOURISM (HOTEL AND RESTAURANT)|ACCOMMODATION|SOLAR TECHNICIAN|PV SYSTEMS INSTALLATION NC II|WITH TR|MEDIUM,REGION_VII,BOHOL,TOURISM (HOTEL AND RESTAURANT),ACCOMMODATION,SOLAR TECHNICIAN,PV SYSTEMS INSTALLATION NC II,WITH TR,MEDIUM,,223,167,151,120,111,0,0,0,0,56,50,40,37,,297,146,131,104,97,0,0,0,0,151,136,108,100,,REGION_VII|TOURISM (HOTEL AND RESTAURANT)|ACCOMMODATION|SOLAR TECHNICIAN|PV SYSTEMS INSTALLATION NC II|WITH TR|MEDIUM,REGION_VII|BOHOL|TOURISM (HOTEL AND RESTAURANT)|ACCOMMODATION|SOLAR TECHNICIAN|PV SYSTEMS INSTALLATION NC II|WITH TR|MEDIUM
REGION_VII|BOHOL|TOURISM (HOTEL AND RESTAURANT)|ACCOMMODATION|TAX LIAISON|BOOKKEEPING NC III|WITH TR|HIGH,REGION_VII,BOHOL,TOURISM (HOTEL AND RESTAURANT),ACCOMMODATION,TAX LIAISON,BOOKKEEPING NC III,WITH TR,HIGH,,817,817,735,587,546,0,0,0,0,0,0,0,0,,408,289,260,208,194,0,0,0,0,119,107,86,80,,REGION_VII|TOURISM (HOTEL AND RESTAURANT)|ACCOMMODATION|TAX LIAISON|BOOKKEEPING NC III|WITH TR|HIGH,REGION_VII|BOHOL|TOURISM (HOTEL AND RESTAURANT)|ACCOMMODATION|TAX LIAISON|BOOKKEEPING NC III|WITH TR|HIGH
REGION_VII|BOHOL|TOURISM (HOTEL AND RESTAURANT)|ACCOMODATION|FRONT OFFICE SERVICES HIGHER QUALIFICATIONS (FRONT OFFICE SUPERVISOR/MANAGER)|FRONT OFFICE SERVICES NC III|WITH TR|MEDIUM,REGION_VII,BOHOL,TOURISM (HOTEL AND RESTAURANT),ACCOMODATION,FRONT OFFICE SERVICES HIGHER QUALIFICATIONS (FRONT OFFICE SUPERVISOR/MANAGER),FRONT OFFICE SERVICES NC III,WITH TR,MEDIUM,,223,167,151,120,111,0,0,0,0,56,50,40,37,,297,146,131,104,97,0,0,0,0,151,136,108,100,,REGION_VII|TOURISM (HOTEL AND RESTAURANT)|ACCOMODATION|FRONT OFFICE SERVICES HIGHER QUALIFICATIONS (FRONT OFFICE SUPERVISOR/MANAGER)|FRONT OFFICE SERVICES NC III|WITH TR|MEDIUM,REGION_VII|BOHOL|TOURISM (HOTEL AND RESTAURANT)|ACCOMODATION|FRONT OFFICE SERVICES HIGHER QUALIFICATIONS (FRONT OFFICE SUPERVISOR/MANAGER)|FRONT OFFICE SERVICES NC III|WITH TR|MEDIUM
REGION_VII|BOHOL|TOURISM (HOTEL AND RESTAURANT)|ACCOMODATION|HOUSEKEEPING SERVICES HIGHER QUALIFICATIONS (HOUSEKEEPING SUPERVISOR/MANAGER)|HOUSEKEEPING NC III|WITH TR|MEDIUM,REGION_VII,BOHOL,TOURISM (HOTEL AND RESTAURANT),ACCOMODATION,HOUSEKEEPING SERVICES HIGHER QUALIFICATIONS (HOUSEKEEPING SUPERVISOR/MANAGER),HOUSEKEEPING NC III,WITH TR,MEDIUM,,223,223,201,160,148,0,0,0,0,0,0,0,0,,297,221,199,158,147,0,0,0,0,76,68,54,50,,REGION_VII|TOURISM (HOTEL AND RESTAURANT)|ACCOMODATION|HOUSEKEEPING SERVICES HIGHER QUALIFICATIONS (HOUSEKEEPING SUPERVISOR/MANAGER)|HOUSEKEEPING NC III|WITH TR|MEDIUM,REGION_VII|BOHOL|TOURISM (HOTEL AND RESTAURANT)|ACCOMODATION|HOUSEKEEPING SERVICES HIGHER QUALIFICATIONS (HOUSEKEEPING SUPERVISOR/MANAGER)|HOUSEKEEPING NC III|WITH TR|MEDIUM
REGION_VII|BOHOL|TOURISM (HOTEL AND RESTAURANT)|ACCOMODATION|LAUNDRY SUPERVISOR|HOUSEKEEPING NC III|WITH TR|MEDIUM,REGION_VII,BOHOL,TOURISM (HOTEL AND RESTAURANT),ACCOMODATION,LAUNDRY SUPERVISOR,HOUSEKEEPING NC III,WITH TR,MEDIUM,,223,223,201,160,148,0,0,0,0,0,0,0,0,,297,221,199,158,147,0,0,0,0,76,68,54,50,,REGION_VII|TOURISM (HOTEL AND RESTAURANT)|ACCOMODATION|LAUNDRY SUPERVISOR|HOUSEKEEPING NC III|WITH TR|MEDIUM,REGION_VII|BOHOL|TOURISM (HOTEL AND RESTAURANT)|ACCOMODATION|LAUNDRY SUPERVISOR|HOUSEKEEPING NC III|WITH TR|MEDIUM
REGION_VII|BOHOL|TOURISM (HOTEL AND RESTAURANT)|ACCOMODATION|LIFEGUARD SERVICES (LIFEGUARD)|LIFEGUARD SERVICES NC II|WITH TR|MEDIUM,REGION_VII,BOHOL,TOURISM (HOTEL AND RESTAURANT),ACCOMODATION,LIFEGUARD SERVICES (LIFEGUARD),LIFEGUARD SERVICES NC II,WITH TR,MEDIUM,,223,136,122,97,90,30,27,22,20,57,51,41,38,,297,221,199,158,147,0,0,0,0,76,68,54,50,,REGION_VII|TOURISM (HOTEL AND RESTAURANT)|ACCOMODATION|LIFEGUARD SERVICES (LIFEGUARD)|LIFEGUARD SERVICES NC II|WITH TR|MEDIUM,REGION_VII|BOHOL|TOURISM (HOTEL AND RESTAURANT)|ACCOMODATION|LIFEGUARD SERVICES (LIFEGUARD)|LIFEGUARD SERVICES NC II|WITH TR|MEDIUM
REGION_VII|BOHOL|TOURISM (HOTEL AND RESTAURANT)|ACCOMODATION|LINEN/UNIFORM SUPERVISOR|HOUSEKEEPING NC III|WITH TR|MEDIUM,REGION_VII,BOHOL,TOURISM (HOTEL AND RESTAURANT),ACCOMODATION,LINEN/UNIFORM SUPERVISOR,HOUSEKEEPING NC III,WITH TR,MEDIUM,,223,166,149,119,110,0,0,0,0,57,51,41,38,,297,146,131,104,97,0,0,0,0,151,136,108,100,,REGION_VII|TOURISM (HOTEL AND RESTAURANT)|ACCOMODATION|LINEN/UNIFORM SUPERVISOR|HOUSEKEEPING NC III|WITH TR|MEDIUM,REGION_VII|BOHOL|TOURISM (HOTEL AND RESTAURANT)|ACCOMODATION|LINEN/UNIFORM SUPERVISOR|HOUSEKEEPING NC III|WITH TR|MEDIUM
REGION_VII|BOHOL|TOURISM (HOTEL AND RESTAURANT)|ACCOMODATION|PUBLIC AREA SUPERVISOR|HOUSEKEEPING NC III|WITH TR|MEDIUM,REGION_VII,BOHOL,TOURISM (HOTEL AND RESTAURANT),ACCOMODATION,PUBLIC AREA SUPERVISOR,HOUSEKEEPING NC III,WITH TR,MEDIUM,,223,197,178,142,131,26,23,18,17,0,0,0,0,,297,221,199,158,147,0,0,0,0,76,68,54,50,,REGION_VII|TOURISM (HOTEL AND RESTAURANT)|ACCOMODATION|PUBLIC AREA SUPERVISOR|HOUSEKEEPING NC III|WITH TR|MEDIUM,REGION_VII|BOHOL|TOURISM (HOTEL AND RESTAURANT)|ACCOMODATION|PUBLIC AREA SUPERVISOR|HOUSEKEEPING NC III|WITH TR|MEDIUM
REGION_VII|BOHOL|TOURISM (HOTEL AND RESTAURANT)|FOOD AND BEVERAGES|BARTENDING (BARTENDER)|BARTENDING NC II|WITH TR|HIGH,REGION_VII,BOHOL,TOURISM (HOTEL AND RESTAURANT),FOOD AND BEVERAGES,BARTENDING (BARTENDER),BARTENDING NC II,WITH TR,HIGH,,848,430,388,311,289,100,90,72,67,318,287,230,214,,424,256,231,185,173,46,41,33,31,122,110,88,82,,REGION_VII|TOURISM (HOTEL AND RESTAURANT)|FOOD AND BEVERAGES|BARTENDING (BARTENDER)|BARTENDING NC II|WITH TR|HIGH,REGION_VII|BOHOL|TOURISM (HOTEL AND RESTAURANT)|FOOD AND BEVERAGES|BARTENDING (BARTENDER)|BARTENDING NC II|WITH TR|HIGH
REGION_VII|BOHOL|TOURISM (HOTEL AND RESTAURANT)|FOOD AND BEVERAGES|FOOD AND BEVERAGE SERVICES ATTENDANT|FOOD AND BEVERAGE SERVICES NC II|WITH TR|MEDIUM,REGION_VII,BOHOL,TOURISM (HOTEL AND RESTAURANT),FOOD AND BEVERAGES,FOOD AND BEVERAGE SERVICES ATTENDANT,FOOD AND BEVERAGE SERVICES NC II,WITH TR,MEDIUM,,214,162,146,117,108,0,0,0,0,52,47,38,35,,284,69,62,50,47,0,0,0,0,215,193,155,145,,REGION_VII|TOURISM (HOTEL AND RESTAURANT)|FOOD AND BEVERAGES|FOOD AND BEVERAGE SERVICES ATTENDANT|FOOD AND BEVERAGE SERVICES NC II|WITH TR|MEDIUM,REGION_VII|BOHOL|TOURISM (HOTEL AND RESTAURANT)|FOOD AND BEVERAGES|FOOD AND BEVERAGE SERVICES ATTENDANT|FOOD AND BEVERAGE SERVICES NC II|WITH TR|MEDIUM
REGION_VII|BOHOL|TOURISM (HOTEL AND RESTAURANT)|FOOD AND BEVERAGES|FOOD AND BEVERAGE SERVICES HIGHER QUALIFICATIONS (FBS SUPERVISOR/MANAGER)|FOOD AND BEVERAGE SERVICES NC III|WITH TR|MEDIUM,REGION_VII,BOHOL,TOURISM (HOTEL AND RESTAURANT),FOOD AND BEVERAGES,FOOD AND BEVERAGE SERVICES HIGHER QUALIFICATIONS (FBS SUPERVISOR/MANAGER),FOOD AND BEVERAGE SERVICES NC III,WITH TR,MEDIUM,,223,167,151,120,111,0,0,0,0,56,50,40,37,,297,146,131,104,97,0,0,0,0,151,136,108,100,,REGION_VII|TOURISM (HOTEL AND RESTAURANT)|FOOD AND BEVERAGES|FOOD AND BEVERAGE SERVICES HIGHER QUALIFICATIONS (FBS SUPERVISOR/MANAGER)|FOOD AND BEVERAGE SERVICES NC III|WITH TR|MEDIUM,REGION_VII|BOHOL|TOURISM (HOTEL AND RESTAURANT)|FOOD AND BEVERAGES|FOOD AND BEVERAGE SERVICES HIGHER QUALIFICATIONS (FBS SUPERVISOR/MANAGER)|FOOD AND BEVERAGE SERVICES NC III|WITH TR|MEDIUM
REGION_VII|BOHOL|TOURISM (HOTEL AND RESTAURANT)|FOOD PRODUCTION|ASSISTANT COOK|COOKERY NC II|WITH TR|MEDIUM,REGION_VII,BOHOL,TOURISM (HOTEL AND RESTAURANT),FOOD PRODUCTION,ASSISTANT COOK,COOKERY NC II,WITH TR,MEDIUM,,192,151,136,108,101,18,16,13,12,23,21,17,16,,256,185,167,133,125,0,0,0,0,71,64,51,48,,REGION_VII|TOURISM (HOTEL AND RESTAURANT)|FOOD PRODUCTION|ASSISTANT COOK|COOKERY NC II|WITH TR|MEDIUM,REGION_VII|BOHOL|TOURISM (HOTEL AND RESTAURANT)|FOOD PRODUCTION|ASSISTANT COOK|COOKERY NC II|WITH TR|MEDIUM
"REGION_VII|BOHOL|TOURISM (HOTEL AND RESTAURANT)|FOOD PRODUCTION|COMMIS PASTRY
 BAKER|BREAD AND PASTRY PRODUCTION NC II|WITH TR|HIGH",REGION_VII,BOHOL,TOURISM (HOTEL AND RESTAURANT),FOOD PRODUCTION,"COMMIS PASTRY
 BAKER",BREAD AND PASTRY PRODUCTION NC II,WITH TR,HIGH,,853,427,384,307,286,0,0,0,0,426,383,307,286,,426,73,66,53,50,0,0,0,0,353,317,254,237,,"REGION_VII|TOURISM (HOTEL AND RESTAURANT)|FOOD PRODUCTION|COMMIS PASTRY
 BAKER|BREAD AND PASTRY PRODUCTION NC II|WITH TR|HIGH","REGION_VII|BOHOL|TOURISM (HOTEL AND RESTAURANT)|FOOD PRODUCTION|COMMIS PASTRY
 BAKER|BREAD AND PASTRY PRODUCTION NC II|WITH TR|HIGH"
REGION_VII|BOHOL|TOURISM (HOTEL AND RESTAURANT)|FOOD PRODUCTION|COOK OR COMMIS|COOKERY NC II|WITH TR|MEDIUM,REGION_VII,BOHOL,TOURISM (HOTEL AND RESTAURANT),FOOD PRODUCTION,COOK OR COMMIS,COOKERY NC II,WITH TR,MEDIUM,,192,151,136,108,101,0,0,0,0,41,37,30,28,,256,114,103,82,77,0,0,0,0,142,128,102,95,,REGION_VII|TOURISM (HOTEL AND RESTAURANT)|FOOD PRODUCTION|COOK OR COMMIS|COOKERY NC II|WITH TR|MEDIUM,REGION_VII|BOHOL|TOURISM (HOTEL AND RESTAURANT)|FOOD PRODUCTION|COOK OR COMMIS|COOKERY NC II|WITH TR|MEDIUM
REGION_VII|BOHOL|TOURISM (HOTEL AND RESTAURANT)|FOOD PRODUCTION|FOOD PROCESSING (QUALITY CONTROLLER)|FOOD PROCESSING NC II|WITH TR|MEDIUM,REGION_VII,BOHOL,TOURISM (HOTEL AND RESTAURANT),FOOD PRODUCTION,FOOD PROCESSING (QUALITY CONTROLLER),FOOD PROCESSING NC II,WITH TR,MEDIUM,,223,167,151,120,111,0,0,0,0,56,50,40,37,,297,146,131,104,97,0,0,0,0,151,136,108,100,,REGION_VII|TOURISM (HOTEL AND RESTAURANT)|FOOD PRODUCTION|FOOD PROCESSING (QUALITY CONTROLLER)|FOOD PROCESSING NC II|WITH TR|MEDIUM,REGION_VII|BOHOL|TOURISM (HOTEL AND RESTAURANT)|FOOD PRODUCTION|FOOD PROCESSING (QUALITY CONTROLLER)|FOOD PROCESSING NC II|WITH TR|MEDIUM
REGION_VII|BOHOL|TOURISM (HOTEL AND RESTAURANT)|FOOD PRODUCTION|PREPARE COLD MEALS|COOKERY NC II|WITH TR|HIGH,REGION_VII,BOHOL,TOURISM (HOTEL AND RESTAURANT),FOOD PRODUCTION,PREPARE COLD MEALS,COOKERY NC II,WITH TR,HIGH,,802,771,694,555,516,31,28,22,20,0,0,0,0,,401,281,253,203,190,0,0,0,0,120,108,86,80,,REGION_VII|TOURISM (HOTEL AND RESTAURANT)|FOOD PRODUCTION|PREPARE COLD MEALS|COOKERY NC II|WITH TR|HIGH,REGION_VII|BOHOL|TOURISM (HOTEL AND RESTAURANT)|FOOD PRODUCTION|PREPARE COLD MEALS|COOKERY NC II|WITH TR|HIGH
REGION_VII|BOHOL|TOURISM (HOTEL AND RESTAURANT)|FOOD PRODUCTION|PREPARE HOT MEALS|COOKERY NC II|WITH TR|HIGH,REGION_VII,BOHOL,TOURISM (HOTEL AND RESTAURANT),FOOD PRODUCTION,PREPARE HOT MEALS,COOKERY NC II,WITH TR,HIGH,,802,530,477,382,355,31,28,22,20,241,217,174,162,,401,190,171,137,128,0,0,0,0,211,190,152,142,,REGION_VII|TOURISM (HOTEL AND RESTAURANT)|FOOD PRODUCTION|PREPARE HOT MEALS|COOKERY NC II|WITH TR|HIGH,REGION_VII|BOHOL|TOURISM (HOTEL AND RESTAURANT)|FOOD PRODUCTION|PREPARE HOT MEALS|COOKERY NC II|WITH TR|HIGH
"REGION_VII|BOHOL|TOURISM (HOTEL AND RESTAURANT)|TRAVEL AND TOURS|TOUR GUIDING, LOCAL GUIDING SERVICES (TOUR GUIDEFOREIGN LANGUAGE OTHER THAN ENGLISH)|TOUR GUIDING SERVICES NC III|WITH TR|MEDIUM",REGION_VII,BOHOL,TOURISM (HOTEL AND RESTAURANT),TRAVEL AND TOURS,"TOUR GUIDING, LOCAL GUIDING SERVICES (TOUR GUIDEFOREIGN LANGUAGE OTHER THAN ENGLISH)",TOUR GUIDING SERVICES NC III,WITH TR,MEDIUM,,223,167,151,120,111,0,0,0,0,56,50,40,37,,297,146,131,104,97,0,0,0,0,151,136,108,100,,"REGION_VII|TOURISM (HOTEL AND RESTAURANT)|TRAVEL AND TOURS|TOUR GUIDING, LOCAL GUIDING SERVICES (TOUR GUIDEFOREIGN LANGUAGE OTHER THAN ENGLISH)|TOUR GUIDING SERVICES NC III|WITH TR|MEDIUM","REGION_VII|BOHOL|TOURISM (HOTEL AND RESTAURANT)|TRAVEL AND TOURS|TOUR GUIDING, LOCAL GUIDING SERVICES (TOUR GUIDEFOREIGN LANGUAGE OTHER THAN ENGLISH)|TOUR GUIDING SERVICES NC III|WITH TR|MEDIUM"
"REGION_VII|BOHOL|TOURISM (HOTEL AND RESTAURANT)|TRAVEL AND TOURS|TOURISM PROMOTIONS SERVICES (ONLINE TRAVEL ADVISOR, ONLINE TOURISM PROMOTIONAL MATERIAL DEVELOPER)|TOURISM PROMOTION SERVICES NC II|WITH TR|MEDIUM",REGION_VII,BOHOL,TOURISM (HOTEL AND RESTAURANT),TRAVEL AND TOURS,"TOURISM PROMOTIONS SERVICES (ONLINE TRAVEL ADVISOR, ONLINE TOURISM PROMOTIONAL MATERIAL DEVELOPER)",TOURISM PROMOTION SERVICES NC II,WITH TR,MEDIUM,,220,167,151,120,111,0,0,0,0,53,48,38,35,,293,146,131,104,97,0,0,0,0,147,132,105,98,,"REGION_VII|TOURISM (HOTEL AND RESTAURANT)|TRAVEL AND TOURS|TOURISM PROMOTIONS SERVICES (ONLINE TRAVEL ADVISOR, ONLINE TOURISM PROMOTIONAL MATERIAL DEVELOPER)|TOURISM PROMOTION SERVICES NC II|WITH TR|MEDIUM","REGION_VII|BOHOL|TOURISM (HOTEL AND RESTAURANT)|TRAVEL AND TOURS|TOURISM PROMOTIONS SERVICES (ONLINE TRAVEL ADVISOR, ONLINE TOURISM PROMOTIONAL MATERIAL DEVELOPER)|TOURISM PROMOTION SERVICES NC II|WITH TR|MEDIUM"