Industry Boards Established by Year and by Sector,,,,,,,,,Partners Established by Year and by Sector,,,,,,,"Partnership Established for the Implementation of EBT program by Year, and by type of Enterprise",,,
"Importing 1.1
(from Pooling, Industry Boards )
[Region|Province|Year|Sector|Organizations|Collab]",Region,Province,Year,Sector,Target Organizations,Areas for Collaboration,,"Importing 1.1
(from Pooling, Partners Established)
[Region|Province|Year|Sector|Organizations|Collab]",Region,Province,Year,Sector,Target Organizations,Areas for Collaboration,,Region,"Baseline
(DTI 2022 Philippine MSME Statistics in Brief)",Year 2,Year 3
,,,,,,,,,,,,,,,,,,"Partners Established for EBT
(Large & MSMEs) ",
,,,,,,,,,,,,,,,,,,,
"REGION VII|BOHOL|2025|INFORMATION AND COMMUNICATION TECHNOLOGY|ICT COUNCIL OF BOHOL PROVINCE INC.|SKILLS NEED FOR THE INDUSTRIES, DEVELOPMENT OF COMPETENCY STANDARD, POLICIES IN TVET IMPLEMENTATION, INDUSTRY IMMERSSION , RESKILLING AND UPSKILLING OF TVET TRAINERS",REGION VII,BOHOL,2025,INFORMATION AND COMMUNICATION TECHNOLOGY,ICT COUNCIL OF BOHOL PROVINCE INC.,"SKILLS NEED FOR THE INDUSTRIES, DEVELOPMENT OF COMPETENCY STANDARD, POLICIES IN TVET IMPLEMENTATION, INDUSTRY IMMERSSION , RESKILLING AND UPSKILLING OF TVET TRAINERS",,"REGION VII|BOHOL|2025|INFORMATION AND COMMUNICATION TECHNOLOGY|TAGBILARAN CITY INFORMATION COMMUNICATION TECHNOLOGY COUNCIL|SKILLS NEED FOR THE INDUSTRIES, DEVELOPMENT OF COMPETENCY STANDARD, POLICIES IN TVET IMPLEMENTATION, INDUSTRY IMMERSSION , RESKILLING AND UPSKILLING OF TVET TRAINERS",REGION VII,BOHOL,2025,AGRICULTURE FORESTRY AND FISHERY,AGRICULTURAL TECHNOLOGY INSTITUTE ,"SKILLS NEED FOR THE INDUSTRIES, DEVELOPMENT OF COMPETENCY STANDARD, POLICIES IN TVET IMPLEMENTATION, INDUSTRY IMMERSSION , RESKILLING AND UPSKILLING OF TVET TRAINERS",,REGION VII,559,1,1
"REGION VII|BOHOL|2026|AGRICULTURE FORESTRY AND FISHERY|ASSOCIATIONS OF FARMERS IN BOHOL|SKILLS NEED FOR THE INDUSTRIES, DEVELOPMENT OF COMPETENCY STANDARD, POLICIES IN TVET IMPLEMENTATION, INDUSTRY IMMERSSION , RESKILLING AND UPSKILLING OF TVET TRAINERS",REGION VII,BOHOL,2026,AGRICULTURE FORESTRY AND FISHERY,ASSOCIATIONS OF FARMERS IN BOHOL,"SKILLS NEED FOR THE INDUSTRIES, DEVELOPMENT OF COMPETENCY STANDARD, POLICIES IN TVET IMPLEMENTATION, INDUSTRY IMMERSSION , RESKILLING AND UPSKILLING OF TVET TRAINERS",,"REGION VII|BOHOL|2025|INFORMATION AND COMMUNICATION TECHNOLOGY|BOHOL ECONOMIC DEVELOPMENT AND INVESTMENT PROMOTION OFFICE|SKILLS NEED FOR THE INDUSTRIES, DEVELOPMENT OF COMPETENCY STANDARD, POLICIES IN TVET IMPLEMENTATION, INDUSTRY IMMERSSION , RESKILLING AND UPSKILLING OF TVET TRAINERS",REGION VII,BOHOL,2025,AGRICULTURE FORESTRY AND FISHERY,DEPARTMENT OF AGRICULTURE,"SKILLS NEED FOR THE INDUSTRIES, DEVELOPMENT OF COMPETENCY STANDARD, POLICIES IN TVET IMPLEMENTATION, INDUSTRY IMMERSSION , RESKILLING AND UPSKILLING OF TVET TRAINERS",,,,,
"REGION VII|BOHOL|2026|TOURISM (HOTEL AND RESTAURANT)|BOHOL ASSOCIATION OF HOTELS RESORTS AND RESTAURANTS|SKILLS NEED FOR THE INDUSTRIES, DEVELOPMENT OF COMPETENCY STANDARD, POLICIES IN TVET IMPLEMENTATION, INDUSTRY IMMERSSION , RESKILLING AND UPSKILLING OF TVET TRAINERS",REGION VII,BOHOL,2026,TOURISM (HOTEL AND RESTAURANT),BOHOL ASSOCIATION OF HOTELS RESORTS AND RESTAURANTS,"SKILLS NEED FOR THE INDUSTRIES, DEVELOPMENT OF COMPETENCY STANDARD, POLICIES IN TVET IMPLEMENTATION, INDUSTRY IMMERSSION , RESKILLING AND UPSKILLING OF TVET TRAINERS",,"REGION VII|BOHOL|2025|AGRICULTURE FORESTRY AND FISHERY|AGRICULTURAL TECHNOLOGY INSTITUTE |SKILLS NEED FOR THE INDUSTRIES, DEVELOPMENT OF COMPETENCY STANDARD, POLICIES IN TVET IMPLEMENTATION, INDUSTRY IMMERSSION , RESKILLING AND UPSKILLING OF TVET TRAINERS",REGION VII,BOHOL,2025,AGRICULTURE FORESTRY AND FISHERY,PHILIPPINE COCONUT AUTHORITY,"SKILLS NEED FOR THE INDUSTRIES, DEVELOPMENT OF COMPETENCY STANDARD, POLICIES IN TVET IMPLEMENTATION, INDUSTRY IMMERSSION , RESKILLING AND UPSKILLING OF TVET TRAINERS",,,,,
,,,,,,,,"REGION VII|BOHOL|2025|AGRICULTURE FORESTRY AND FISHERY|PROVICIAL AGRICULTURE OFFICE|SKILLS NEED FOR THE INDUSTRIES, DEVELOPMENT OF COMPETENCY STANDARD, POLICIES IN TVET IMPLEMENTATION, INDUSTRY IMMERSSION , RESKILLING AND UPSKILLING OF TVET TRAINERS",REGION VII,BOHOL,2025,AGRICULTURE FORESTRY AND FISHERY,PROVICIAL AGRICULTURE OFFICE,"SKILLS NEED FOR THE INDUSTRIES, DEVELOPMENT OF COMPETENCY STANDARD, POLICIES IN TVET IMPLEMENTATION, INDUSTRY IMMERSSION , RESKILLING AND UPSKILLING OF TVET TRAINERS",,,,,
,,,,,,,,"REGION VII|BOHOL|2025|AGRICULTURE FORESTRY AND FISHERY|DEPARTMENT OF AGRICULTURE|SKILLS NEED FOR THE INDUSTRIES, DEVELOPMENT OF COMPETENCY STANDARD, POLICIES IN TVET IMPLEMENTATION, INDUSTRY IMMERSSION , RESKILLING AND UPSKILLING OF TVET TRAINERS",REGION VII,BOHOL,2025,CONSTRUCTION,PHILIPPINE CONTRACTORS ASSOCIATION BOHOL CHAPTER,"SKILLS NEED FOR THE INDUSTRIES, DEVELOPMENT OF COMPETENCY STANDARD, POLICIES IN TVET IMPLEMENTATION, INDUSTRY IMMERSSION , RESKILLING AND UPSKILLING OF TVET TRAINERS",,,,,
,,,,,,,,"REGION VII|BOHOL|2025|AGRICULTURE FORESTRY AND FISHERY|PHILIPPINE COCONUT AUTHORITY|SKILLS NEED FOR THE INDUSTRIES, DEVELOPMENT OF COMPETENCY STANDARD, POLICIES IN TVET IMPLEMENTATION, INDUSTRY IMMERSSION , RESKILLING AND UPSKILLING OF TVET TRAINERS",REGION VII,BOHOL,2025,INFORMATION AND COMMUNICATION TECHNOLOGY,BOHOL ECONOMIC DEVELOPMENT AND INVESTMENT PROMOTION OFFICE,"SKILLS NEED FOR THE INDUSTRIES, DEVELOPMENT OF COMPETENCY STANDARD, POLICIES IN TVET IMPLEMENTATION, INDUSTRY IMMERSSION , RESKILLING AND UPSKILLING OF TVET TRAINERS",,,,,
,,,,,,,,"REGION VII|BOHOL|2025|CONSTRUCTION|PHILIPPINE CONTRACTORS ASSOCIATION BOHOL CHAPTER|SKILLS NEED FOR THE INDUSTRIES, DEVELOPMENT OF COMPETENCY STANDARD, POLICIES IN TVET IMPLEMENTATION, INDUSTRY IMMERSSION , RESKILLING AND UPSKILLING OF TVET TRAINERS",REGION VII,BOHOL,2025,INFORMATION AND COMMUNICATION TECHNOLOGY,TAGBILARAN CITY INFORMATION COMMUNICATION TECHNOLOGY COUNCIL,"SKILLS NEED FOR THE INDUSTRIES, DEVELOPMENT OF COMPETENCY STANDARD, POLICIES IN TVET IMPLEMENTATION, INDUSTRY IMMERSSION , RESKILLING AND UPSKILLING OF TVET TRAINERS",,,,,
,,,,,,,,"REGION VII|BOHOL|2025|TOURISM (HOTEL AND RESTAURANT)|BOHOL ASSOCIATION OF HOTELS RESORTS AND RESTAURANTS|SKILLS NEED FOR THE INDUSTRIES, DEVELOPMENT OF COMPETENCY STANDARD, POLICIES IN TVET IMPLEMENTATION, INDUSTRY IMMERSSION , RESKILLING AND UPSKILLING OF TVET TRAINERS",REGION VII,BOHOL,2025,OTHERS,BOHOL CHAMBER OF COMMERCE AND INDUSTRY,"SKILLS NEED FOR THE INDUSTRIES, DEVELOPMENT OF COMPETENCY STANDARD, POLICIES IN TVET IMPLEMENTATION, INDUSTRY IMMERSSION , RESKILLING AND UPSKILLING OF TVET TRAINERS",,,,,
,,,,,,,,"REGION VII|BOHOL|2025|OTHERS|BOHOL CHAMBER OF COMMERCE AND INDUSTRY|SKILLS NEED FOR THE INDUSTRIES, DEVELOPMENT OF COMPETENCY STANDARD, POLICIES IN TVET IMPLEMENTATION, INDUSTRY IMMERSSION , RESKILLING AND UPSKILLING OF TVET TRAINERS",REGION VII,BOHOL,2025,TOURISM (HOTEL AND RESTAURANT),BOHOL ASSOCIATION OF HOTELS RESORTS AND RESTAURANTS,"SKILLS NEED FOR THE INDUSTRIES, DEVELOPMENT OF COMPETENCY STANDARD, POLICIES IN TVET IMPLEMENTATION, INDUSTRY IMMERSSION , RESKILLING AND UPSKILLING OF TVET TRAINERS",,,,,