Training Providers and Assessment Centers,,,,,,,,,,,,,,,,,,,,,,,,,,
"Importing 1
(Identifier from Pooling)
[Region|Province|Sector|Sub|Job|Program|Type|Rank]",Region,Province,Sector,Sub-sector,Job Requirement,Programs,"Program
Type","Priority
Ranking
(Province)",,Year 2,,,,,,,,,Year 3,,,,,,,
,,,,,,,,,,Training Modality,,,Total Modality:,Total Targeted Number of:,,,,,Training Modality,,,Total Modality:,Total Targeted Number of:,,,
,,,,,,,,,,IBT,CBT,EBT,,RP's,AC's,APACC Accreditation,"STAR
Award",,IBT,CBT,EBT,,RP's,AC's,APACC Accreditation,"STAR
Award"
,,,,,,,,Total:,,368,68,139,575,575,203,,8,,125,141,73,339,339,139,,7
REGION_VII|BOHOL|AGRICULTURE FORESTRY AND FISHERY|AGRICULTURE FORESTRY AND FISHERY|SMART FARMING EQUIPMENT OPERATOR|AGRICULTURAL DRONE OPERATION LEVEL II|WITH TR|HIGH,REGION_VII,BOHOL,AGRICULTURE FORESTRY AND FISHERY,AGRICULTURE FORESTRY AND FISHERY,SMART FARMING EQUIPMENT OPERATOR,AGRICULTURAL DRONE OPERATION LEVEL II,WITH TR,HIGH,,0,0,3,3,3,1,0,0,,0,0,2,2,2,0,0,0
REGION_VII|BOHOL|AGRICULTURE FORESTRY AND FISHERY|AGRICULTURE|REPAIR OF FARM MECHANICAL EQUIPMENT|NONE|NEW AND EMERGING|HIGH,REGION_VII,BOHOL,AGRICULTURE FORESTRY AND FISHERY,AGRICULTURE,REPAIR OF FARM MECHANICAL EQUIPMENT,NONE,NEW AND EMERGING,HIGH,,0,0,8,8,8,3,0,0,,0,0,4,4,4,1,0,0
REGION_VII|BOHOL|AGRICULTURE FORESTRY AND FISHERY|ANIMAL HUSBANDRY AND LIVESTOCK PRODUCTION|CHICKEN LAYER GROWER|ANIMAL PRODUCTION (POULTRY-CHICKEN) NC II|WITH TR|HIGH,REGION_VII,BOHOL,AGRICULTURE FORESTRY AND FISHERY,ANIMAL HUSBANDRY AND LIVESTOCK PRODUCTION,CHICKEN LAYER GROWER,ANIMAL PRODUCTION (POULTRY-CHICKEN) NC II,WITH TR,HIGH,,0,0,8,8,8,4,0,0,,0,0,4,4,4,1,0,0
REGION_VII|BOHOL|AGRICULTURE FORESTRY AND FISHERY|ANIMAL HUSBANDRY AND LIVESTOCK PRODUCTION|EGG PRODUCER|ANIMAL PRODUCTION (POULTRY-CHICKEN) NC II|WITH TR|HIGH,REGION_VII,BOHOL,AGRICULTURE FORESTRY AND FISHERY,ANIMAL HUSBANDRY AND LIVESTOCK PRODUCTION,EGG PRODUCER,ANIMAL PRODUCTION (POULTRY-CHICKEN) NC II,WITH TR,HIGH,,0,0,8,8,8,4,0,0,,0,0,4,4,4,1,0,0
REGION_VII|BOHOL|AGRICULTURE FORESTRY AND FISHERY|ANIMAL HUSBANDRY AND LIVESTOCK PRODUCTION|RUMINANTS GROWER AND PRODUCER|ANIMAL PRODUCTION (RUMINANTS) NC II|WITH TR|HIGH,REGION_VII,BOHOL,AGRICULTURE FORESTRY AND FISHERY,ANIMAL HUSBANDRY AND LIVESTOCK PRODUCTION,RUMINANTS GROWER AND PRODUCER,ANIMAL PRODUCTION (RUMINANTS) NC II,WITH TR,HIGH,,0,0,8,8,8,4,0,0,,0,0,4,4,4,2,0,0
REGION_VII|BOHOL|AGRICULTURE FORESTRY AND FISHERY|CROP PRODUCTION|AGRI CROPS PRODUCER|AGRICULTURAL CROPS PRODUCTION NC II|WITH TR|HIGH,REGION_VII,BOHOL,AGRICULTURE FORESTRY AND FISHERY,CROP PRODUCTION,AGRI CROPS PRODUCER,AGRICULTURAL CROPS PRODUCTION NC II,WITH TR,HIGH,,0,0,8,8,8,4,0,0,,0,0,4,4,4,2,0,0
REGION_VII|BOHOL|AGRICULTURE FORESTRY AND FISHERY|CROP PRODUCTION|FARM MACHINERIES OPERATIONS|AGRICULTURAL MACHINERY OPERATION NC II|WITH TR|HIGH,REGION_VII,BOHOL,AGRICULTURE FORESTRY AND FISHERY,CROP PRODUCTION,FARM MACHINERIES OPERATIONS,AGRICULTURAL MACHINERY OPERATION NC II,WITH TR,HIGH,,0,0,8,8,8,4,0,0,,0,0,4,4,4,2,0,0
REGION_VII|BOHOL|AGRICULTURE FORESTRY AND FISHERY|CROP PRODUCTION|FARM MANAGEMENT & TECHNOLOGICAL AWARENESS|AGRICULTURAL MACHINERY OPERATION NC II|WITH TR|MEDIUM,REGION_VII,BOHOL,AGRICULTURE FORESTRY AND FISHERY,CROP PRODUCTION,FARM MANAGEMENT & TECHNOLOGICAL AWARENESS,AGRICULTURAL MACHINERY OPERATION NC II,WITH TR,MEDIUM,,0,0,3,3,3,2,0,0,,0,0,4,4,4,1,0,0
REGION_VII|BOHOL|AGRICULTURE FORESTRY AND FISHERY|CROP PRODUCTION|FARM MECHANICS & OPERATORS|NONE|NEW AND EMERGING|HIGH,REGION_VII,BOHOL,AGRICULTURE FORESTRY AND FISHERY,CROP PRODUCTION,FARM MECHANICS & OPERATORS,NONE,NEW AND EMERGING,HIGH,,0,0,6,6,6,2,0,0,,0,0,3,3,3,1,0,0
"REGION_VII|BOHOL|AGRICULTURE FORESTRY AND FISHERY|CROP PRODUCTION|FRUITS, COCONUT TREES, UBI & CACAO PRODUCTION & PROCESSING|NONE|NEW AND EMERGING|HIGH",REGION_VII,BOHOL,AGRICULTURE FORESTRY AND FISHERY,CROP PRODUCTION,"FRUITS, COCONUT TREES, UBI & CACAO PRODUCTION & PROCESSING",NONE,NEW AND EMERGING,HIGH,,0,0,8,8,8,3,0,0,,0,0,4,4,4,1,0,0
"REGION_VII|BOHOL|AGRICULTURE FORESTRY AND FISHERY|CROP PRODUCTION|HEAVY EQUIPMENT OPERATOR (BACKHOE, GRADER)|HEAVY EQUIPMENT OPERATION (BACKHOE LOADER) NC II|WITH TR|HIGH",REGION_VII,BOHOL,AGRICULTURE FORESTRY AND FISHERY,CROP PRODUCTION,"HEAVY EQUIPMENT OPERATOR (BACKHOE, GRADER)",HEAVY EQUIPMENT OPERATION (BACKHOE LOADER) NC II,WITH TR,HIGH,,0,0,8,8,8,4,0,0,,0,0,4,4,4,2,0,0
REGION_VII|BOHOL|AGRICULTURE FORESTRY AND FISHERY|CROP PRODUCTION|HIGH /ORGANIC QUALITY SEEDS GROWER|NONE|NEW AND EMERGING|HIGH,REGION_VII,BOHOL,AGRICULTURE FORESTRY AND FISHERY,CROP PRODUCTION,HIGH /ORGANIC QUALITY SEEDS GROWER,NONE,NEW AND EMERGING,HIGH,,0,0,8,8,8,3,0,0,,0,0,4,4,4,1,0,0
REGION_VII|BOHOL|AGRICULTURE FORESTRY AND FISHERY|CROP PRODUCTION|HIGH QUALITY INBREED RICE GROWER|NONE|NEW AND EMERGING|MEDIUM,REGION_VII,BOHOL,AGRICULTURE FORESTRY AND FISHERY,CROP PRODUCTION,HIGH QUALITY INBREED RICE GROWER,NONE,NEW AND EMERGING,MEDIUM,,0,0,1,1,1,0,0,0,,0,0,1,1,1,0,0,0
REGION_VII|BOHOL|AGRICULTURE FORESTRY AND FISHERY|CROP PRODUCTION|INTERCROPPING TECHNICIAN|NONE|NEW AND EMERGING|MEDIUM,REGION_VII,BOHOL,AGRICULTURE FORESTRY AND FISHERY,CROP PRODUCTION,INTERCROPPING TECHNICIAN,NONE,NEW AND EMERGING,MEDIUM,,0,0,0,0,0,0,0,0,,0,0,0,0,0,0,0,0
"REGION_VII|BOHOL|AGRICULTURE FORESTRY AND FISHERY|CROP PRODUCTION|INTERGRATED COCONUT AND CASH CROPS PRODUCTION AND PROCESSING (BY PRODUCTS LIKE SHELL,DUST, COIR)|COCONUT PRODUCTION LEVEL II|WITH CS|HIGH",REGION_VII,BOHOL,AGRICULTURE FORESTRY AND FISHERY,CROP PRODUCTION,"INTERGRATED COCONUT AND CASH CROPS PRODUCTION AND PROCESSING (BY PRODUCTS LIKE SHELL,DUST, COIR)",COCONUT PRODUCTION LEVEL II,WITH CS,HIGH,,0,0,3,3,3,3,0,0,,0,0,2,2,2,1,0,0
REGION_VII|BOHOL|AGRICULTURE FORESTRY AND FISHERY|CROP PRODUCTION|MAKE ORGANIC FERTILIZER & CONCOCTION|ORGANIC AGRICULTURE PRODUCTION NC II|WITH TR|HIGH,REGION_VII,BOHOL,AGRICULTURE FORESTRY AND FISHERY,CROP PRODUCTION,MAKE ORGANIC FERTILIZER & CONCOCTION,ORGANIC AGRICULTURE PRODUCTION NC II,WITH TR,HIGH,,0,0,8,8,8,0,0,0,,0,0,4,4,4,0,0,0
"REGION_VII|BOHOL|AGRICULTURE FORESTRY AND FISHERY|CROP PRODUCTION|MEDICINAL TEA PRODUCTION AND PROCESSING (TURMERIC,SALABAT,MORINGA,ETC.)|NONE|NEW AND EMERGING|HIGH",REGION_VII,BOHOL,AGRICULTURE FORESTRY AND FISHERY,CROP PRODUCTION,"MEDICINAL TEA PRODUCTION AND PROCESSING (TURMERIC,SALABAT,MORINGA,ETC.)",NONE,NEW AND EMERGING,HIGH,,0,0,7,7,7,3,0,0,,0,0,3,3,3,1,0,0
REGION_VII|BOHOL|AGRICULTURE FORESTRY AND FISHERY|FERRO CEMENT TANK|BUILD FERRO CEMENT TANK|NONE|NEW AND EMERGING|HIGH,REGION_VII,BOHOL,AGRICULTURE FORESTRY AND FISHERY,FERRO CEMENT TANK,BUILD FERRO CEMENT TANK,NONE,NEW AND EMERGING,HIGH,,0,0,8,8,8,3,0,0,,0,0,4,4,4,1,0,0
REGION_VII|BOHOL|AGRICULTURE FORESTRY AND FISHERY|FISHERY|BANGUS FRY PRODUCTION|AQUACULTURE (HATCHERY OPERATION) NC II|WITH TR|HIGH,REGION_VII,BOHOL,AGRICULTURE FORESTRY AND FISHERY,FISHERY,BANGUS FRY PRODUCTION,AQUACULTURE (HATCHERY OPERATION) NC II,WITH TR,HIGH,,0,0,8,8,8,4,0,0,,0,0,4,4,4,2,0,0
REGION_VII|BOHOL|AGRICULTURE FORESTRY AND FISHERY|FISHERY|TILAPIA FRY PRODUCTION|AQUACULTURE (TILAPIA CULTURE) NC II|WITH TR|LOW,REGION_VII,BOHOL,AGRICULTURE FORESTRY AND FISHERY,FISHERY,TILAPIA FRY PRODUCTION,AQUACULTURE (TILAPIA CULTURE) NC II,WITH TR,LOW,,0,0,0,0,0,0,0,0,,0,0,2,2,2,0,0,0
REGION_VII|BOHOL|AGRICULTURE FORESTRY AND FISHERY|FOOD PROCESSING|ANIMAL BUTCHERING AND SLAUGHTERING|SLAUGHTERING OPERATIONS (LARGE ANIMAL) NC II|WITH TR|HIGH,REGION_VII,BOHOL,AGRICULTURE FORESTRY AND FISHERY,FOOD PROCESSING,ANIMAL BUTCHERING AND SLAUGHTERING,SLAUGHTERING OPERATIONS (LARGE ANIMAL) NC II,WITH TR,HIGH,,0,0,7,7,7,3,0,0,,0,0,3,3,3,1,0,0
"REGION_VII|BOHOL|AGRICULTURE FORESTRY AND FISHERY|HORTICULTURE|LANDSCAPE PLANTS (ORNAMENTAL AND CUT FLOWER) CULTURE, CARE AND MAINTENANCE|LANDSCAPE INSTALLATION AND MAINTENANCE (SOFTSCAPE) NC II|WITH TR|HIGH",REGION_VII,BOHOL,AGRICULTURE FORESTRY AND FISHERY,HORTICULTURE,"LANDSCAPE PLANTS (ORNAMENTAL AND CUT FLOWER) CULTURE, CARE AND MAINTENANCE",LANDSCAPE INSTALLATION AND MAINTENANCE (SOFTSCAPE) NC II,WITH TR,HIGH,,0,0,8,8,8,4,0,0,,0,0,4,4,4,2,0,0
"REGION_VII|BOHOL|AGRICULTURE FORESTRY AND FISHERY|RICE, VEGETABLE PRODUCTION|WELL DRILLING OPERATIONS AND MAINTENANCE|WATER WELL DRILLING LEVEL II|WITH TR|LOW",REGION_VII,BOHOL,AGRICULTURE FORESTRY AND FISHERY,"RICE, VEGETABLE PRODUCTION",WELL DRILLING OPERATIONS AND MAINTENANCE,WATER WELL DRILLING LEVEL II,WITH TR,LOW,,0,0,0,0,0,0,0,0,,1,0,1,2,2,0,0,0
REGION_VII|BOHOL|AUTOMOTIVE AND LAND TRANSPORTATION|ACCOUNT SPECIALIST|MOTORCYCLE & SMALL ENGINE TECHNICIAN|BOOKKEEPING NC III|WITH TR|LOW,REGION_VII,BOHOL,AUTOMOTIVE AND LAND TRANSPORTATION,ACCOUNT SPECIALIST,MOTORCYCLE & SMALL ENGINE TECHNICIAN,BOOKKEEPING NC III,WITH TR,LOW,,0,0,0,0,0,0,0,0,,1,2,0,3,3,1,0,0
REGION_VII|BOHOL|AUTOMOTIVE AND LAND TRANSPORTATION|ACCOUNTING|MOTORCYCLE & SMALL ENGINE TECHNICIAN|BOOKKEEPING NC III|WITH TR|LOW,REGION_VII,BOHOL,AUTOMOTIVE AND LAND TRANSPORTATION,ACCOUNTING,MOTORCYCLE & SMALL ENGINE TECHNICIAN,BOOKKEEPING NC III,WITH TR,LOW,,0,0,0,0,0,0,0,0,,0,0,0,0,0,0,0,0
REGION_VII|BOHOL|AUTOMOTIVE AND LAND TRANSPORTATION|AFTERSALES & SERVICES|AUTOMOTIVE MECHANIC/VEHICLE TECHNICIAN|AUTOMOTIVE SERVICING NC I|WITH TR|LOW,REGION_VII,BOHOL,AUTOMOTIVE AND LAND TRANSPORTATION,AFTERSALES & SERVICES,AUTOMOTIVE MECHANIC/VEHICLE TECHNICIAN,AUTOMOTIVE SERVICING NC I,WITH TR,LOW,,0,0,0,0,0,0,0,0,,2,0,0,2,2,0,0,0
REGION_VII|BOHOL|AUTOMOTIVE AND LAND TRANSPORTATION|CASHIER|MOTORCYCLE & SMALL ENGINE TECHNICIAN|BOOKKEEPING NC III|WITH TR|LOW,REGION_VII,BOHOL,AUTOMOTIVE AND LAND TRANSPORTATION,CASHIER,MOTORCYCLE & SMALL ENGINE TECHNICIAN,BOOKKEEPING NC III,WITH TR,LOW,,0,0,0,0,0,0,0,0,,0,0,0,0,0,0,0,0
REGION_VII|BOHOL|AUTOMOTIVE AND LAND TRANSPORTATION|DRIVING (PASSENGER BUS) NC III|BUS & PUB DRIVERS|DRIVING (PASSENGER BUS/STRAIGHT TRUCK) NC III|WITH TR|LOW,REGION_VII,BOHOL,AUTOMOTIVE AND LAND TRANSPORTATION,DRIVING (PASSENGER BUS) NC III,BUS & PUB DRIVERS,DRIVING (PASSENGER BUS/STRAIGHT TRUCK) NC III,WITH TR,LOW,,0,0,0,0,0,1,0,0,,0,0,0,0,0,1,0,0
REGION_VII|BOHOL|AUTOMOTIVE AND LAND TRANSPORTATION|DRIVING (STRAIGHT TRUCK) NC III|TRUCK DRIVERS|DRIVING (PASSENGER BUS/STRAIGHT TRUCK) NC III|WITH TR|HIGH,REGION_VII,BOHOL,AUTOMOTIVE AND LAND TRANSPORTATION,DRIVING (STRAIGHT TRUCK) NC III,TRUCK DRIVERS,DRIVING (PASSENGER BUS/STRAIGHT TRUCK) NC III,WITH TR,HIGH,,7,1,0,8,8,4,0,0,,2,2,0,4,4,3,0,0
REGION_VII|BOHOL|AUTOMOTIVE AND LAND TRANSPORTATION|ELECTRICAL INSTALLATION|AUTO ELECTRICIAN|AUTOMOTIVE ELECTRICAL ASSEMBLY NC II|WITH TR|LOW,REGION_VII,BOHOL,AUTOMOTIVE AND LAND TRANSPORTATION,ELECTRICAL INSTALLATION,AUTO ELECTRICIAN,AUTOMOTIVE ELECTRICAL ASSEMBLY NC II,WITH TR,LOW,,0,0,0,0,0,0,0,0,,2,0,0,2,2,0,0,0
REGION_VII|BOHOL|AUTOMOTIVE AND LAND TRANSPORTATION|MARKETING AND SALES|MOTORCYCLE & SMALL ENGINE TECHNICIAN|MOTORCYCLE/SMALL ENGINE SERVICING NC II|WITH TR|LOW,REGION_VII,BOHOL,AUTOMOTIVE AND LAND TRANSPORTATION,MARKETING AND SALES,MOTORCYCLE & SMALL ENGINE TECHNICIAN,MOTORCYCLE/SMALL ENGINE SERVICING NC II,WITH TR,LOW,,0,0,0,0,0,1,0,0,,1,1,0,2,2,1,0,0
REGION_VII|BOHOL|AUTOMOTIVE AND LAND TRANSPORTATION|RECEPTIONIST|MOTORCYCLE & SMALL ENGINE TECHNICIAN|FRONT OFFICE SERVICES NC II|WITH TR|LOW,REGION_VII,BOHOL,AUTOMOTIVE AND LAND TRANSPORTATION,RECEPTIONIST,MOTORCYCLE & SMALL ENGINE TECHNICIAN,FRONT OFFICE SERVICES NC II,WITH TR,LOW,,0,0,0,0,0,1,0,0,,0,0,0,0,0,1,0,0
REGION_VII|BOHOL|AUTOMOTIVE AND LAND TRANSPORTATION|REPAIR AND INSTALLATION|WELDER|AUTOMOTIVE BODY REPAIRING NC II|WITH TR|HIGH,REGION_VII,BOHOL,AUTOMOTIVE AND LAND TRANSPORTATION,REPAIR AND INSTALLATION,WELDER,AUTOMOTIVE BODY REPAIRING NC II,WITH TR,HIGH,,5,1,0,6,6,4,0,0,,1,1,0,2,2,3,0,0
REGION_VII|BOHOL|AUTOMOTIVE AND LAND TRANSPORTATION|REPAIR AND MAINTENANCE|AUTO AIRCON TECHNICIAN|AUTOMOTIVE SERVICING NC III|WITH TR|LOW,REGION_VII,BOHOL,AUTOMOTIVE AND LAND TRANSPORTATION,REPAIR AND MAINTENANCE,AUTO AIRCON TECHNICIAN,AUTOMOTIVE SERVICING NC III,WITH TR,LOW,,0,0,0,0,0,0,0,0,,2,0,0,2,2,0,0,0
REGION_VII|BOHOL|AUTOMOTIVE AND LAND TRANSPORTATION|REPAIR AND MAINTENANCE|AUTO TECHNICIAN LABORER|AUTOMOTIVE SERVICING NC I|WITH TR|HIGH,REGION_VII,BOHOL,AUTOMOTIVE AND LAND TRANSPORTATION,REPAIR AND MAINTENANCE,AUTO TECHNICIAN LABORER,AUTOMOTIVE SERVICING NC I,WITH TR,HIGH,,1,0,5,6,6,4,0,0,,2,1,0,3,3,2,0,0
REGION_VII|BOHOL|AUTOMOTIVE AND LAND TRANSPORTATION|TRANPORTATION AND WAREHOUSING|DRIVING|DRIVING NC II|WITH TR|MEDIUM,REGION_VII,BOHOL,AUTOMOTIVE AND LAND TRANSPORTATION,TRANPORTATION AND WAREHOUSING,DRIVING,DRIVING NC II,WITH TR,MEDIUM,,0,0,0,0,0,0,0,0,,1,0,0,1,1,0,0,0
REGION_VII|BOHOL|CONSTRUCTION|BUILDING WIRING|ELECTRICIAN|ELECTRICAL INSTALLATION AND MAINTENANCE NC II|WITH TR|HIGH,REGION_VII,BOHOL,CONSTRUCTION,BUILDING WIRING,ELECTRICIAN,ELECTRICAL INSTALLATION AND MAINTENANCE NC II,WITH TR,HIGH,,6,2,0,8,8,0,0,2,,2,2,0,4,4,1,0,1
REGION_VII|BOHOL|CONSTRUCTION|COMMUNITY AND ECOSYSTEM CONSIDERATION|COMMUNITY WORKERS/LIAISON OFFICER|COMMUNITY PROGRAM DEVELOPMENT SERVICES LEVEL IV|WITH CS|HIGH,REGION_VII,BOHOL,CONSTRUCTION,COMMUNITY AND ECOSYSTEM CONSIDERATION,COMMUNITY WORKERS/LIAISON OFFICER,COMMUNITY PROGRAM DEVELOPMENT SERVICES LEVEL IV,WITH CS,HIGH,,6,2,0,8,8,3,0,0,,2,2,0,4,4,1,0,0
REGION_VII|BOHOL|CONSTRUCTION|COMPLYING ENVIRONMENTAL LAWS AND STANDARDS|PROJECT DEVELOPMENT AND ENVIRONMENTAL SPECIALIST|COMMUNITY PROGRAM DEVELOPMENT SERVICES LEVEL IV|WITH CS|HIGH,REGION_VII,BOHOL,CONSTRUCTION,COMPLYING ENVIRONMENTAL LAWS AND STANDARDS,PROJECT DEVELOPMENT AND ENVIRONMENTAL SPECIALIST,COMMUNITY PROGRAM DEVELOPMENT SERVICES LEVEL IV,WITH CS,HIGH,,6,2,0,8,8,3,0,0,,2,2,0,4,4,1,0,0
REGION_VII|BOHOL|CONSTRUCTION|DRIVING|DRIVERS|DRIVING (PASSENGER BUS/STRAIGHT TRUCK) NC III|WITH TR|HIGH,REGION_VII,BOHOL,CONSTRUCTION,DRIVING,DRIVERS,DRIVING (PASSENGER BUS/STRAIGHT TRUCK) NC III,WITH TR,HIGH,,5,1,0,6,6,4,0,0,,1,2,0,3,3,1,0,0
REGION_VII|BOHOL|CONSTRUCTION|ELECTRICAL INSTALLATION|ELECTRICIAN|ELECTRICAL INSTALLATION AND MAINTENANCE NC III|WITH TR|HIGH,REGION_VII,BOHOL,CONSTRUCTION,ELECTRICAL INSTALLATION,ELECTRICIAN,ELECTRICAL INSTALLATION AND MAINTENANCE NC III,WITH TR,HIGH,,0,0,0,0,0,0,0,0,,0,0,0,0,0,0,0,0
"REGION_VII|BOHOL|CONSTRUCTION|HELPER MASON, CONSTRUCTION HELPER|MASON|MASONRY NC I|WITH TR|HIGH",REGION_VII,BOHOL,CONSTRUCTION,"HELPER MASON, CONSTRUCTION HELPER",MASON,MASONRY NC I,WITH TR,HIGH,,6,2,0,8,8,0,0,0,,2,2,0,4,4,1,0,0
REGION_VII|BOHOL|CONSTRUCTION|HYDRAULIC EXCAVATOR OPERATOR|HYDRAULIC OPERATORS|HEAVY EQUIPMENT OPERATION (HYDRAULIC EXCAVATOR) NC II|WITH TR|HIGH,REGION_VII,BOHOL,CONSTRUCTION,HYDRAULIC EXCAVATOR OPERATOR,HYDRAULIC OPERATORS,HEAVY EQUIPMENT OPERATION (HYDRAULIC EXCAVATOR) NC II,WITH TR,HIGH,,4,2,0,6,6,2,0,0,,2,0,0,2,2,2,0,0
REGION_VII|BOHOL|CONSTRUCTION|INDOOR ENVIRONMENT QUALITY|ELECTRICIAN|ELECTRICAL INSTALLATION AND MAINTENANCE NC II|WITH TR|HIGH,REGION_VII,BOHOL,CONSTRUCTION,INDOOR ENVIRONMENT QUALITY,ELECTRICIAN,ELECTRICAL INSTALLATION AND MAINTENANCE NC II,WITH TR,HIGH,,5,0,0,5,5,0,0,0,,0,2,0,2,2,0,0,0
REGION_VII|BOHOL|CONSTRUCTION|INDUSTRIAL PLUMBING|PLUMBERS|PLUMBING NC III|WITH TR|HIGH,REGION_VII,BOHOL,CONSTRUCTION,INDUSTRIAL PLUMBING,PLUMBERS,PLUMBING NC III,WITH TR,HIGH,,6,2,0,8,8,4,0,0,,2,2,0,4,4,3,0,0
REGION_VII|BOHOL|CONSTRUCTION|MMAW|WELDER|MANUAL METAL ARC WELDING (MMAW) NC II|WITH TR|HIGH,REGION_VII,BOHOL,CONSTRUCTION,MMAW,WELDER,MANUAL METAL ARC WELDING (MMAW) NC II,WITH TR,HIGH,,5,1,0,6,6,4,0,0,,2,1,0,3,3,2,0,0
REGION_VII|BOHOL|CONSTRUCTION|MOBILE CRANE OPERATOR|CRANE OPERATORS|HEAVY EQUIPMENT OPERATION (CRAWLER CRANE) NC III|WITH TR|HIGH,REGION_VII,BOHOL,CONSTRUCTION,MOBILE CRANE OPERATOR,CRANE OPERATORS,HEAVY EQUIPMENT OPERATION (CRAWLER CRANE) NC III,WITH TR,HIGH,,5,1,0,6,6,4,0,0,,1,2,0,3,3,1,0,0
REGION_VII|BOHOL|CONSTRUCTION|OFF-HIGHWAY DUMP TRUCK (RIGID) OPERATOR|DUMP TRUCK OPERATOR|HEAVY EQUIPMENT OPERATION (RIGID OFF-HIGHWAY DUMP TRUCK) NC II|WITH TR|HIGH,REGION_VII,BOHOL,CONSTRUCTION,OFF-HIGHWAY DUMP TRUCK (RIGID) OPERATOR,DUMP TRUCK OPERATOR,HEAVY EQUIPMENT OPERATION (RIGID OFF-HIGHWAY DUMP TRUCK) NC II,WITH TR,HIGH,,1,1,0,2,2,2,0,0,,1,0,0,1,1,2,0,0
REGION_VII|BOHOL|CONSTRUCTION|PIPEFITTER|FITTERS|PIPEFITTING (METALLIC) NC II|WITH TR|HIGH,REGION_VII,BOHOL,CONSTRUCTION,PIPEFITTER,FITTERS,PIPEFITTING (METALLIC) NC II,WITH TR,HIGH,,5,0,0,5,5,4,0,0,,0,2,0,2,2,2,0,0
REGION_VII|BOHOL|CONSTRUCTION|PROGRAMABLE LOGIC CONTROLLER|ELECTRICIAN|ELECTRICAL INSTALLATION AND MAINTENANCE NC IV|WITH TR|HIGH,REGION_VII,BOHOL,CONSTRUCTION,PROGRAMABLE LOGIC CONTROLLER,ELECTRICIAN,ELECTRICAL INSTALLATION AND MAINTENANCE NC IV,WITH TR,HIGH,,1,0,0,1,1,1,0,0,,0,0,0,0,0,0,0,0
REGION_VII|BOHOL|CONSTRUCTION|RAC TECHNICIAN|RAC/HVAC TECHNICIAN/INSTALLER|RAC SERVICING (DOMRAC) NC II|WITH TR|HIGH,REGION_VII,BOHOL,CONSTRUCTION,RAC TECHNICIAN,RAC/HVAC TECHNICIAN/INSTALLER,RAC SERVICING (DOMRAC) NC II,WITH TR,HIGH,,6,2,0,8,8,4,0,0,,2,2,0,4,4,3,0,0
REGION_VII|BOHOL|CONSTRUCTION|ROUGH AND FINISHING CARPENTER|CARPENTERS|CARPENTRY NC II|WITH TR|HIGH,REGION_VII,BOHOL,CONSTRUCTION,ROUGH AND FINISHING CARPENTER,CARPENTERS,CARPENTRY NC II,WITH TR,HIGH,,6,2,0,8,8,1,0,0,,2,2,0,4,4,1,0,0
REGION_VII|BOHOL|CONSTRUCTION|ROUGH MASON|MASON|MASONRY NC I|WITH TR|HIGH,REGION_VII,BOHOL,CONSTRUCTION,ROUGH MASON,MASON,MASONRY NC I,WITH TR,HIGH,,4,2,0,6,6,1,0,0,,2,0,0,2,2,1,0,0
REGION_VII|BOHOL|CONSTRUCTION|SOLAR PANEL INSTALLATION|SOLAR TECHNICIAN|PV SYSTEMS INSTALLATION NC II|WITH TR|HIGH,REGION_VII,BOHOL,CONSTRUCTION,SOLAR PANEL INSTALLATION,SOLAR TECHNICIAN,PV SYSTEMS INSTALLATION NC II,WITH TR,HIGH,,6,2,0,8,8,4,0,0,,2,2,0,4,4,3,0,0
REGION_VII|BOHOL|CONSTRUCTION|STRUCTURAL STEEL ERECTOR|STEEL MAN|REINFORCING STEEL WORKS NC II|WITH TR|HIGH,REGION_VII,BOHOL,CONSTRUCTION,STRUCTURAL STEEL ERECTOR,STEEL MAN,REINFORCING STEEL WORKS NC II,WITH TR,HIGH,,6,1,0,7,7,1,0,0,,1,2,0,3,3,0,0,0
REGION_VII|BOHOL|CONSTRUCTION|SYSTEM FORMWORKS INSTALLER|SYSTEM FORMWORK INSTALLER|SYSTEM FORMWORKS INSTALLATION NC II|WITH TR|HIGH,REGION_VII,BOHOL,CONSTRUCTION,SYSTEM FORMWORKS INSTALLER,SYSTEM FORMWORK INSTALLER,SYSTEM FORMWORKS INSTALLATION NC II,WITH TR,HIGH,,5,0,0,5,5,1,0,0,,0,2,0,2,2,0,0,0
REGION_VII|BOHOL|CONSTRUCTION|TILE SETTER|TILE SETTER|TILE SETTING NC II|WITH TR|HIGH,REGION_VII,BOHOL,CONSTRUCTION,TILE SETTER,TILE SETTER,TILE SETTING NC II,WITH TR,HIGH,,6,1,0,7,7,1,0,0,,1,2,0,3,3,1,0,0
REGION_VII|BOHOL|CONSTRUCTION|TRANSIT MIXER OPERATOR|TRANSIT MIXER OPERATOR|HEAVY EQUIPMENT OPERATION (TRANSIT MIXER) NC II|WITH TR|HIGH,REGION_VII,BOHOL,CONSTRUCTION,TRANSIT MIXER OPERATOR,TRANSIT MIXER OPERATOR,HEAVY EQUIPMENT OPERATION (TRANSIT MIXER) NC II,WITH TR,HIGH,,1,1,0,2,2,1,0,0,,1,0,0,1,1,1,0,0
REGION_VII|BOHOL|GARMENTS|FASHION DESIGN|BEADS SEWER|FASHION DESIGN (APPAREL) NC III|WITH TR|HIGH,REGION_VII,BOHOL,GARMENTS,FASHION DESIGN,BEADS SEWER,FASHION DESIGN (APPAREL) NC III,WITH TR,HIGH,,5,0,0,5,5,3,0,0,,1,1,0,2,2,1,0,0
REGION_VII|BOHOL|GARMENTS|FASHION DESIGN|GOWN DESIGNERS|FASHION DESIGN (APPAREL) NC III|WITH TR|HIGH,REGION_VII,BOHOL,GARMENTS,FASHION DESIGN,GOWN DESIGNERS,FASHION DESIGN (APPAREL) NC III,WITH TR,HIGH,,5,0,0,5,5,3,0,0,,1,1,0,2,2,2,0,0
REGION_VII|BOHOL|GARMENTS|GARMENT PRODUCITON|PANTS SEWER|TAILORING NC II|WITH TR|HIGH,REGION_VII,BOHOL,GARMENTS,GARMENT PRODUCITON,PANTS SEWER,TAILORING NC II,WITH TR,HIGH,,6,0,0,6,6,1,0,0,,1,2,0,3,3,1,0,0
REGION_VII|BOHOL|GARMENTS|GARMENT PRODUCITON|POLO SEWER|DRESSMAKING NC II|WITH TR|HIGH,REGION_VII,BOHOL,GARMENTS,GARMENT PRODUCITON,POLO SEWER,DRESSMAKING NC II,WITH TR,HIGH,,7,1,0,8,8,1,0,0,,1,3,0,4,4,1,0,0
REGION_VII|BOHOL|GARMENTS|GARMENT PRODUCITON|T SHIRT SEWERS|DRESSMAKING NC II|WITH TR|HIGH,REGION_VII,BOHOL,GARMENTS,GARMENT PRODUCITON,T SHIRT SEWERS,DRESSMAKING NC II,WITH TR,HIGH,,7,1,0,8,8,2,0,0,,1,3,0,4,4,1,0,0
"REGION_VII|BOHOL|GARMENTS|GARMENT PRODUCTION, T-SHIRT, POLO, PANT SEWING|SEWER|TAILORING NC II|WITH TR|HIGH",REGION_VII,BOHOL,GARMENTS,"GARMENT PRODUCTION, T-SHIRT, POLO, PANT SEWING",SEWER,TAILORING NC II,WITH TR,HIGH,,7,1,0,8,8,2,0,0,,1,3,0,4,4,1,0,0
"REGION_VII|BOHOL|HEATING, VENTILATION, AIRCONDITIONING AND REFRIGERATION|AFTERSALES & SERVICES|REFRIGERATION & AIRCONDITIONING TECHNICIANS|RAC SERVICING (DOMRAC) NC II|WITH TR|HIGH",REGION_VII,BOHOL,"HEATING, VENTILATION, AIRCONDITIONING AND REFRIGERATION",AFTERSALES & SERVICES,REFRIGERATION & AIRCONDITIONING TECHNICIANS,RAC SERVICING (DOMRAC) NC II,WITH TR,HIGH,,7,1,0,8,8,4,0,0,,1,3,0,4,4,3,0,0
"REGION_VII|BOHOL|HEATING, VENTILATION, AIRCONDITIONING AND REFRIGERATION|INDUSTRIAL REFRIGERATION PLANT OPERATOR, INDUSTRIAL REFRIGERATION PLANT TECHNICIAN|REFRIGERATION & AIRCONDITIONING TECHNICIANS|INDUSTRIAL REFRIGERATION OPERATION & MAINTENANCE LEVEL III|WITH CS|HIGH",REGION_VII,BOHOL,"HEATING, VENTILATION, AIRCONDITIONING AND REFRIGERATION","INDUSTRIAL REFRIGERATION PLANT OPERATOR, INDUSTRIAL REFRIGERATION PLANT TECHNICIAN",REFRIGERATION & AIRCONDITIONING TECHNICIANS,INDUSTRIAL REFRIGERATION OPERATION & MAINTENANCE LEVEL III,WITH CS,HIGH,,6,0,0,6,6,3,0,0,,1,2,0,3,3,1,0,0
"REGION_VII|BOHOL|HEATING, VENTILATION, AIRCONDITIONING AND REFRIGERATION|REPAIR AND INSTALLATION|WELDER|GAS WELDING NC I|WITH TR|HIGH",REGION_VII,BOHOL,"HEATING, VENTILATION, AIRCONDITIONING AND REFRIGERATION",REPAIR AND INSTALLATION,WELDER,GAS WELDING NC I,WITH TR,HIGH,,7,0,0,7,7,4,0,0,,1,2,0,3,3,1,0,0
REGION_VII|BOHOL|HUMAN HEALTH / HEALTH CARE|HEALTH WORKERS|BARANGAY HEALTH WORKERS|BARANGAY HEALTH SERVICES NC II|WITH TR|HIGH,REGION_VII,BOHOL,HUMAN HEALTH / HEALTH CARE,HEALTH WORKERS,BARANGAY HEALTH WORKERS,BARANGAY HEALTH SERVICES NC II,WITH TR,HIGH,,7,0,0,7,7,1,0,0,,1,2,0,3,3,1,0,0
REGION_VII|BOHOL|HUMAN HEALTH / HEALTH CARE|HEALTH WORKERS|CAREGIVERS|CAREGIVING NC II|WITH TR|HIGH,REGION_VII,BOHOL,HUMAN HEALTH / HEALTH CARE,HEALTH WORKERS,CAREGIVERS,CAREGIVING NC II,WITH TR,HIGH,,7,1,0,8,8,0,0,0,,1,3,0,4,4,1,0,0
REGION_VII|BOHOL|HUMAN HEALTH / HEALTH CARE|HEALTH WORKERS|HEALTHCARE WORKER|HEALTH CARE SERVICES NC II|WITH TR|HIGH,REGION_VII,BOHOL,HUMAN HEALTH / HEALTH CARE,HEALTH WORKERS,HEALTHCARE WORKER,HEALTH CARE SERVICES NC II,WITH TR,HIGH,,7,1,0,8,8,0,0,0,,1,3,0,4,4,1,0,0
"REGION_VII|BOHOL|HUMAN HEALTH / HEALTH CARE|MASSEURS, HILOT WORKERS|MASSAGE THERAPIST|MASSAGE THERAPY NC II|WITH TR|HIGH",REGION_VII,BOHOL,HUMAN HEALTH / HEALTH CARE,"MASSEURS, HILOT WORKERS",MASSAGE THERAPIST,MASSAGE THERAPY NC II,WITH TR,HIGH,,7,1,0,8,8,4,0,0,,1,3,0,4,4,2,0,0
REGION_VII|BOHOL|INFORMATION AND COMMUNICATION TECHNOLOGY|ANIMATION SERVICES|2D ANIMATION|2D ANIMATION NC III|WITH TR|HIGH,REGION_VII,BOHOL,INFORMATION AND COMMUNICATION TECHNOLOGY,ANIMATION SERVICES,2D ANIMATION,2D ANIMATION NC III,WITH TR,HIGH,,6,0,0,6,6,4,0,0,,2,1,0,3,3,2,0,0
REGION_VII|BOHOL|INFORMATION AND COMMUNICATION TECHNOLOGY|ANIMATION SERVICES|2D ANIMATOR|2D ANIMATION NC III|WITH TR|HIGH,REGION_VII,BOHOL,INFORMATION AND COMMUNICATION TECHNOLOGY,ANIMATION SERVICES,2D ANIMATOR,2D ANIMATION NC III,WITH TR,HIGH,,7,1,0,8,8,4,0,0,,2,2,0,4,4,1,0,0
REGION_VII|BOHOL|INFORMATION AND COMMUNICATION TECHNOLOGY|CONTACT CENTER AND BPO|CALL CENTER AGENTS|CONTACT CENTER SERVICES NC II|WITH TR|HIGH,REGION_VII,BOHOL,INFORMATION AND COMMUNICATION TECHNOLOGY,CONTACT CENTER AND BPO,CALL CENTER AGENTS,CONTACT CENTER SERVICES NC II,WITH TR,HIGH,,5,0,0,5,5,3,0,0,,1,1,0,2,2,1,0,0
REGION_VII|BOHOL|INFORMATION AND COMMUNICATION TECHNOLOGY|CONTACT CENTER AND BPO|CUSTOMER SERVICE REPRESENTATIVE|CONTACT CENTER SERVICES NC II|WITH TR|HIGH,REGION_VII,BOHOL,INFORMATION AND COMMUNICATION TECHNOLOGY,CONTACT CENTER AND BPO,CUSTOMER SERVICE REPRESENTATIVE,CONTACT CENTER SERVICES NC II,WITH TR,HIGH,,6,1,0,7,7,3,0,0,,1,2,0,3,3,1,0,0
REGION_VII|BOHOL|INFORMATION AND COMMUNICATION TECHNOLOGY|E-COMMERCE|DATA ANALYST|DATA ANALYTICS LEVEL III|WITH TR|HIGH,REGION_VII,BOHOL,INFORMATION AND COMMUNICATION TECHNOLOGY,E-COMMERCE,DATA ANALYST,DATA ANALYTICS LEVEL III,WITH TR,HIGH,,6,1,0,7,7,3,0,0,,1,2,0,3,3,1,0,0
REGION_VII|BOHOL|INFORMATION AND COMMUNICATION TECHNOLOGY|E-COMMERCE|SOCIAL MEDIA MANAGING|CONTENT CREATION (SOCIAL MEDIA) LEVEL III|WITH TR|HIGH,REGION_VII,BOHOL,INFORMATION AND COMMUNICATION TECHNOLOGY,E-COMMERCE,SOCIAL MEDIA MANAGING,CONTENT CREATION (SOCIAL MEDIA) LEVEL III,WITH TR,HIGH,,7,1,0,8,8,3,0,0,,2,2,0,4,4,1,0,0
REGION_VII|BOHOL|INFORMATION AND COMMUNICATION TECHNOLOGY|INFORMATION TECHNOLOGY SERVICES|ATLASSIAN GURU/SCRUM MASTER|WEB DEVELOPMENT NC III|WITH TR|HIGH,REGION_VII,BOHOL,INFORMATION AND COMMUNICATION TECHNOLOGY,INFORMATION TECHNOLOGY SERVICES,ATLASSIAN GURU/SCRUM MASTER,WEB DEVELOPMENT NC III,WITH TR,HIGH,,6,1,0,7,7,4,0,0,,1,2,0,3,3,3,0,0
"REGION_VII|BOHOL|INFORMATION AND COMMUNICATION TECHNOLOGY|INFORMATION TECHNOLOGY SERVICES|COMPUTER LITERATE AND PROFICIENT TO WINDOWS OS, APPLE OS, X, MS OFFICE AND GOOGLE APPLICATION|COMPUTER SYSTEMS SERVICING NC II|WITH TR|MEDIUM",REGION_VII,BOHOL,INFORMATION AND COMMUNICATION TECHNOLOGY,INFORMATION TECHNOLOGY SERVICES,"COMPUTER LITERATE AND PROFICIENT TO WINDOWS OS, APPLE OS, X, MS OFFICE AND GOOGLE APPLICATION",COMPUTER SYSTEMS SERVICING NC II,WITH TR,MEDIUM,,2,0,0,2,2,0,0,0,,2,1,0,3,3,0,0,0
REGION_VII|BOHOL|INFORMATION AND COMMUNICATION TECHNOLOGY|INFORMATION TECHNOLOGY SERVICES|CYBER SECURITY|CYBER RISK ASSESSMENT LEVEL III|WITH TR|HIGH,REGION_VII,BOHOL,INFORMATION AND COMMUNICATION TECHNOLOGY,INFORMATION TECHNOLOGY SERVICES,CYBER SECURITY,CYBER RISK ASSESSMENT LEVEL III,WITH TR,HIGH,,1,0,0,1,1,0,0,0,,1,0,0,1,1,0,0,0
REGION_VII|BOHOL|INFORMATION AND COMMUNICATION TECHNOLOGY|INFORMATION TECHNOLOGY SERVICES|HARDWARE DEPLOYMENT|COMPUTER SYSTEMS SERVICING NC II|WITH TR|HIGH,REGION_VII,BOHOL,INFORMATION AND COMMUNICATION TECHNOLOGY,INFORMATION TECHNOLOGY SERVICES,HARDWARE DEPLOYMENT,COMPUTER SYSTEMS SERVICING NC II,WITH TR,HIGH,,0,0,0,0,0,0,0,0,,0,0,0,0,0,0,0,0
REGION_VII|BOHOL|INFORMATION AND COMMUNICATION TECHNOLOGY|INFORMATION TECHNOLOGY SERVICES|IT SKILLED INDIVIDUAL|COMPUTER SYSTEMS SERVICING NC II|WITH TR|HIGH,REGION_VII,BOHOL,INFORMATION AND COMMUNICATION TECHNOLOGY,INFORMATION TECHNOLOGY SERVICES,IT SKILLED INDIVIDUAL,COMPUTER SYSTEMS SERVICING NC II,WITH TR,HIGH,,6,0,0,6,6,0,0,0,,2,1,0,3,3,0,0,0
REGION_VII|BOHOL|INFORMATION AND COMMUNICATION TECHNOLOGY|INFORMATION TECHNOLOGY SERVICES|NETWORK ENGINEER AND FIBER OPTIC SPECIALIST|TELECOM OSP INSTALLATION (FIBER OPTIC CABLE) NC II|WITH TR|MEDIUM,REGION_VII,BOHOL,INFORMATION AND COMMUNICATION TECHNOLOGY,INFORMATION TECHNOLOGY SERVICES,NETWORK ENGINEER AND FIBER OPTIC SPECIALIST,TELECOM OSP INSTALLATION (FIBER OPTIC CABLE) NC II,WITH TR,MEDIUM,,1,0,0,1,1,0,0,0,,1,1,0,2,2,2,0,0
REGION_VII|BOHOL|INFORMATION AND COMMUNICATION TECHNOLOGY|INFORMATION TECHNOLOGY SERVICES|SENIOR DRUPAL DEVELOPER|WEB DEVELOPMENT NC III|WITH TR|MEDIUM,REGION_VII,BOHOL,INFORMATION AND COMMUNICATION TECHNOLOGY,INFORMATION TECHNOLOGY SERVICES,SENIOR DRUPAL DEVELOPER,WEB DEVELOPMENT NC III,WITH TR,MEDIUM,,2,1,0,3,3,0,0,0,,2,2,0,4,4,1,0,0
REGION_VII|BOHOL|INFORMATION AND COMMUNICATION TECHNOLOGY|INFORMATION TECHNOLOGY SERVICES|SENIOR SWIFT DEVELOPER|WEB DEVELOPMENT NC III|WITH TR|HIGH,REGION_VII,BOHOL,INFORMATION AND COMMUNICATION TECHNOLOGY,INFORMATION TECHNOLOGY SERVICES,SENIOR SWIFT DEVELOPER,WEB DEVELOPMENT NC III,WITH TR,HIGH,,7,1,0,8,8,4,0,0,,2,2,0,4,4,3,0,0
REGION_VII|BOHOL|INFORMATION AND COMMUNICATION TECHNOLOGY|INFORMATION TECHNOLOGY SERVICES|STRUCTURED CABLING|COMPUTER SYSTEMS SERVICING NC II|WITH TR|HIGH,REGION_VII,BOHOL,INFORMATION AND COMMUNICATION TECHNOLOGY,INFORMATION TECHNOLOGY SERVICES,STRUCTURED CABLING,COMPUTER SYSTEMS SERVICING NC II,WITH TR,HIGH,,7,1,0,8,8,0,0,0,,2,2,0,4,4,1,0,0
REGION_VII|BOHOL|INFORMATION AND COMMUNICATION TECHNOLOGY|INFORMATION TECHNOLOGY SERVICES|WEB DEVELOPER AND DESIGNER|WEB DEVELOPMENT NC III|WITH TR|MEDIUM,REGION_VII,BOHOL,INFORMATION AND COMMUNICATION TECHNOLOGY,INFORMATION TECHNOLOGY SERVICES,WEB DEVELOPER AND DESIGNER,WEB DEVELOPMENT NC III,WITH TR,MEDIUM,,2,1,0,3,3,0,0,0,,2,2,0,4,4,1,0,0
REGION_VII|BOHOL|INFORMATION AND COMMUNICATION TECHNOLOGY|MULTIMEDIA SERVICES|GRAPHIC DESIGNERS|VISUAL GRAPHIC DESIGN NC III|WITH TR|HIGH,REGION_VII,BOHOL,INFORMATION AND COMMUNICATION TECHNOLOGY,MULTIMEDIA SERVICES,GRAPHIC DESIGNERS,VISUAL GRAPHIC DESIGN NC III,WITH TR,HIGH,,6,1,0,7,7,2,0,0,,1,2,0,3,3,2,0,0
REGION_VII|BOHOL|INFORMATION AND COMMUNICATION TECHNOLOGY|MULTIMEDIA SERVICES|MASTER OF PHOTOSHOP|VISUAL GRAPHIC DESIGN NC III|WITH TR|HIGH,REGION_VII,BOHOL,INFORMATION AND COMMUNICATION TECHNOLOGY,MULTIMEDIA SERVICES,MASTER OF PHOTOSHOP,VISUAL GRAPHIC DESIGN NC III,WITH TR,HIGH,,1,0,0,1,1,1,0,0,,1,0,0,1,1,1,0,0
REGION_VII|BOHOL|INFORMATION AND COMMUNICATION TECHNOLOGY|MULTIMEDIA SERVICES|VIDEO EDITOR|FILM AND VIDEO POSTPRODUCTION NC III|WITH TR|HIGH,REGION_VII,BOHOL,INFORMATION AND COMMUNICATION TECHNOLOGY,MULTIMEDIA SERVICES,VIDEO EDITOR,FILM AND VIDEO POSTPRODUCTION NC III,WITH TR,HIGH,,7,1,0,8,8,3,0,0,,2,2,0,4,4,2,0,0
REGION_VII|BOHOL|INFORMATION AND COMMUNICATION TECHNOLOGY|MULTIMEDIA SERVICES|VISUAL GRAPHIC DESIGNER|VISUAL GRAPHIC DESIGN NC III|WITH TR|HIGH,REGION_VII,BOHOL,INFORMATION AND COMMUNICATION TECHNOLOGY,MULTIMEDIA SERVICES,VISUAL GRAPHIC DESIGNER,VISUAL GRAPHIC DESIGN NC III,WITH TR,HIGH,,6,1,0,7,7,3,0,0,,1,2,0,3,3,1,0,0
REGION_VII|BOHOL|OTHERS|CULTURAL EXCHANGE AND INTERNATIONAL RELATION|SKILL IN JAPANESE LANGUAGE|LANGUAGE A1 LEVEL|WITH CS|HIGH,REGION_VII,BOHOL,OTHERS,CULTURAL EXCHANGE AND INTERNATIONAL RELATION,SKILL IN JAPANESE LANGUAGE,LANGUAGE A1 LEVEL,WITH CS,HIGH,,6,1,0,7,7,4,0,0,,1,2,0,3,3,2,0,0
REGION_VII|BOHOL|OTHERS|FURNITURE/SOUVENIRS/UPCYCLING|PRODUCT DESIGNER|WOOD CARVING LEVEL II|WITH CS|HIGH,REGION_VII,BOHOL,OTHERS,FURNITURE/SOUVENIRS/UPCYCLING,PRODUCT DESIGNER,WOOD CARVING LEVEL II,WITH CS,HIGH,,2,1,0,3,3,3,0,0,,1,0,0,1,1,1,0,0
REGION_VII|BOHOL|OTHERS|LANGUAGE EDUCATION AND INSTRUCTION|SKILL IN KOREAN LANGUAGE|LANGUAGE A1 LEVEL|WITH CS|MEDIUM,REGION_VII,BOHOL,OTHERS,LANGUAGE EDUCATION AND INSTRUCTION,SKILL IN KOREAN LANGUAGE,LANGUAGE A1 LEVEL,WITH CS,MEDIUM,,1,0,0,1,1,0,0,0,,1,0,0,1,1,1,0,0
"REGION_VII|BOHOL|SOCIAL, COMMUNITY DEVELOPMENT AND OTHER SERVICES|COLLECTION AND DISBURSMENT|BOOKKEEPING|BOOKKEEPING NC III|WITH TR|HIGH",REGION_VII,BOHOL,"SOCIAL, COMMUNITY DEVELOPMENT AND OTHER SERVICES",COLLECTION AND DISBURSMENT,BOOKKEEPING,BOOKKEEPING NC III,WITH TR,HIGH,,3,2,0,5,5,0,0,0,,0,1,0,1,1,0,0,0
"REGION_VII|BOHOL|SOCIAL, COMMUNITY DEVELOPMENT AND OTHER SERVICES|GEL/POLYGEL NAILS|NAIL ART/NAIL EXTENSION|BEAUTY CARE (NAIL ENHANCEMENT TECHNOLOGY) SERVICES NC III|WITH TR|MEDIUM",REGION_VII,BOHOL,"SOCIAL, COMMUNITY DEVELOPMENT AND OTHER SERVICES",GEL/POLYGEL NAILS,NAIL ART/NAIL EXTENSION,BEAUTY CARE (NAIL ENHANCEMENT TECHNOLOGY) SERVICES NC III,WITH TR,MEDIUM,,0,0,0,0,0,0,0,0,,0,0,0,0,0,0,0,0
"REGION_VII|BOHOL|SOCIAL, COMMUNITY DEVELOPMENT AND OTHER SERVICES|HAIRSTYLING AND HAIRCARE|BEAUTICIAN SPECIALIST|HAIRDRESSING NC II|WITH TR|HIGH",REGION_VII,BOHOL,"SOCIAL, COMMUNITY DEVELOPMENT AND OTHER SERVICES",HAIRSTYLING AND HAIRCARE,BEAUTICIAN SPECIALIST,HAIRDRESSING NC II,WITH TR,HIGH,,1,0,0,1,1,3,0,0,,0,0,0,0,0,1,0,0
"REGION_VII|BOHOL|SOCIAL, COMMUNITY DEVELOPMENT AND OTHER SERVICES|RESIDENTIAL AND COMMERCIAL REAL ESTATE|REAL ESTATE BROOKER|REAL ESTATE SERVICES NC II|WITH TR|HIGH",REGION_VII,BOHOL,"SOCIAL, COMMUNITY DEVELOPMENT AND OTHER SERVICES",RESIDENTIAL AND COMMERCIAL REAL ESTATE,REAL ESTATE BROOKER,REAL ESTATE SERVICES NC II,WITH TR,HIGH,,0,0,0,0,0,2,0,1,,0,0,0,0,0,0,0,1
"REGION_VII|BOHOL|SOCIAL, COMMUNITY DEVELOPMENT AND OTHER SERVICES|TAX COMPLIANCE|TAX LIAISON|BOOKKEEPING NC III|WITH TR|HIGH",REGION_VII,BOHOL,"SOCIAL, COMMUNITY DEVELOPMENT AND OTHER SERVICES",TAX COMPLIANCE,TAX LIAISON,BOOKKEEPING NC III,WITH TR,HIGH,,3,1,0,4,4,0,0,0,,1,2,0,3,3,0,0,0
REGION_VII|BOHOL|TOURISM (HOTEL AND RESTAURANT)|ACCOMMODATION AND TRAVEL SERVICES|DRIVERS|DRIVING NC II|WITH TR|MEDIUM,REGION_VII,BOHOL,TOURISM (HOTEL AND RESTAURANT),ACCOMMODATION AND TRAVEL SERVICES,DRIVERS,DRIVING NC II,WITH TR,MEDIUM,,0,0,0,0,0,0,0,0,,1,1,0,2,2,0,0,0
REGION_VII|BOHOL|TOURISM (HOTEL AND RESTAURANT)|ACCOMMODATION|DIGITAL MARKETING & PROMOTION TECHNOLOGY|DIGITAL MARKETING LEVEL III|WITH CS|MEDIUM,REGION_VII,BOHOL,TOURISM (HOTEL AND RESTAURANT),ACCOMMODATION,DIGITAL MARKETING & PROMOTION TECHNOLOGY,DIGITAL MARKETING LEVEL III,WITH CS,MEDIUM,,0,1,0,1,1,0,0,0,,0,1,0,1,1,1,0,0
REGION_VII|BOHOL|TOURISM (HOTEL AND RESTAURANT)|ACCOMMODATION|ELECTRICIAN|ELECTRICAL INSTALLATION AND MAINTENANCE NC II|WITH TR|MEDIUM,REGION_VII,BOHOL,TOURISM (HOTEL AND RESTAURANT),ACCOMMODATION,ELECTRICIAN,ELECTRICAL INSTALLATION AND MAINTENANCE NC II,WITH TR,MEDIUM,,1,1,0,2,2,0,0,1,,1,2,0,3,3,0,0,0
REGION_VII|BOHOL|TOURISM (HOTEL AND RESTAURANT)|ACCOMMODATION|ELECTRONICS/SOUND SYTEM OPERATOR/TECHNICIAN|ELECTRONIC PRODUCTS ASSEMBLY AND SERVICING NC II|WITH TR|HIGH,REGION_VII,BOHOL,TOURISM (HOTEL AND RESTAURANT),ACCOMMODATION,ELECTRONICS/SOUND SYTEM OPERATOR/TECHNICIAN,ELECTRONIC PRODUCTS ASSEMBLY AND SERVICING NC II,WITH TR,HIGH,,7,1,0,8,8,2,0,0,,2,2,0,4,4,2,0,0
REGION_VII|BOHOL|TOURISM (HOTEL AND RESTAURANT)|ACCOMMODATION|LANGUAGES (NIHONGO & KOREAN)|LANGUAGE A1 LEVEL|WITH CS|MEDIUM,REGION_VII,BOHOL,TOURISM (HOTEL AND RESTAURANT),ACCOMMODATION,LANGUAGES (NIHONGO & KOREAN),LANGUAGE A1 LEVEL,WITH CS,MEDIUM,,3,0,0,3,3,0,0,0,,2,2,0,4,4,1,0,0
REGION_VII|BOHOL|TOURISM (HOTEL AND RESTAURANT)|ACCOMMODATION|MASSAGE THERAPIST|MASSAGE THERAPY NC II|WITH TR|MEDIUM,REGION_VII,BOHOL,TOURISM (HOTEL AND RESTAURANT),ACCOMMODATION,MASSAGE THERAPIST,MASSAGE THERAPY NC II,WITH TR,MEDIUM,,2,0,0,2,2,0,0,0,,1,2,0,3,3,2,0,0
REGION_VII|BOHOL|TOURISM (HOTEL AND RESTAURANT)|ACCOMMODATION|PLUMBERS|PLUMBING NC II|WITH TR|HIGH,REGION_VII,BOHOL,TOURISM (HOTEL AND RESTAURANT),ACCOMMODATION,PLUMBERS,PLUMBING NC II,WITH TR,HIGH,,6,1,0,7,7,3,0,0,,1,2,0,3,3,3,0,0
REGION_VII|BOHOL|TOURISM (HOTEL AND RESTAURANT)|ACCOMMODATION|RAC/HVAC TECHNICIAN/INSTALLER|RAC SERVICING (DOMRAC) NC II|WITH TR|MEDIUM,REGION_VII,BOHOL,TOURISM (HOTEL AND RESTAURANT),ACCOMMODATION,RAC/HVAC TECHNICIAN/INSTALLER,RAC SERVICING (DOMRAC) NC II,WITH TR,MEDIUM,,1,1,0,2,2,0,0,0,,1,2,0,3,3,1,0,0
REGION_VII|BOHOL|TOURISM (HOTEL AND RESTAURANT)|ACCOMMODATION|SOLAR TECHNICIAN|PV SYSTEMS INSTALLATION NC II|WITH TR|MEDIUM,REGION_VII,BOHOL,TOURISM (HOTEL AND RESTAURANT),ACCOMMODATION,SOLAR TECHNICIAN,PV SYSTEMS INSTALLATION NC II,WITH TR,MEDIUM,,2,1,0,3,3,0,0,0,,2,2,0,4,4,2,0,0
REGION_VII|BOHOL|TOURISM (HOTEL AND RESTAURANT)|ACCOMMODATION|TAX LIAISON|BOOKKEEPING NC III|WITH TR|HIGH,REGION_VII,BOHOL,TOURISM (HOTEL AND RESTAURANT),ACCOMMODATION,TAX LIAISON,BOOKKEEPING NC III,WITH TR,HIGH,,6,0,0,6,6,0,0,0,,2,1,0,3,3,1,0,0
REGION_VII|BOHOL|TOURISM (HOTEL AND RESTAURANT)|ACCOMODATION|FRONT OFFICE SERVICES HIGHER QUALIFICATIONS (FRONT OFFICE SUPERVISOR/MANAGER)|FRONT OFFICE SERVICES NC III|WITH TR|MEDIUM,REGION_VII,BOHOL,TOURISM (HOTEL AND RESTAURANT),ACCOMODATION,FRONT OFFICE SERVICES HIGHER QUALIFICATIONS (FRONT OFFICE SUPERVISOR/MANAGER),FRONT OFFICE SERVICES NC III,WITH TR,MEDIUM,,2,1,0,3,3,0,0,0,,2,2,0,4,4,1,0,0
REGION_VII|BOHOL|TOURISM (HOTEL AND RESTAURANT)|ACCOMODATION|HOUSEKEEPING SERVICES HIGHER QUALIFICATIONS (HOUSEKEEPING SUPERVISOR/MANAGER)|HOUSEKEEPING NC III|WITH TR|MEDIUM,REGION_VII,BOHOL,TOURISM (HOTEL AND RESTAURANT),ACCOMODATION,HOUSEKEEPING SERVICES HIGHER QUALIFICATIONS (HOUSEKEEPING SUPERVISOR/MANAGER),HOUSEKEEPING NC III,WITH TR,MEDIUM,,2,0,0,2,2,0,0,0,,2,1,0,3,3,1,0,0
REGION_VII|BOHOL|TOURISM (HOTEL AND RESTAURANT)|ACCOMODATION|LAUNDRY SUPERVISOR|HOUSEKEEPING NC III|WITH TR|MEDIUM,REGION_VII,BOHOL,TOURISM (HOTEL AND RESTAURANT),ACCOMODATION,LAUNDRY SUPERVISOR,HOUSEKEEPING NC III,WITH TR,MEDIUM,,2,0,0,2,2,0,0,0,,2,1,0,3,3,1,0,0
REGION_VII|BOHOL|TOURISM (HOTEL AND RESTAURANT)|ACCOMODATION|LIFEGUARD SERVICES (LIFEGUARD)|LIFEGUARD SERVICES NC II|WITH TR|MEDIUM,REGION_VII,BOHOL,TOURISM (HOTEL AND RESTAURANT),ACCOMODATION,LIFEGUARD SERVICES (LIFEGUARD),LIFEGUARD SERVICES NC II,WITH TR,MEDIUM,,1,0,0,1,1,0,0,0,,1,0,0,1,1,2,0,0
REGION_VII|BOHOL|TOURISM (HOTEL AND RESTAURANT)|ACCOMODATION|LINEN/UNIFORM SUPERVISOR|HOUSEKEEPING NC III|WITH TR|MEDIUM,REGION_VII,BOHOL,TOURISM (HOTEL AND RESTAURANT),ACCOMODATION,LINEN/UNIFORM SUPERVISOR,HOUSEKEEPING NC III,WITH TR,MEDIUM,,2,0,0,2,2,0,0,0,,1,1,0,2,2,2,0,0
REGION_VII|BOHOL|TOURISM (HOTEL AND RESTAURANT)|ACCOMODATION|PUBLIC AREA SUPERVISOR|HOUSEKEEPING NC III|WITH TR|MEDIUM,REGION_VII,BOHOL,TOURISM (HOTEL AND RESTAURANT),ACCOMODATION,PUBLIC AREA SUPERVISOR,HOUSEKEEPING NC III,WITH TR,MEDIUM,,2,0,0,2,2,0,0,0,,2,1,0,3,3,1,0,0
REGION_VII|BOHOL|TOURISM (HOTEL AND RESTAURANT)|FOOD AND BEVERAGES|BARTENDING (BARTENDER)|BARTENDING NC II|WITH TR|HIGH,REGION_VII,BOHOL,TOURISM (HOTEL AND RESTAURANT),FOOD AND BEVERAGES,BARTENDING (BARTENDER),BARTENDING NC II,WITH TR,HIGH,,0,0,0,0,0,0,0,0,,0,0,0,0,0,0,0,0
REGION_VII|BOHOL|TOURISM (HOTEL AND RESTAURANT)|FOOD AND BEVERAGES|FOOD AND BEVERAGE SERVICES ATTENDANT|FOOD AND BEVERAGE SERVICES NC II|WITH TR|MEDIUM,REGION_VII,BOHOL,TOURISM (HOTEL AND RESTAURANT),FOOD AND BEVERAGES,FOOD AND BEVERAGE SERVICES ATTENDANT,FOOD AND BEVERAGE SERVICES NC II,WITH TR,MEDIUM,,2,1,0,3,3,0,0,0,,1,2,0,3,3,0,0,0
REGION_VII|BOHOL|TOURISM (HOTEL AND RESTAURANT)|FOOD AND BEVERAGES|FOOD AND BEVERAGE SERVICES HIGHER QUALIFICATIONS (FBS SUPERVISOR/MANAGER)|FOOD AND BEVERAGE SERVICES NC III|WITH TR|MEDIUM,REGION_VII,BOHOL,TOURISM (HOTEL AND RESTAURANT),FOOD AND BEVERAGES,FOOD AND BEVERAGE SERVICES HIGHER QUALIFICATIONS (FBS SUPERVISOR/MANAGER),FOOD AND BEVERAGE SERVICES NC III,WITH TR,MEDIUM,,2,1,0,3,3,0,0,0,,2,2,0,4,4,1,0,0
REGION_VII|BOHOL|TOURISM (HOTEL AND RESTAURANT)|FOOD PRODUCTION|ASSISTANT COOK|COOKERY NC II|WITH TR|MEDIUM,REGION_VII,BOHOL,TOURISM (HOTEL AND RESTAURANT),FOOD PRODUCTION,ASSISTANT COOK,COOKERY NC II,WITH TR,MEDIUM,,1,0,0,1,1,0,0,2,,0,0,0,0,0,1,0,2
"REGION_VII|BOHOL|TOURISM (HOTEL AND RESTAURANT)|FOOD PRODUCTION|COMMIS PASTRY
 BAKER|BREAD AND PASTRY PRODUCTION NC II|WITH TR|HIGH",REGION_VII,BOHOL,TOURISM (HOTEL AND RESTAURANT),FOOD PRODUCTION,"COMMIS PASTRY
 BAKER",BREAD AND PASTRY PRODUCTION NC II,WITH TR,HIGH,,2,1,0,3,3,0,0,2,,1,2,0,3,3,0,0,2
REGION_VII|BOHOL|TOURISM (HOTEL AND RESTAURANT)|FOOD PRODUCTION|COOK OR COMMIS|COOKERY NC II|WITH TR|MEDIUM,REGION_VII,BOHOL,TOURISM (HOTEL AND RESTAURANT),FOOD PRODUCTION,COOK OR COMMIS,COOKERY NC II,WITH TR,MEDIUM,,1,0,0,1,1,0,0,0,,0,1,0,1,1,0,0,0
REGION_VII|BOHOL|TOURISM (HOTEL AND RESTAURANT)|FOOD PRODUCTION|FOOD PROCESSING (QUALITY CONTROLLER)|FOOD PROCESSING NC II|WITH TR|MEDIUM,REGION_VII,BOHOL,TOURISM (HOTEL AND RESTAURANT),FOOD PRODUCTION,FOOD PROCESSING (QUALITY CONTROLLER),FOOD PROCESSING NC II,WITH TR,MEDIUM,,2,1,0,3,3,1,0,0,,2,2,0,4,4,2,0,0
REGION_VII|BOHOL|TOURISM (HOTEL AND RESTAURANT)|FOOD PRODUCTION|PREPARE COLD MEALS|COOKERY NC II|WITH TR|HIGH,REGION_VII,BOHOL,TOURISM (HOTEL AND RESTAURANT),FOOD PRODUCTION,PREPARE COLD MEALS,COOKERY NC II,WITH TR,HIGH,,6,0,0,6,6,0,0,0,,2,1,0,3,3,0,0,0
REGION_VII|BOHOL|TOURISM (HOTEL AND RESTAURANT)|FOOD PRODUCTION|PREPARE HOT MEALS|COOKERY NC II|WITH TR|HIGH,REGION_VII,BOHOL,TOURISM (HOTEL AND RESTAURANT),FOOD PRODUCTION,PREPARE HOT MEALS,COOKERY NC II,WITH TR,HIGH,,3,2,0,5,5,0,0,0,,1,1,0,2,2,1,0,1
"REGION_VII|BOHOL|TOURISM (HOTEL AND RESTAURANT)|TRAVEL AND TOURS|TOUR GUIDING, LOCAL GUIDING SERVICES (TOUR GUIDEFOREIGN LANGUAGE OTHER THAN ENGLISH)|TOUR GUIDING SERVICES NC III|WITH TR|MEDIUM",REGION_VII,BOHOL,TOURISM (HOTEL AND RESTAURANT),TRAVEL AND TOURS,"TOUR GUIDING, LOCAL GUIDING SERVICES (TOUR GUIDEFOREIGN LANGUAGE OTHER THAN ENGLISH)",TOUR GUIDING SERVICES NC III,WITH TR,MEDIUM,,2,1,0,3,3,1,0,0,,2,2,0,4,4,3,0,0
"REGION_VII|BOHOL|TOURISM (HOTEL AND RESTAURANT)|TRAVEL AND TOURS|TOURISM PROMOTIONS SERVICES (ONLINE TRAVEL ADVISOR, ONLINE TOURISM PROMOTIONAL MATERIAL DEVELOPER)|TOURISM PROMOTION SERVICES NC II|WITH TR|MEDIUM",REGION_VII,BOHOL,TOURISM (HOTEL AND RESTAURANT),TRAVEL AND TOURS,"TOURISM PROMOTIONS SERVICES (ONLINE TRAVEL ADVISOR, ONLINE TOURISM PROMOTIONAL MATERIAL DEVELOPER)",TOURISM PROMOTION SERVICES NC II,WITH TR,MEDIUM,,2,1,0,3,3,1,0,0,,2,2,0,4,4,2,0,0