SOC,Communication,Responsibility,Physical,Criticality,Routine,Skills,Complementarity
11-1011.00,0.75,0.86,0.35,0.8,0.82,1.0,0.7633333333333333
11-1011.03,0.7,0.56,0.38,0.6,0.86,1.0,0.6833333333333332
11-1021.00,0.67,0.86,0.515,0.77,0.8,0.8,0.7358333333333333
11-2011.00,0.68,0.54,0.415,0.63,0.78,0.8,0.6408333333333333
11-2021.00,0.765,0.53,0.285,0.6933333333333332,0.815,0.8,0.6480555555555555
11-2022.00,0.67,0.545,0.395,0.6133333333333333,0.765,0.8,0.631388888888889
11-2033.00,0.75,0.54,0.27,0.6966666666666665,0.865,0.8,0.6536111111111111
11-3012.00,0.65,0.76,0.325,0.65,0.735,0.6,0.62
11-3013.00,0.68,0.86,0.53,0.7066666666666666,0.815,0.6,0.6986111111111111
11-3013.01,0.645,0.75,0.545,0.6866666666666665,0.725,0.8,0.6919444444444444
11-3021.00,0.59,0.69,0.225,0.7566666666666666,0.775,0.8,0.6394444444444445
11-3031.00,0.695,0.695,0.265,0.7,0.705,0.8,0.6433333333333332
11-3031.01,0.675,0.535,0.195,0.7133333333333333,0.72,0.8,0.6063888888888888
11-3031.03,0.68,0.415,0.225,0.8133333333333332,0.755,1.0,0.6480555555555555
11-3051.00,0.7,0.88,0.445,0.74,0.815,0.8,0.73
11-3051.01,0.69,0.78,0.355,0.7,0.78,0.8,0.6841666666666666
11-3051.02,0.76,0.945,0.575,0.8333333333333333,0.785,0.6,0.7497222222222222
11-3051.03,0.685,0.945,0.645,0.8333333333333333,0.59,0.8,0.7497222222222222
11-3051.04,0.73,0.965,0.655,0.78,0.715,0.8,0.7741666666666666
11-3051.06,0.69,0.935,0.565,0.8333333333333333,0.745,0.6,0.7280555555555556
11-3061.00,0.675,0.62,0.265,0.58,0.695,0.8,0.6058333333333333
11-3071.00,0.68,0.755,0.455,0.7166666666666666,0.685,0.8,0.6819444444444445
11-3071.04,0.71,0.77,0.395,0.5833333333333333,0.71,0.8,0.6613888888888888
11-3111.00,0.655,0.5,0.16,0.6533333333333333,0.72,0.8,0.5813888888888888
11-3121.00,0.695,0.645,0.285,0.7,0.7,0.8,0.6374999999999998
11-3131.00,0.765,0.545,0.295,0.5166666666666666,0.81,0.8,0.6219444444444444
11-9013.00,0.595,0.775,0.755,0.68,0.77,0.8,0.7291666666666666
11-9021.00,0.73,0.765,0.67,0.7366666666666666,0.75,0.8,0.7419444444444444
11-9031.00,0.635,0.89,0.54,0.81,0.79,0.8,0.7441666666666666
11-9032.00,0.78,0.815,0.54,0.5833333333333333,0.91,1.0,0.7713888888888888
11-9033.00,0.745,0.595,0.27,0.7066666666666666,0.85,1.0,0.6944444444444443
11-9041.00,0.73,0.68,0.35,0.67,0.81,1.0,0.7066666666666667
11-9041.01,0.685,0.665,0.415,0.6933333333333332,0.795,0.8,0.6755555555555556
11-9051.00,0.69,0.855,0.535,0.7166666666666666,0.775,0.4,0.6619444444444444
11-9071.00,0.7,0.795,0.405,0.79,0.72,0.4,0.635
11-9072.00,0.805,0.745,0.5,0.7,0.845,0.8,0.7324999999999999
11-9081.00,0.815,0.845,0.3,0.7233333333333333,0.725,0.8,0.7013888888888888
11-9111.00,0.695,0.71,0.25,0.5866666666666667,0.655,0.8,0.616111111111111
11-9121.00,0.72,0.765,0.26,0.6233333333333333,0.86,1.0,0.7047222222222222
11-9121.01,0.63,0.545,0.3,0.6166666666666667,0.76,0.8,0.6086111111111111
11-9121.02,0.665,0.63,0.43,0.5733333333333333,0.765,0.8,0.6438888888888888
11-9131.00,0.84,0.92,0.51,0.66,0.655,0.4,0.6641666666666667
11-9141.00,0.67,0.645,0.475,0.65,0.755,0.8,0.6658333333333334
11-9151.00,0.735,0.74,0.295,0.7133333333333333,0.765,0.8,0.6747222222222223
11-9161.00,0.68,0.725,0.48,0.6133333333333333,0.805,0.8,0.6838888888888889
11-9171.00,0.8,0.705,0.765,0.8233333333333333,0.735,0.6,0.7380555555555555
11-9179.01,0.76,0.67,0.435,0.5633333333333332,0.82,0.8,0.6747222222222223
11-9179.02,0.605,0.73,0.42,0.68,0.74,0.6,0.6291666666666667
11-9199.01,0.63,0.42,0.22,0.6233333333333333,0.755,0.8,0.5747222222222222
11-9199.02,0.71,0.74,0.365,0.7033333333333333,0.825,0.8,0.6905555555555555
11-9199.08,0.705,0.77,0.45,0.69,0.72,0.8,0.6891666666666666
11-9199.09,0.79,0.885,0.685,0.8633333333333333,0.77,0.6,0.7655555555555557
11-9199.10,0.62,0.475,0.385,0.6166666666666667,0.89,0.8,0.6311111111111112
11-9199.11,0.585,0.59,0.46,0.5266666666666666,0.795,0.8,0.626111111111111
13-1011.00,0.57,0.33,0.235,0.72,0.845,0.8,0.5833333333333334
13-1021.00,0.625,0.525,0.405,0.8266666666666665,0.715,0.8,0.6494444444444444
13-1022.00,0.645,0.515,0.335,0.75,0.84,0.6,0.6141666666666666
13-1023.00,0.69,0.48,0.28,0.6533333333333333,0.68,0.8,0.5972222222222223
13-1031.00,0.505,0.285,0.31,0.76,0.665,0.8,0.5541666666666667
13-1032.00,0.505,0.23,0.595,0.74,0.65,0.6,0.5533333333333333
13-1041.00,0.61,0.325,0.665,0.66,0.6,0.8,0.61
13-1041.01,0.6,0.395,0.63,0.53,0.8,0.8,0.6258333333333334
13-1041.03,0.645,0.29,0.265,0.6766666666666665,0.775,0.8,0.5752777777777779
13-1041.04,0.57,0.605,0.615,0.6333333333333333,0.725,0.6,0.6247222222222222
13-1041.06,0.755,0.725,0.785,0.7633333333333333,0.805,0.6,0.7388888888888889
13-1041.07,0.605,0.305,0.28,0.5633333333333332,0.775,0.8,0.5547222222222222
13-1041.08,0.63,0.475,0.32,0.6766666666666665,0.51,0.6,0.5352777777777777
13-1051.00,0.645,0.365,0.285,0.5533333333333332,0.715,0.8,0.5605555555555556
13-1071.00,0.78,0.645,0.265,0.69,0.69,0.8,0.645
13-1074.00,0.575,0.905,0.725,0.6833333333333332,0.845,0.4,0.688888888888889
13-1075.00,0.635,0.485,0.3,0.65,0.775,0.8,0.6075
13-1081.00,0.63,0.555,0.43,0.6133333333333333,0.63,0.8,0.6097222222222222
13-1081.01,0.645,0.665,0.435,0.62,0.7,0.8,0.6441666666666667
13-1081.02,0.6,0.44,0.345,0.6066666666666667,0.64,0.8,0.5719444444444445
13-1111.00,0.69,0.505,0.325,0.6433333333333333,0.725,0.8,0.6147222222222223
13-1121.00,0.59,0.645,0.525,0.66,0.88,0.8,0.6833333333333332
13-1131.00,0.77,0.435,0.375,0.6166666666666667,0.81,0.8,0.6344444444444445
13-1141.00,0.605,0.305,0.255,0.64,0.695,0.8,0.5499999999999999
13-1151.00,0.785,0.525,0.355,0.5366666666666666,0.79,0.8,0.6319444444444445
13-1161.00,0.61,0.35,0.235,0.6066666666666667,0.74,0.8,0.5569444444444445
13-1161.01,0.515,0.28,0.195,0.5633333333333332,0.76,0.8,0.5188888888888888
13-1199.04,0.55,0.58,0.23,0.49,0.685,0.8,0.5558333333333333
13-1199.05,0.67,0.45,0.39,0.4666666666666666,0.83,0.8,0.601111111111111
13-1199.06,0.515,0.545,0.315,0.6633333333333333,0.71,0.8,0.5913888888888889
13-1199.07,0.69,0.615,0.475,0.69,0.775,0.8,0.6741666666666667
13-2011.00,0.59,0.49,0.265,0.6466666666666666,0.64,0.8,0.5719444444444445
13-2022.00,0.475,0.425,0.415,0.66,0.83,0.8,0.6008333333333334
13-2023.00,0.46,0.25,0.61,0.6066666666666667,0.755,0.8,0.5802777777777778
13-2031.00,0.525,0.65,0.17,0.72,0.865,0.8,0.6216666666666666
13-2041.00,0.63,0.18,0.245,0.59,0.725,0.8,0.5283333333333333
13-2052.00,0.515,0.3,0.19,0.6833333333333332,0.735,0.8,0.5372222222222222
13-2053.00,0.54,0.23,0.285,0.7133333333333333,0.65,0.8,0.5363888888888888
13-2061.00,0.645,0.435,0.305,0.5233333333333333,0.66,0.8,0.5613888888888888
13-2071.00,0.57,0.18,0.23,0.6766666666666665,0.63,0.8,0.5144444444444445
13-2072.00,0.655,0.53,0.385,0.77,0.65,0.8,0.6316666666666667
13-2081.00,0.46,0.34,0.275,0.6766666666666665,0.635,0.6,0.4977777777777778
13-2082.00,0.47,0.255,0.205,0.6,0.595,0.6,0.45416666666666666
13-2099.01,0.59,0.325,0.195,0.6233333333333333,0.65,1.0,0.5638888888888889
13-2099.04,0.635,0.555,0.37,0.7133333333333333,0.71,0.8,0.6305555555555555
15-1211.00,0.565,0.495,0.26,0.6366666666666666,0.73,0.6,0.5477777777777778
15-1211.01,0.635,0.56,0.3,0.6066666666666667,0.76,1.0,0.643611111111111
15-1212.00,0.57,0.4,0.325,0.6366666666666666,0.755,0.8,0.581111111111111
15-1221.00,0.725,0.44,0.175,0.5666666666666667,0.71,1.0,0.6027777777777777
15-1231.00,0.59,0.465,0.34,0.6733333333333333,0.755,0.8,0.6038888888888888
15-1232.00,0.61,0.7,0.295,0.7633333333333333,0.79,0.6,0.6263888888888889
15-1241.00,0.62,0.48,0.34,0.6266666666666666,0.685,0.8,0.5919444444444445
15-1241.01,0.62,0.56,0.43,0.62,0.715,0.6,0.5908333333333333
15-1242.00,0.35,0.445,0.19,0.7733333333333333,0.7,0.8,0.5430555555555555
15-1243.00,0.59,0.385,0.205,0.6333333333333333,0.68,0.8,0.5488888888888889
15-1243.01,0.545,0.27,0.225,0.5166666666666666,0.69,0.8,0.5077777777777778
15-1244.00,0.505,0.335,0.325,0.5733333333333333,0.695,0.8,0.5388888888888889
15-1251.00,0.635,0.245,0.22,0.4433333333333333,0.64,0.8,0.49722222222222223
15-1252.00,0.33,0.435,0.09,0.54,0.745,0.8,0.49000000000000005
15-1253.00,0.64,0.375,0.275,0.5766666666666667,0.635,0.8,0.5502777777777778
15-1254.00,0.535,0.37,0.225,0.63,0.76,0.6,0.5200000000000001
15-1255.01,0.635,0.325,0.265,0.5166666666666666,0.78,0.8,0.553611111111111
15-1299.01,0.575,0.355,0.235,0.6333333333333333,0.705,0.8,0.5505555555555556
15-1299.02,0.605,0.36,0.35,0.5566666666666666,0.625,0.6,0.5161111111111111
15-1299.03,0.655,0.4,0.26,0.56,0.615,0.8,0.5483333333333333
15-1299.05,0.54,0.435,0.215,0.62,0.645,0.8,0.5425
15-1299.08,0.53,0.47,0.295,0.6766666666666665,0.66,0.6,0.538611111111111
15-1299.09,0.71,0.655,0.31,0.6366666666666666,0.78,0.8,0.6486111111111111
15-2011.00,0.6,0.325,0.215,0.5266666666666666,0.7,0.8,0.5277777777777778
15-2021.00,0.655,0.28,0.205,0.5033333333333333,0.825,1.0,0.5780555555555557
15-2031.00,0.6,0.39,0.215,0.5033333333333333,0.72,1.0,0.571388888888889
15-2041.00,0.64,0.355,0.22,0.5766666666666667,0.755,1.0,0.5911111111111111
15-2041.01,0.595,0.39,0.215,0.5433333333333333,0.775,1.0,0.5863888888888888
15-2051.01,0.6,0.31,0.22,0.6,0.72,0.8,0.5416666666666666
15-2051.02,0.545,0.375,0.245,0.4933333333333333,0.7,0.8,0.5263888888888889
15-2099.01,0.55,0.49,0.315,0.5366666666666666,0.62,0.8,0.5519444444444445
17-1011.00,0.665,0.555,0.475,0.6233333333333333,0.73,1.0,0.6747222222222223
17-1012.00,0.615,0.525,0.485,0.5366666666666666,0.715,0.8,0.6127777777777778
17-1021.00,0.61,0.37,0.4,0.58,0.66,0.8,0.57
17-1022.00,0.61,0.73,0.725,0.7066666666666666,0.66,0.8,0.7052777777777778
17-1022.01,0.605,0.5,0.59,0.5566666666666666,0.63,0.8,0.6136111111111111
17-2011.00,0.665,0.465,0.32,0.5933333333333333,0.815,0.8,0.6097222222222222
17-2021.00,0.58,0.605,0.545,0.5833333333333333,0.75,0.8,0.6438888888888888
17-2031.00,0.605,0.57,0.275,0.5333333333333333,0.705,0.8,0.5813888888888888
17-2041.00,0.635,0.63,0.455,0.6933333333333332,0.705,0.8,0.6530555555555556
17-2051.00,0.635,0.55,0.445,0.6966666666666665,0.71,0.8,0.6394444444444445
17-2051.01,0.635,0.645,0.48,0.6566666666666666,0.705,0.8,0.6536111111111111
17-2051.02,0.685,0.57,0.47,0.54,0.745,0.8,0.6349999999999999
17-2061.00,0.605,0.475,0.27,0.5366666666666666,0.665,0.8,0.5586111111111111
17-2071.00,0.625,0.61,0.425,0.7233333333333333,0.8,0.8,0.6638888888888889
17-2072.00,0.605,0.36,0.275,0.56,0.855,0.8,0.5758333333333333
17-2072.01,0.62,0.485,0.29,0.6533333333333333,0.785,0.8,0.6055555555555556
17-2081.00,0.625,0.71,0.52,0.5966666666666667,0.74,0.8,0.6652777777777777
17-2111.00,0.725,0.675,0.53,0.7033333333333333,0.76,0.8,0.6988888888888889
17-2111.02,0.595,0.58,0.4,0.6166666666666667,0.78,0.8,0.6286111111111111
17-2112.00,0.75,0.635,0.345,0.71,0.785,0.8,0.6708333333333334
17-2112.01,0.675,0.615,0.47,0.59,0.85,1.0,0.7000000000000001
17-2112.02,0.675,0.495,0.37,0.62,0.78,0.8,0.6233333333333334
17-2112.03,0.685,0.66,0.39,0.6233333333333333,0.675,0.8,0.6388888888888888
17-2121.00,0.61,0.525,0.585,0.6366666666666666,0.78,0.8,0.6561111111111111
17-2131.00,0.685,0.675,0.32,0.5733333333333333,0.735,0.8,0.6313888888888889
17-2141.00,0.665,0.605,0.36,0.6433333333333333,0.78,0.8,0.6422222222222222
17-2141.01,0.645,0.615,0.31,0.5066666666666666,0.695,0.8,0.5952777777777777
17-2141.02,0.705,0.61,0.43,0.59,0.745,0.8,0.6466666666666666
17-2151.00,0.615,0.575,0.475,0.6433333333333333,0.795,0.8,0.6505555555555556
17-2161.00,0.57,0.635,0.36,0.6033333333333333,0.745,0.8,0.6188888888888888
17-2171.00,0.69,0.675,0.295,0.6333333333333333,0.82,0.8,0.6522222222222221
17-2199.03,0.625,0.635,0.37,0.5933333333333333,0.75,0.8,0.6288888888888889
17-2199.05,0.655,0.535,0.27,0.6766666666666665,0.81,0.8,0.6244444444444445
17-2199.06,0.665,0.54,0.36,0.61,0.815,1.0,0.6649999999999999
17-2199.07,0.685,0.465,0.285,0.5566666666666666,0.73,0.8,0.5869444444444444
17-2199.08,0.7,0.67,0.4,0.6933333333333332,0.67,0.8,0.6555555555555556
17-2199.09,0.68,0.68,0.3,0.6466666666666666,0.735,1.0,0.673611111111111
17-2199.10,0.555,0.39,0.335,0.5833333333333333,0.8,0.8,0.5772222222222222
17-2199.11,0.615,0.705,0.615,0.7366666666666666,0.695,0.8,0.6944444444444443
17-3011.00,0.675,0.43,0.41,0.56,0.635,0.6,0.5516666666666666
17-3012.00,0.58,0.41,0.385,0.5933333333333333,0.655,0.6,0.5372222222222222
17-3013.00,0.575,0.36,0.265,0.6066666666666667,0.805,0.6,0.5352777777777779
17-3021.00,0.55,0.59,0.35,0.7633333333333333,0.735,0.6,0.5980555555555556
17-3022.00,0.64,0.565,0.6,0.62,0.61,0.6,0.6058333333333333
17-3023.00,0.595,0.6,0.445,0.6766666666666665,0.78,0.6,0.6161111111111112
17-3024.00,0.59,0.625,0.47,0.7,0.64,0.6,0.6041666666666666
17-3024.01,0.615,0.665,0.475,0.6933333333333332,0.595,0.6,0.6072222222222222
17-3025.00,0.575,0.64,0.575,0.6,0.725,0.8,0.6525
17-3026.00,0.64,0.62,0.355,0.73,0.745,0.6,0.615
17-3026.01,0.635,0.65,0.335,0.6133333333333333,0.68,0.8,0.6188888888888889
17-3027.00,0.61,0.68,0.49,0.7066666666666666,0.715,0.6,0.633611111111111
17-3027.01,0.655,0.585,0.54,0.6133333333333333,0.62,0.6,0.6022222222222223
17-3029.01,0.63,0.68,0.68,0.7366666666666666,0.615,0.4,0.6236111111111111
17-3029.08,0.55,0.51,0.42,0.61,0.645,0.6,0.5558333333333333
17-3031.00,0.55,0.495,0.555,0.6533333333333333,0.66,0.6,0.5855555555555556
19-1011.00,0.685,0.59,0.525,0.6733333333333333,0.77,1.0,0.7072222222222222
19-1012.00,0.67,0.555,0.385,0.6333333333333333,0.71,0.8,0.6255555555555555
19-1013.00,0.655,0.67,0.545,0.58,0.765,1.0,0.7025
19-1021.00,0.635,0.64,0.275,0.6966666666666665,0.715,1.0,0.6602777777777776
19-1022.00,0.675,0.655,0.38,0.7,0.675,0.8,0.6475
19-1023.00,0.61,0.705,0.58,0.6433333333333333,0.87,0.8,0.7013888888888888
19-1029.01,0.755,0.515,0.205,0.59,0.88,1.0,0.6575
19-1029.02,0.7,0.61,0.28,0.5333333333333333,0.74,1.0,0.6438888888888888
19-1029.03,0.68,0.525,0.295,0.61,0.785,1.0,0.6491666666666667
19-1029.04,0.63,0.68,0.525,0.5966666666666667,0.895,1.0,0.721111111111111
19-1031.00,0.62,0.535,0.6,0.5466666666666666,0.725,0.8,0.6377777777777779
19-1031.02,0.745,0.61,0.605,0.6133333333333333,0.77,0.8,0.6905555555555556
19-1031.03,0.8,0.54,0.665,0.48666666666666664,0.88,0.8,0.6952777777777778
19-1032.00,0.565,0.555,0.63,0.75,0.84,0.8,0.69
19-1041.00,0.705,0.51,0.3,0.5933333333333333,0.79,1.0,0.6497222222222222
19-1042.00,0.66,0.625,0.285,0.6766666666666665,0.745,1.0,0.6652777777777777
19-2011.00,0.625,0.39,0.305,0.5033333333333333,0.86,1.0,0.6138888888888888
19-2012.00,0.685,0.435,0.205,0.5033333333333333,0.87,1.0,0.616388888888889
19-2021.00,0.705,0.455,0.35,0.5466666666666666,0.655,0.8,0.5852777777777778
19-2031.00,0.575,0.66,0.275,0.71,0.765,0.8,0.6308333333333334
19-2032.00,0.645,0.615,0.34,0.56,0.675,0.8,0.6058333333333333
19-2041.00,0.645,0.45,0.41,0.5433333333333333,0.805,0.8,0.6088888888888889
19-2041.01,0.67,0.38,0.24,0.5033333333333333,0.83,1.0,0.6038888888888889
19-2041.02,0.655,0.545,0.55,0.5333333333333333,0.875,1.0,0.6930555555555555
19-2041.03,0.65,0.405,0.315,0.5133333333333333,0.85,1.0,0.6222222222222222
19-2042.00,0.68,0.5,0.45,0.55,0.81,1.0,0.665
19-2043.00,0.62,0.495,0.455,0.5233333333333333,0.775,1.0,0.6447222222222222
19-2099.01,0.595,0.43,0.385,0.54,0.68,0.8,0.5716666666666667
19-3011.00,0.685,0.4,0.2,0.6233333333333333,0.785,1.0,0.6155555555555555
19-3011.01,0.625,0.23,0.205,0.49666666666666665,0.865,1.0,0.5702777777777778
19-3022.00,0.595,0.475,0.255,0.5933333333333333,0.72,1.0,0.6063888888888888
19-3032.00,0.73,0.495,0.245,0.6633333333333333,0.855,1.0,0.6647222222222223
19-3033.00,0.655,0.43,0.345,0.7833333333333333,0.9,1.0,0.6855555555555556
19-3034.00,0.635,0.255,0.33,0.62,0.85,1.0,0.615
19-3039.02,0.595,0.4,0.35,0.6833333333333332,0.83,1.0,0.6430555555555556
19-3039.03,0.655,0.485,0.325,0.7366666666666666,0.835,1.0,0.6727777777777778
19-3041.00,0.785,0.39,0.27,0.53,0.85,1.0,0.6375000000000001
19-3051.00,0.77,0.405,0.38,0.4733333333333333,0.84,1.0,0.6447222222222222
19-3091.00,0.725,0.375,0.435,0.49,0.875,1.0,0.65
19-3092.00,0.665,0.355,0.365,0.48666666666666664,0.805,0.8,0.5794444444444444
19-3093.00,0.63,0.55,0.31,0.55,0.89,1.0,0.655
19-3094.00,0.84,0.235,0.185,0.57,0.895,1.0,0.6208333333333333
19-3099.01,0.695,0.49,0.315,0.4766666666666666,0.755,0.8,0.5886111111111111
19-4012.00,0.55,0.615,0.685,0.55,0.6,0.6,0.6000000000000001
19-4012.01,0.615,0.585,0.655,0.6866666666666665,0.71,0.6,0.6419444444444444
19-4013.00,0.615,0.76,0.345,0.7066666666666666,0.68,0.6,0.6177777777777779
19-4021.00,0.645,0.515,0.315,0.5166666666666666,0.745,0.8,0.5894444444444445
19-4031.00,0.61,0.655,0.37,0.67,0.575,0.6,0.58
19-4042.00,0.6,0.605,0.58,0.5766666666666667,0.71,0.8,0.6452777777777778
19-4043.00,0.535,0.535,0.41,0.6266666666666666,0.67,0.8,0.596111111111111
19-4051.00,0.695,0.69,0.725,0.72,0.625,0.6,0.6758333333333333
19-4051.02,0.735,0.76,0.64,0.6933333333333332,0.695,0.6,0.6872222222222222
19-4061.00,0.515,0.285,0.265,0.4233333333333333,0.78,0.8,0.5113888888888889
19-4071.00,0.72,0.72,0.765,0.7433333333333333,0.705,0.6,0.7088888888888888
19-4092.00,0.75,0.58,0.735,0.7833333333333333,0.835,0.6,0.7138888888888889
19-4099.01,0.575,0.57,0.435,0.68,0.785,0.6,0.6075
19-4099.03,0.47,0.325,0.325,0.5266666666666666,0.66,0.8,0.5177777777777778
19-5011.00,0.69,0.705,0.655,0.68,0.745,0.8,0.7125
19-5012.00,0.705,0.695,0.64,0.7566666666666666,0.72,0.6,0.686111111111111
21-1011.00,0.785,0.72,0.315,0.52,0.795,1.0,0.6891666666666666
21-1012.00,0.71,0.45,0.345,0.6566666666666666,0.83,1.0,0.6652777777777777
21-1013.00,0.585,0.285,0.26,0.7033333333333333,0.87,1.0,0.6172222222222222
21-1014.00,0.67,0.375,0.28,0.7666666666666666,0.91,1.0,0.6669444444444445
21-1015.00,0.665,0.605,0.36,0.6466666666666666,0.795,0.8,0.6452777777777777
21-1021.00,0.73,0.455,0.51,0.77,0.775,0.8,0.6733333333333333
21-1022.00,0.68,0.5,0.455,0.66,0.82,1.0,0.6858333333333334
21-1023.00,0.705,0.48,0.415,0.6533333333333333,0.81,1.0,0.6772222222222223
21-1091.00,0.81,0.605,0.405,0.6466666666666666,0.825,0.8,0.6819444444444445
21-1092.00,0.66,0.59,0.64,0.7266666666666666,0.665,0.8,0.6802777777777779
21-1093.00,0.775,0.625,0.465,0.62,0.73,0.8,0.6691666666666666
21-1094.00,0.775,0.58,0.51,0.6066666666666667,0.735,0.8,0.6677777777777778
21-2011.00,0.815,0.62,0.375,0.68,0.84,1.0,0.7216666666666667
21-2021.00,0.69,0.44,0.355,0.5466666666666666,0.945,0.8,0.6294444444444444
23-1011.00,0.645,0.54,0.23,0.8066666666666665,0.915,1.0,0.6894444444444444
23-1012.00,0.555,0.23,0.185,0.6133333333333333,0.755,1.0,0.5563888888888889
23-1021.00,0.605,0.26,0.21,0.7366666666666666,0.775,1.0,0.5977777777777777
23-1022.00,0.465,0.33,0.28,0.6566666666666666,0.815,1.0,0.5911111111111111
23-1023.00,0.89,0.535,0.345,0.8533333333333333,0.85,1.0,0.7455555555555554
23-2011.00,0.555,0.32,0.255,0.6633333333333333,0.84,0.6,0.5388888888888889
23-2093.00,0.52,0.46,0.305,0.7933333333333333,0.705,0.4,0.5305555555555556
25-1011.00,0.8,0.37,0.27,0.6033333333333333,0.81,1.0,0.6422222222222221
25-1021.00,0.815,0.425,0.26,0.5833333333333333,0.885,1.0,0.6613888888888888
25-1022.00,0.895,0.245,0.295,0.5233333333333333,0.79,1.0,0.6247222222222223
25-1031.00,0.875,0.44,0.5,0.55,0.85,1.0,0.7025
25-1032.00,0.87,0.545,0.205,0.61,0.915,1.0,0.6908333333333333
25-1041.00,0.925,0.49,0.385,0.6266666666666666,0.93,1.0,0.7261111111111113
25-1042.00,0.955,0.65,0.345,0.7,0.92,1.0,0.7616666666666667
25-1043.00,0.885,0.64,0.58,0.6533333333333333,0.9,1.0,0.7763888888888889
25-1051.00,0.855,0.53,0.42,0.62,0.895,1.0,0.7200000000000001
25-1052.00,0.9,0.765,0.195,0.6633333333333333,0.9,1.0,0.7372222222222223
25-1053.00,0.86,0.605,0.39,0.6133333333333333,0.87,1.0,0.7230555555555555
25-1054.00,0.85,0.43,0.265,0.6266666666666666,0.91,1.0,0.6802777777777779
25-1061.00,0.805,0.515,0.495,0.51,0.875,1.0,0.7000000000000001
25-1062.00,0.895,0.42,0.25,0.6366666666666666,0.895,1.0,0.6827777777777778
25-1063.00,0.835,0.225,0.275,0.5766666666666667,0.86,1.0,0.6286111111111111
25-1064.00,0.895,0.385,0.33,0.5633333333333332,0.89,1.0,0.6772222222222223
25-1065.00,0.835,0.265,0.23,0.62,0.94,1.0,0.6483333333333333
25-1066.00,0.875,0.37,0.2,0.6033333333333333,0.84,1.0,0.6480555555555555
25-1067.00,0.855,0.335,0.25,0.6233333333333333,0.925,1.0,0.6647222222222222
25-1071.00,0.88,0.605,0.31,0.7166666666666666,0.885,1.0,0.7327777777777778
25-1072.00,0.82,0.74,0.36,0.7366666666666666,0.765,1.0,0.7369444444444445
25-1081.00,0.845,0.5,0.215,0.7066666666666666,0.9,1.0,0.6944444444444443
25-1082.00,0.68,0.385,0.235,0.61,0.945,1.0,0.6425
25-1111.00,0.83,0.46,0.35,0.6566666666666666,0.83,1.0,0.6877777777777778
25-1112.00,0.83,0.335,0.225,0.6666666666666665,0.925,1.0,0.663611111111111
25-1113.00,0.81,0.38,0.28,0.6166666666666667,0.885,1.0,0.6619444444444444
25-1121.00,0.845,0.46,0.41,0.5433333333333333,0.895,1.0,0.6922222222222222
25-1122.00,0.86,0.46,0.275,0.6933333333333332,0.845,1.0,0.688888888888889
25-1123.00,0.815,0.285,0.25,0.5333333333333333,0.88,1.0,0.6272222222222222
25-1124.00,0.8,0.225,0.26,0.5633333333333332,0.885,1.0,0.6222222222222222
25-1125.00,0.835,0.21,0.18,0.6466666666666666,0.94,1.0,0.6352777777777777
25-1126.00,0.79,0.265,0.23,0.6533333333333333,0.845,1.0,0.6305555555555555
25-1192.00,0.665,0.495,0.26,0.64,0.75,1.0,0.635
25-1193.00,0.87,0.535,0.43,0.6933333333333332,0.865,1.0,0.7322222222222222
25-1194.00,0.865,0.53,0.43,0.62,0.815,0.6,0.6433333333333333
25-2011.00,0.6,0.47,0.645,0.6,0.755,0.6,0.6116666666666667
25-2012.00,0.805,0.475,0.615,0.6233333333333333,0.77,0.8,0.6813888888888889
25-2021.00,0.935,0.725,0.675,0.57,0.75,0.8,0.7425
25-2022.00,0.865,0.56,0.59,0.6166666666666667,0.89,0.8,0.7202777777777779
25-2023.00,0.77,0.565,0.495,0.7266666666666666,0.87,0.8,0.7044444444444444
25-2031.00,0.905,0.54,0.54,0.5866666666666667,0.835,0.8,0.7011111111111111
25-2032.00,0.855,0.63,0.535,0.6933333333333332,0.84,0.8,0.7255555555555556
25-2051.00,0.585,0.56,0.665,0.65,0.76,1.0,0.7033333333333333
25-2056.00,0.675,0.5,0.535,0.5033333333333333,0.83,0.8,0.6405555555555557
25-2057.00,0.73,0.68,0.58,0.5866666666666667,0.82,0.8,0.6994444444444445
25-2058.00,0.85,0.53,0.52,0.7033333333333333,0.845,0.8,0.7080555555555555
25-2059.01,0.765,0.645,0.73,0.62,0.915,1.0,0.7791666666666668
25-3011.00,0.75,0.505,0.425,0.5733333333333333,0.85,0.8,0.6505555555555556
25-3021.00,0.665,0.405,0.47,0.59,0.87,0.6,0.6
25-3031.00,0.73,0.56,0.38,0.49666666666666665,0.765,0.8,0.6219444444444444
25-3041.00,0.63,0.34,0.44,0.48666666666666664,0.86,0.6,0.5594444444444444
25-4011.00,0.66,0.35,0.265,0.5533333333333332,0.73,1.0,0.5930555555555556
25-4012.00,0.685,0.575,0.35,0.6133333333333333,0.91,1.0,0.6888888888888888
25-4013.00,0.595,0.51,0.39,0.66,0.865,0.8,0.6366666666666667
25-4022.00,0.765,0.42,0.33,0.5666666666666667,0.75,1.0,0.6386111111111111
25-4031.00,0.6,0.385,0.375,0.5833333333333333,0.7,0.6,0.5405555555555556
25-9021.00,0.72,0.5,0.53,0.6166666666666667,0.87,1.0,0.706111111111111
25-9031.00,0.825,0.55,0.375,0.51,0.865,1.0,0.6875
25-9042.00,0.485,0.5,0.695,0.61,0.69,0.6,0.5966666666666667
25-9043.00,0.55,0.42,0.745,0.5866666666666667,0.755,0.6,0.6094444444444445
25-9044.00,0.815,0.325,0.32,0.5266666666666666,0.86,1.0,0.6411111111111111
27-1011.00,0.615,0.365,0.23,0.5633333333333332,0.78,0.8,0.5588888888888889
27-1012.00,0.4,0.28,0.18,0.46333333333333326,0.885,0.6,0.4680555555555555
27-1013.00,0.34,0.16,0.155,0.64,0.85,0.6,0.4575
27-1014.00,0.57,0.55,0.34,0.7266666666666666,0.705,0.8,0.6152777777777777
27-1021.00,0.685,0.535,0.305,0.6433333333333333,0.725,0.8,0.6155555555555555
27-1022.00,0.485,0.59,0.35,0.43,0.7,0.6,0.5258333333333333
27-1023.00,0.49,0.73,0.65,0.57,0.86,0.4,0.6166666666666666
27-1024.00,0.615,0.36,0.27,0.5333333333333333,0.805,0.8,0.563888888888889
27-1025.00,0.68,0.545,0.41,0.5766666666666667,0.735,0.8,0.6244444444444445
27-1026.00,0.55,0.415,0.425,0.58,0.78,0.6,0.5583333333333333
27-1027.00,0.695,0.46,0.39,0.5466666666666666,0.81,1.0,0.6502777777777778
27-2011.00,0.87,0.49,0.57,0.5033333333333333,0.69,0.4,0.5872222222222222
27-2012.00,0.665,0.605,0.395,0.72,0.85,0.8,0.6725
27-2012.03,0.65,0.48,0.33,0.6933333333333332,0.705,0.8,0.6097222222222222
27-2012.04,0.615,0.685,0.265,0.59,0.855,0.8,0.6349999999999999
27-2012.05,0.705,0.615,0.53,0.7466666666666666,0.77,0.8,0.6944444444444445
27-2021.00,0.665,0.62,0.695,0.6133333333333333,0.8,0.4,0.6322222222222222
27-2022.00,0.78,0.565,0.655,0.6466666666666666,0.84,0.8,0.7144444444444443
27-2023.00,0.55,0.41,0.66,0.5833333333333333,0.68,0.4,0.5472222222222222
27-2031.00,0.67,0.435,0.58,0.5333333333333333,0.67,0.6,0.5813888888888888
27-2032.00,0.76,0.765,0.595,0.4933333333333333,0.845,0.6,0.6763888888888888
27-2041.00,0.775,0.495,0.35,0.62,0.9,0.8,0.6566666666666667
27-2042.00,0.445,0.225,0.49,0.47,0.655,0.8,0.5141666666666667
27-3011.00,0.825,0.435,0.505,0.75,0.66,0.8,0.6625000000000001
27-3023.00,0.66,0.37,0.51,0.7133333333333333,0.785,0.8,0.6397222222222223
27-3031.00,0.725,0.45,0.34,0.65,0.72,0.8,0.6141666666666666
27-3041.00,0.655,0.415,0.35,0.6533333333333333,0.805,0.8,0.6130555555555556
27-3042.00,0.57,0.29,0.23,0.6133333333333333,0.68,0.8,0.5305555555555556
27-3043.00,0.645,0.365,0.425,0.58,0.79,0.8,0.6008333333333334
27-3043.05,0.4,0.13,0.08,0.4233333333333333,0.915,0.8,0.4580555555555555
27-3091.00,0.675,0.4,0.43,0.7633333333333333,0.705,0.8,0.6288888888888889
27-3092.00,0.66,0.25,0.315,0.5766666666666667,0.755,0.6,0.5261111111111111
27-4011.00,0.645,0.64,0.355,0.61,0.78,0.6,0.6050000000000001
27-4012.00,0.6,0.54,0.435,0.66,0.65,0.6,0.5808333333333334
27-4014.00,0.54,0.475,0.45,0.5966666666666667,0.715,0.6,0.5627777777777777
27-4021.00,0.55,0.53,0.65,0.58,0.775,0.6,0.6141666666666666
27-4031.00,0.59,0.52,0.605,0.6033333333333333,0.725,0.6,0.6072222222222222
27-4032.00,0.635,0.3,0.405,0.5333333333333333,0.665,0.8,0.5563888888888889
29-1011.00,0.62,0.68,0.49,0.85,0.86,1.0,0.75
29-1021.00,0.615,0.92,0.505,0.8966666666666666,0.845,1.0,0.7969444444444443
29-1022.00,0.705,0.95,0.495,0.9033333333333333,0.86,1.0,0.8188888888888889
29-1023.00,0.655,0.95,0.485,0.7633333333333333,0.82,1.0,0.7788888888888889
29-1024.00,0.58,0.97,0.495,0.8533333333333333,0.9,1.0,0.7997222222222223
29-1031.00,0.705,0.53,0.325,0.6033333333333333,0.81,1.0,0.6622222222222222
29-1041.00,0.63,0.68,0.45,0.79,0.76,1.0,0.7183333333333333
29-1051.00,0.535,0.78,0.4,0.9366666666666665,0.66,1.0,0.7186111111111111
29-1071.00,0.655,0.67,0.475,0.9,0.845,1.0,0.7575
29-1071.01,0.635,0.79,0.455,0.7133333333333333,0.865,1.0,0.7430555555555555
29-1081.00,0.66,0.845,0.46,0.8666666666666666,0.895,1.0,0.7877777777777778
29-1122.00,0.65,0.575,0.54,0.72,0.92,1.0,0.7341666666666667
29-1122.01,0.62,0.4,0.8,0.7,0.925,1.0,0.7408333333333333
29-1123.00,0.62,0.78,0.535,0.8433333333333333,0.885,1.0,0.7772222222222221
29-1124.00,0.56,0.695,0.495,0.82,0.615,0.6,0.6308333333333332
29-1125.00,0.81,0.61,0.65,0.58,0.84,0.8,0.715
29-1126.00,0.605,0.61,0.47,0.84,0.695,0.6,0.6366666666666666
29-1127.00,0.635,0.45,0.52,0.7533333333333333,0.885,1.0,0.7072222222222222
29-1128.00,0.725,0.525,0.52,0.64,0.825,0.8,0.6725
29-1129.01,0.7,0.425,0.465,0.6766666666666665,0.89,1.0,0.6927777777777777
29-1129.02,0.66,0.33,0.465,0.5833333333333333,0.9,0.8,0.6230555555555556
29-1131.00,0.66,0.785,0.5,0.8866666666666666,0.81,1.0,0.7736111111111111
29-1141.00,0.66,0.77,0.395,0.7633333333333333,0.7,0.8,0.6813888888888888
29-1141.01,0.68,0.695,0.485,0.8166666666666665,0.84,0.8,0.7194444444444444
29-1141.02,0.645,0.535,0.275,0.74,0.775,1.0,0.6616666666666667
29-1141.03,0.725,0.66,0.45,0.8633333333333333,0.775,0.8,0.7122222222222222
29-1141.04,0.735,0.745,0.405,0.7833333333333333,0.85,1.0,0.7530555555555556
29-1151.00,0.67,0.75,0.47,0.89,0.775,1.0,0.7591666666666667
29-1161.00,0.635,0.675,0.505,0.9266666666666665,0.81,1.0,0.758611111111111
29-1171.00,0.655,0.68,0.46,0.89,0.785,1.0,0.7450000000000001
29-1181.00,0.695,0.56,0.44,0.72,0.755,1.0,0.695
29-1211.00,0.68,0.76,0.47,0.9133333333333333,0.76,1.0,0.7638888888888888
29-1213.00,0.665,0.855,0.435,0.89,0.885,1.0,0.7883333333333334
29-1214.00,0.675,0.775,0.5,0.9533333333333333,0.81,1.0,0.7855555555555555
29-1215.00,0.535,0.745,0.495,0.9966666666666666,0.77,1.0,0.7569444444444443
29-1216.00,0.595,0.705,0.465,0.88,0.775,1.0,0.7366666666666667
29-1217.00,0.67,0.75,0.405,0.94,0.89,1.0,0.7758333333333333
29-1218.00,0.67,0.795,0.42,0.86,0.845,1.0,0.765
29-1221.00,0.62,0.745,0.435,0.8466666666666666,0.875,1.0,0.7536111111111111
29-1222.00,0.7,0.5,0.165,0.8866666666666666,0.765,1.0,0.6694444444444444
29-1223.00,0.62,0.53,0.34,0.8533333333333333,0.845,1.0,0.6980555555555555
29-1224.00,0.54,0.68,0.325,0.8233333333333333,0.755,1.0,0.6872222222222222
29-1229.01,0.62,0.75,0.455,0.8666666666666666,0.825,1.0,0.7527777777777778
29-1229.02,0.75,0.735,0.46,0.9133333333333333,0.805,1.0,0.7772222222222224
29-1229.03,0.645,0.95,0.405,0.8533333333333333,0.83,1.0,0.7805555555555556
29-1229.04,0.625,0.755,0.455,0.89,0.895,1.0,0.77
29-1229.05,0.73,0.77,0.405,0.8033333333333332,0.79,1.0,0.7497222222222222
29-1229.06,0.665,0.67,0.67,0.9766666666666666,0.915,1.0,0.8161111111111111
29-1241.00,0.605,0.725,0.435,0.9933333333333333,0.91,1.0,0.7780555555555555
29-1291.00,0.605,0.475,0.495,0.7466666666666666,0.94,1.0,0.7102777777777778
29-1292.00,0.505,0.415,0.445,0.7266666666666666,0.8,0.6,0.5819444444444445
29-1299.01,0.625,0.535,0.395,0.8166666666666665,0.855,1.0,0.7044444444444444
29-1299.02,0.635,0.495,0.41,0.66,0.815,1.0,0.6691666666666666
29-2011.00,0.51,0.63,0.33,0.8066666666666665,0.595,0.8,0.6119444444444445
29-2011.01,0.565,0.55,0.32,0.8066666666666665,0.595,0.8,0.6061111111111112
29-2011.02,0.53,0.455,0.255,0.7933333333333333,0.63,1.0,0.6105555555555556
29-2011.04,0.505,0.61,0.33,0.7233333333333333,0.595,0.8,0.5938888888888889
29-2012.00,0.545,0.515,0.33,0.6733333333333333,0.6,0.6,0.543888888888889
29-2012.01,0.515,0.625,0.32,0.69,0.535,0.6,0.5475000000000001
29-2031.00,0.535,0.61,0.485,0.75,0.75,0.6,0.6216666666666667
29-2032.00,0.46,0.49,0.48,0.75,0.72,0.6,0.5833333333333333
29-2033.00,0.52,0.605,0.435,0.86,0.73,0.6,0.625
29-2034.00,0.56,0.665,0.47,0.7666666666666666,0.685,0.6,0.6244444444444445
29-2035.00,0.59,0.76,0.4,0.7433333333333333,0.68,0.6,0.6288888888888889
29-2036.00,0.555,0.54,0.2,0.79,0.695,0.8,0.5966666666666667
29-2051.00,0.645,0.84,0.405,0.6633333333333333,0.68,0.6,0.638888888888889
29-2052.00,0.53,0.6,0.39,0.68,0.635,0.6,0.5725
29-2053.00,0.655,0.58,0.645,0.5833333333333333,0.71,0.6,0.6288888888888888
29-2055.00,0.51,0.795,0.495,0.8133333333333332,0.78,0.6,0.6655555555555556
29-2056.00,0.475,0.645,0.57,0.7133333333333333,0.73,0.6,0.6222222222222222
29-2057.00,0.535,0.595,0.45,0.71,0.61,0.6,0.5833333333333334
29-2061.00,0.55,0.76,0.48,0.71,0.72,0.6,0.6366666666666666
29-2081.00,0.625,0.555,0.45,0.6733333333333333,0.71,0.6,0.6022222222222223
29-2091.00,0.655,0.72,0.495,0.7466666666666666,0.81,1.0,0.7377777777777778
29-2092.00,0.555,0.55,0.38,0.7166666666666666,0.785,0.6,0.5977777777777777
29-2099.01,0.605,0.515,0.435,0.77,0.715,0.6,0.6066666666666667
29-2099.05,0.59,0.535,0.435,0.6933333333333332,0.63,0.6,0.5805555555555556
29-2099.08,0.565,0.5,0.405,0.57,0.595,0.6,0.5391666666666667
29-9091.00,0.785,0.75,0.785,0.8333333333333333,0.735,1.0,0.8147222222222222
29-9092.00,0.7,0.35,0.235,0.6966666666666665,0.8,1.0,0.6302777777777777
29-9093.00,0.55,0.745,0.485,0.7,0.765,0.6,0.6408333333333333
29-9099.01,0.655,0.575,0.495,0.8233333333333333,0.86,1.0,0.7347222222222222
31-1121.00,0.48,0.605,0.455,0.6566666666666666,0.73,0.4,0.5544444444444444
31-1122.00,0.53,0.575,0.53,0.6666666666666665,0.61,0.4,0.5519444444444445
31-1131.00,0.51,0.785,0.525,0.6,0.735,0.6,0.6258333333333334
31-1132.00,0.595,0.705,0.615,0.78,0.64,0.4,0.6224999999999999
31-1133.00,0.665,0.65,0.67,0.66,0.735,0.4,0.63
31-2011.00,0.615,0.8,0.515,0.7466666666666666,0.83,0.6,0.6844444444444444
31-2012.00,0.585,0.73,0.57,0.65,0.77,0.6,0.6508333333333333
31-2021.00,0.675,0.435,0.505,0.8066666666666665,0.88,0.6,0.6502777777777778
31-2022.00,0.51,0.65,0.435,0.6233333333333333,0.73,0.4,0.5580555555555556
31-9011.00,0.52,0.305,0.44,0.71,0.91,0.6,0.5808333333333333
31-9091.00,0.705,0.725,0.47,0.6033333333333333,0.69,0.6,0.6322222222222221
31-9092.00,0.545,0.59,0.415,0.6733333333333333,0.7,0.6,0.5872222222222223
31-9093.00,0.53,0.78,0.385,0.7433333333333333,0.72,0.4,0.5930555555555556
31-9094.00,0.54,0.69,0.295,0.5966666666666667,0.69,0.6,0.5686111111111111
31-9095.00,0.45,0.575,0.46,0.6566666666666666,0.635,0.4,0.5294444444444444
31-9096.00,0.575,0.545,0.63,0.7033333333333333,0.73,0.4,0.5972222222222222
31-9097.00,0.66,0.78,0.415,0.79,0.675,0.6,0.6533333333333334
31-9099.01,0.545,0.41,0.415,0.5366666666666666,0.78,0.6,0.5477777777777778
31-9099.02,0.59,0.69,0.455,0.7233333333333333,0.61,0.4,0.5780555555555554
33-1011.00,0.835,0.905,0.705,0.7533333333333333,0.755,0.6,0.7588888888888888
33-1012.00,0.755,0.81,0.815,0.8133333333333332,0.765,0.4,0.7263888888888889
33-1021.00,0.72,0.93,0.85,0.8533333333333333,0.835,0.6,0.7980555555555555
33-1091.00,0.62,0.935,0.68,0.7966666666666665,0.675,0.4,0.6844444444444445
33-2011.00,0.7,0.805,0.89,0.7733333333333333,0.765,0.6,0.7555555555555555
33-2021.00,0.695,0.645,0.73,0.7566666666666666,0.835,0.6,0.7102777777777777
33-2022.00,0.76,0.83,0.725,0.8066666666666665,0.735,0.6,0.7427777777777776
33-3011.00,0.63,0.485,0.505,0.6266666666666666,0.71,0.6,0.5927777777777777
33-3012.00,0.775,0.77,0.63,0.7766666666666666,0.73,0.4,0.6802777777777776
33-3021.00,0.665,0.685,0.735,0.8733333333333333,0.775,0.6,0.7222222222222222
33-3021.02,0.565,0.51,0.645,0.6833333333333332,0.79,0.6,0.6322222222222222
33-3021.06,0.64,0.41,0.315,0.58,0.75,0.8,0.5825
33-3031.00,0.7,0.68,0.865,0.8433333333333333,0.755,0.8,0.773888888888889
33-3041.00,0.46,0.395,0.685,0.6866666666666665,0.62,0.4,0.5411111111111111
33-3051.00,0.655,0.72,0.82,0.82,0.755,0.6,0.7283333333333332
33-3051.04,0.635,0.57,0.775,0.84,0.575,0.6,0.6658333333333333
33-3052.00,0.62,0.77,0.86,0.7966666666666665,0.78,0.6,0.7377777777777776
33-9011.00,0.705,0.56,0.84,0.8433333333333333,0.865,0.4,0.7022222222222223
33-9021.00,0.52,0.44,0.47,0.7033333333333333,0.8,0.6,0.5888888888888889
33-9031.00,0.56,0.6,0.47,0.79,0.725,0.4,0.5908333333333333
33-9032.00,0.55,0.805,0.59,0.6933333333333332,0.77,0.4,0.6347222222222222
33-9091.00,0.365,0.375,0.89,0.7966666666666665,0.79,0.4,0.6027777777777777
33-9092.00,0.62,0.7,0.71,0.7533333333333333,0.71,0.4,0.6488888888888888
33-9093.00,0.625,0.525,0.54,0.6366666666666666,0.5,0.4,0.5377777777777778
33-9099.02,0.695,0.62,0.43,0.76,0.71,0.4,0.6024999999999999
35-1011.00,0.76,0.745,0.52,0.6866666666666665,0.73,0.6,0.673611111111111
35-1012.00,0.68,0.695,0.445,0.58,0.62,0.4,0.57
35-2011.00,0.79,0.555,0.33,0.6233333333333333,0.5,0.2,0.49972222222222235
35-2012.00,0.575,0.725,0.36,0.64,0.735,0.4,0.5724999999999999
35-2013.00,0.44,0.5,0.28,0.5766666666666667,0.79,0.6,0.5311111111111112
35-2014.00,0.35,0.695,0.505,0.6166666666666667,0.685,0.4,0.5419444444444445
35-2015.00,0.51,0.555,0.49,0.5366666666666666,0.73,0.4,0.5369444444444444
35-2021.00,0.49,0.515,0.375,0.5166666666666666,0.53,0.4,0.4711111111111111
35-3011.00,0.485,0.365,0.42,0.51,0.68,0.4,0.4766666666666666
35-3023.00,0.59,0.605,0.59,0.6266666666666666,0.725,0.2,0.5561111111111111
35-3023.01,0.595,0.415,0.405,0.5033333333333333,0.6,0.2,0.4530555555555556
35-3031.00,0.67,0.625,0.53,0.46,0.6,0.4,0.5475
35-3041.00,0.64,0.705,0.475,0.6133333333333333,0.725,0.4,0.5930555555555556
35-9011.00,0.65,0.525,0.47,0.44,0.685,0.2,0.49500000000000005
35-9021.00,0.545,0.57,0.415,0.32,0.725,0.2,0.4625000000000001
35-9031.00,0.605,0.48,0.46,0.6166666666666667,0.705,0.2,0.5111111111111112
37-1011.00,0.725,0.855,0.435,0.6066666666666667,0.705,0.4,0.6211111111111112
37-1012.00,0.59,0.865,0.81,0.7566666666666666,0.745,0.6,0.7277777777777777
37-2011.00,0.495,0.605,0.46,0.5733333333333333,0.84,0.6,0.5955555555555555
37-2012.00,0.49,0.47,0.29,0.38666666666666666,0.66,0.2,0.41611111111111115
37-2021.00,0.535,0.375,0.695,0.7633333333333333,0.79,0.4,0.5930555555555556
37-3011.00,0.41,0.56,0.88,0.43,0.585,0.2,0.5108333333333334
37-3012.00,0.53,0.555,0.615,0.8033333333333332,0.76,0.4,0.6105555555555554
37-3013.00,0.525,0.74,0.785,0.8066666666666665,0.865,0.4,0.6869444444444445
39-1013.00,0.57,0.735,0.465,0.6933333333333332,0.635,0.4,0.5830555555555555
39-1022.00,0.615,0.93,0.595,0.8133333333333332,0.85,0.6,0.7338888888888889
39-2011.00,0.675,0.615,0.71,0.69,0.895,0.4,0.6641666666666667
39-2021.00,0.645,0.525,0.71,0.68,0.835,0.4,0.6325
39-3011.00,0.66,0.36,0.44,0.5133333333333333,0.64,0.4,0.5022222222222222
39-3012.00,0.63,0.46,0.425,0.46,0.56,0.4,0.4891666666666667
39-3021.00,0.48,0.385,0.27,0.6,0.525,0.4,0.4433333333333333
39-3031.00,0.58,0.225,0.49,0.4733333333333333,0.56,0.4,0.4547222222222222
39-3091.00,0.81,0.425,0.71,0.4833333333333333,0.665,0.2,0.5488888888888889
39-3092.00,0.56,0.57,0.44,0.5766666666666667,0.83,0.4,0.5627777777777777
39-3093.00,0.455,0.54,0.4,0.49,0.75,0.4,0.5058333333333332
39-4011.00,0.795,0.685,0.745,0.8533333333333333,0.825,0.6,0.7505555555555555
39-4021.00,0.59,0.265,0.56,0.5566666666666666,0.685,0.4,0.5094444444444445
39-4031.00,0.715,0.695,0.655,0.7433333333333333,0.875,0.6,0.7138888888888889
39-5011.00,0.57,0.48,0.475,0.5966666666666667,0.765,0.6,0.5811111111111111
39-5012.00,0.585,0.56,0.46,0.66,0.89,0.6,0.6258333333333334
39-5091.00,0.605,0.71,0.83,0.5666666666666667,0.86,0.6,0.6952777777777778
39-5092.00,0.37,0.56,0.45,0.38666666666666666,0.8,0.4,0.49444444444444446
39-5093.00,0.495,0.475,0.495,0.55,0.705,0.4,0.5199999999999999
39-5094.00,0.59,0.49,0.46,0.71,0.815,0.6,0.6108333333333333
39-6011.00,0.465,0.625,0.865,0.6866666666666665,0.74,0.4,0.6302777777777778
39-6012.00,0.72,0.53,0.4,0.55,0.815,0.4,0.5691666666666667
39-7011.00,0.87,0.37,0.615,0.5533333333333332,0.81,0.6,0.6363888888888889
39-7012.00,0.66,0.76,0.575,0.7366666666666666,0.825,0.4,0.6594444444444444
39-9011.00,0.58,0.68,0.6,0.5866666666666667,0.785,0.4,0.6052777777777777
39-9011.01,0.47,0.49,0.775,0.7,0.885,0.4,0.6199999999999999
39-9031.00,0.805,0.485,0.56,0.6566666666666666,0.855,0.6,0.6602777777777779
39-9032.00,0.695,0.555,0.51,0.68,0.825,0.8,0.6774999999999999
39-9041.00,0.66,0.75,0.545,0.6566666666666666,0.815,0.6,0.6711111111111111
41-1011.00,0.615,0.69,0.46,0.6033333333333333,0.775,0.4,0.5905555555555555
41-1012.00,0.795,0.75,0.49,0.6533333333333333,0.76,0.8,0.7080555555555555
41-2011.00,0.675,0.44,0.445,0.5366666666666666,0.67,0.4,0.5277777777777778
41-2012.00,0.575,0.405,0.395,0.5766666666666667,0.655,0.4,0.5011111111111111
41-2021.00,0.585,0.495,0.57,0.5766666666666667,0.685,0.4,0.5519444444444445
41-2022.00,0.52,0.685,0.66,0.6766666666666665,0.79,0.4,0.6219444444444445
41-2031.00,0.61,0.445,0.545,0.58,0.74,0.4,0.5533333333333333
41-3011.00,0.705,0.24,0.495,0.6566666666666666,0.87,0.8,0.6277777777777778
41-3021.00,0.645,0.25,0.475,0.7233333333333333,0.67,0.8,0.5938888888888889
41-3031.00,0.625,0.39,0.275,0.7466666666666666,0.73,0.8,0.5944444444444444
41-3041.00,0.45,0.495,0.285,0.6833333333333332,0.565,0.6,0.5130555555555555
41-4011.00,0.58,0.45,0.385,0.7066666666666666,0.82,0.8,0.623611111111111
41-4011.07,0.445,0.365,0.435,0.6333333333333333,0.805,0.6,0.5472222222222223
41-4012.00,0.59,0.44,0.48,0.6766666666666665,0.77,0.8,0.6261111111111112
41-9011.00,0.66,0.4,0.375,0.5833333333333333,0.775,0.4,0.5322222222222223
41-9012.00,0.515,0.145,0.345,0.4933333333333333,0.67,0.4,0.42805555555555547
41-9021.00,0.695,0.425,0.63,0.8033333333333332,0.765,0.8,0.6863888888888888
41-9022.00,0.675,0.38,0.645,0.7766666666666666,0.81,0.6,0.6477777777777778
41-9031.00,0.645,0.53,0.165,0.7266666666666666,0.85,0.8,0.6194444444444445
41-9041.00,0.43,0.33,0.335,0.47,0.545,0.4,0.4183333333333333
41-9091.00,0.735,0.235,0.415,0.5166666666666666,0.86,0.2,0.49361111111111117
43-1011.00,0.62,0.62,0.26,0.66,0.76,0.6,0.5866666666666667
43-2011.00,0.525,0.41,0.385,0.6033333333333333,0.655,0.4,0.4963888888888888
43-2021.00,0.66,0.55,0.24,0.6033333333333333,0.63,0.4,0.5138888888888888
43-3011.00,0.445,0.355,0.245,0.6366666666666666,0.56,0.4,0.44027777777777777
43-3021.00,0.385,0.265,0.235,0.55,0.75,0.6,0.46416666666666667
43-3031.00,0.555,0.375,0.27,0.5933333333333333,0.68,0.6,0.5122222222222222
43-3041.00,0.48,0.505,0.42,0.69,0.58,0.4,0.5125
43-3051.00,0.59,0.255,0.23,0.55,0.605,0.6,0.4716666666666667
43-3061.00,0.44,0.385,0.29,0.66,0.795,0.4,0.49499999999999994
43-3071.00,0.665,0.595,0.41,0.6833333333333332,0.665,0.4,0.5697222222222221
43-4011.00,0.5,0.26,0.34,0.66,0.605,0.6,0.4941666666666667
43-4021.00,0.53,0.47,0.25,0.6266666666666666,0.695,0.4,0.4952777777777777
43-4031.00,0.64,0.41,0.31,0.5966666666666667,0.705,0.4,0.5102777777777777
43-4041.00,0.545,0.54,0.33,0.7566666666666666,0.695,0.4,0.5444444444444444
43-4051.00,0.405,0.41,0.315,0.5066666666666666,0.635,0.4,0.4452777777777777
43-4061.00,0.475,0.435,0.25,0.64,0.71,0.6,0.5183333333333333
43-4071.00,0.56,0.385,0.27,0.5466666666666666,0.715,0.4,0.4794444444444444
43-4081.00,0.66,0.63,0.375,0.6533333333333333,0.67,0.4,0.5647222222222222
43-4111.00,0.62,0.635,0.43,0.6033333333333333,0.64,0.6,0.5880555555555556
43-4121.00,0.705,0.415,0.42,0.5333333333333333,0.715,0.4,0.5313888888888888
43-4131.00,0.6,0.48,0.23,0.71,0.69,0.6,0.5516666666666666
43-4141.00,0.56,0.385,0.42,0.6133333333333333,0.555,0.6,0.5222222222222223
43-4151.00,0.49,0.5,0.39,0.4933333333333333,0.74,0.4,0.5022222222222222
43-4161.00,0.535,0.505,0.275,0.5566666666666666,0.71,0.6,0.5302777777777777
43-4171.00,0.555,0.26,0.295,0.6233333333333333,0.695,0.4,0.47138888888888886
43-4181.00,0.76,0.375,0.65,0.7566666666666666,0.385,0.4,0.5544444444444444
43-5011.00,0.62,0.555,0.405,0.6833333333333332,0.815,0.4,0.5797222222222221
43-5011.01,0.52,0.46,0.305,0.6266666666666666,0.67,0.4,0.4969444444444444
43-5021.00,0.545,0.62,0.555,0.6633333333333333,0.725,0.4,0.5847222222222223
43-5031.00,0.42,0.675,0.23,0.8266666666666665,0.71,0.4,0.543611111111111
43-5032.00,0.585,0.865,0.45,0.7233333333333333,0.73,0.4,0.6255555555555555
43-5041.00,0.375,0.635,0.685,0.64,0.615,0.4,0.5583333333333333
43-5051.00,0.455,0.495,0.51,0.49,0.545,0.4,0.4825
43-5052.00,0.47,0.305,0.775,0.6033333333333333,0.53,0.4,0.513888888888889
43-5053.00,0.44,0.46,0.36,0.4933333333333333,0.425,0.4,0.42972222222222217
43-5061.00,0.64,0.555,0.335,0.7533333333333333,0.81,0.4,0.5822222222222222
43-5071.00,0.565,0.765,0.375,0.5933333333333333,0.7,0.4,0.5663888888888888
43-5111.00,0.635,0.575,0.37,0.5533333333333332,0.645,0.4,0.5297222222222222
43-6011.00,0.505,0.305,0.215,0.5533333333333332,0.825,0.6,0.5005555555555555
43-6012.00,0.425,0.295,0.19,0.5366666666666666,0.735,0.6,0.46361111111111114
43-6013.00,0.63,0.47,0.295,0.5333333333333333,0.74,0.4,0.5113888888888888
43-6014.00,0.53,0.42,0.26,0.5333333333333333,0.81,0.4,0.49222222222222217
43-9021.00,0.49,0.42,0.285,0.6566666666666666,0.675,0.4,0.4877777777777777
43-9022.00,0.495,0.375,0.245,0.4533333333333333,0.745,0.4,0.45222222222222225
43-9031.00,0.525,0.3,0.315,0.53,0.725,0.6,0.4991666666666667
43-9041.00,0.405,0.32,0.24,0.5733333333333333,0.62,0.4,0.4263888888888889
43-9051.00,0.565,0.615,0.385,0.77,0.68,0.4,0.5691666666666667
43-9061.00,0.56,0.4,0.34,0.4833333333333333,0.7,0.4,0.48055555555555557
43-9071.00,0.39,0.385,0.37,0.45,0.605,0.4,0.43333333333333335
43-9081.00,0.445,0.205,0.29,0.5666666666666667,0.605,0.8,0.4852777777777777
43-9111.00,0.615,0.35,0.255,0.5466666666666666,0.665,0.8,0.538611111111111
45-1011.00,0.6,0.78,0.67,0.7566666666666666,0.74,0.6,0.6911111111111111
45-2011.00,0.505,0.605,0.705,0.6833333333333332,0.7,0.4,0.5997222222222222
45-2021.00,0.31,0.41,0.57,0.7333333333333333,0.93,0.4,0.5588888888888889
45-2041.00,0.505,0.45,0.5,0.4333333333333333,0.54,0.2,0.43805555555555564
45-2091.00,0.45,0.515,0.61,0.4733333333333333,0.73,0.2,0.49638888888888894
45-2092.00,0.525,0.485,0.685,0.42,0.68,0.2,0.49916666666666676
45-2093.00,0.42,0.585,0.71,0.6333333333333333,0.76,0.4,0.5847222222222223
45-3031.00,0.585,0.57,0.81,0.6666666666666665,0.795,0.2,0.6044444444444445
45-4011.00,0.65,0.67,0.72,0.7233333333333333,0.855,0.4,0.6697222222222222
45-4021.00,0.385,0.53,0.53,0.7966666666666665,0.89,0.2,0.5552777777777779
45-4022.00,0.48,0.79,0.475,0.8066666666666665,0.71,0.2,0.5769444444444445
45-4023.00,0.525,0.515,0.735,0.75,0.715,0.4,0.6066666666666666
47-1011.00,0.715,0.91,0.79,0.81,0.88,0.6,0.7841666666666667
47-1011.03,0.59,0.805,0.805,0.8266666666666665,0.8,0.6,0.7377777777777778
47-2011.00,0.63,0.62,0.605,0.7766666666666666,0.785,0.4,0.6361111111111112
47-2021.00,0.535,0.68,0.91,0.64,0.8,0.4,0.6608333333333334
47-2022.00,0.65,0.83,0.86,0.79,0.825,0.4,0.7258333333333334
47-2031.00,0.625,0.845,0.73,0.7233333333333333,0.73,0.4,0.6755555555555556
47-2041.00,0.51,0.64,0.43,0.7366666666666666,0.875,0.4,0.5986111111111111
47-2042.00,0.505,0.61,0.445,0.6066666666666667,0.83,0.4,0.5661111111111111
47-2043.00,0.51,0.695,0.35,0.6966666666666665,0.815,0.2,0.5444444444444445
47-2044.00,0.465,0.54,0.52,0.5933333333333333,0.825,0.4,0.5572222222222222
47-2051.00,0.505,0.79,0.905,0.6266666666666666,0.64,0.2,0.6111111111111112
47-2053.00,0.48,0.69,0.455,0.54,0.725,0.4,0.5483333333333333
47-2061.00,0.525,0.6,0.78,0.67,0.735,0.4,0.6183333333333333
47-2071.00,0.54,0.665,0.785,0.6133333333333333,0.655,0.4,0.6097222222222223
47-2072.00,0.65,0.835,0.865,0.78,0.74,0.4,0.7116666666666668
47-2073.00,0.595,0.835,0.85,0.8933333333333333,0.855,0.4,0.7380555555555555
47-2081.00,0.57,0.575,0.57,0.6233333333333333,0.745,0.4,0.5805555555555555
47-2082.00,0.48,0.625,0.39,0.58,0.74,0.4,0.5358333333333334
47-2111.00,0.605,0.865,0.64,0.7633333333333333,0.88,0.6,0.7255555555555554
47-2121.00,0.53,0.735,0.835,0.74,0.77,0.4,0.6683333333333333
47-2131.00,0.445,0.635,0.65,0.6066666666666667,0.725,0.4,0.5769444444444445
47-2132.00,0.48,0.7,0.625,0.6033333333333333,0.825,0.4,0.6055555555555555
47-2141.00,0.54,0.72,0.585,0.59,0.865,0.4,0.6166666666666666
47-2142.00,0.4,0.565,0.44,0.64,0.805,0.4,0.5416666666666666
47-2151.00,0.63,0.755,0.88,0.6933333333333332,0.775,0.2,0.6555555555555556
47-2152.00,0.49,0.735,0.72,0.7366666666666666,0.84,0.6,0.6869444444444444
47-2152.04,0.525,0.74,0.695,0.78,0.82,0.6,0.6933333333333334
47-2161.00,0.48,0.63,0.725,0.5966666666666667,0.605,0.2,0.5394444444444445
47-2171.00,0.575,0.845,0.805,0.55,0.7,0.4,0.6458333333333334
47-2181.00,0.535,0.745,0.885,0.65,0.735,0.4,0.6583333333333333
47-2211.00,0.475,0.725,0.495,0.6233333333333333,0.635,0.4,0.5588888888888889
47-2221.00,0.575,0.795,0.91,0.6733333333333333,0.77,0.4,0.6872222222222223
47-2231.00,0.775,0.815,0.875,0.7833333333333333,0.825,0.4,0.7455555555555556
47-3011.00,0.595,0.755,0.745,0.55,0.72,0.4,0.6275000000000001
47-3012.00,0.555,0.735,0.78,0.6933333333333332,0.76,0.4,0.6538888888888889
47-3013.00,0.61,0.51,0.745,0.61,0.725,0.4,0.6
47-3014.00,0.595,0.625,0.675,0.5733333333333333,0.735,0.2,0.5672222222222222
47-3015.00,0.415,0.5,0.77,0.6033333333333333,0.66,0.4,0.5580555555555555
47-3016.00,0.585,0.685,0.75,0.5466666666666666,0.495,0.4,0.5769444444444444
47-4011.00,0.615,0.445,0.76,0.7566666666666666,0.75,0.6,0.6544444444444445
47-4011.01,0.565,0.59,0.55,0.68,0.76,0.6,0.6241666666666666
47-4021.00,0.505,0.855,0.61,0.8566666666666666,0.785,0.6,0.7019444444444444
47-4031.00,0.58,0.915,0.84,0.6766666666666665,0.765,0.4,0.6961111111111111
47-4041.00,0.63,0.76,0.66,0.5766666666666667,0.63,0.6,0.6427777777777778
47-4051.00,0.59,0.735,0.835,0.7433333333333333,0.635,0.4,0.6563888888888888
47-4061.00,0.65,0.8,0.92,0.7,0.74,0.4,0.7016666666666668
47-4071.00,0.575,0.685,0.88,0.6733333333333333,0.775,0.2,0.6313888888888889
47-4091.00,0.645,0.685,0.735,0.6666666666666665,0.64,0.4,0.6286111111111111
47-4099.03,0.57,0.77,0.775,0.5766666666666667,0.74,0.4,0.6386111111111111
47-5011.00,0.51,0.855,0.935,0.64,0.78,0.2,0.6533333333333333
47-5012.00,0.69,0.93,0.895,0.85,0.765,0.4,0.755
47-5013.00,0.61,0.855,0.895,0.8566666666666666,0.73,0.4,0.7244444444444444
47-5022.00,0.57,0.655,0.59,0.7466666666666666,0.775,0.4,0.6227777777777778
47-5023.00,0.49,0.635,0.63,0.77,0.775,0.4,0.6166666666666666
47-5032.00,0.6,0.875,0.82,0.7666666666666666,0.675,0.4,0.6894444444444444
47-5041.00,0.565,0.735,0.41,0.8366666666666666,0.775,0.4,0.6202777777777777
47-5043.00,0.57,0.835,0.545,0.61,0.65,0.4,0.6016666666666666
47-5044.00,0.575,0.695,0.415,0.6033333333333333,0.68,0.4,0.5613888888888888
47-5051.00,0.365,0.465,0.685,0.51,0.62,0.2,0.4741666666666668
47-5071.00,0.565,0.755,0.87,0.76,0.705,0.2,0.6425000000000001
47-5081.00,0.665,0.74,0.86,0.7566666666666666,0.815,0.4,0.706111111111111
49-1011.00,0.61,0.83,0.58,0.66,0.88,0.6,0.6933333333333334
49-2011.00,0.505,0.425,0.47,0.68,0.745,0.6,0.5708333333333334
49-2021.00,0.53,0.61,0.675,0.67,0.775,0.6,0.6433333333333334
49-2022.00,0.5,0.485,0.73,0.7333333333333333,0.76,0.6,0.6347222222222222
49-2091.00,0.505,0.575,0.54,0.6833333333333332,0.76,0.6,0.6105555555555556
49-2092.00,0.53,0.595,0.505,0.75,0.8,0.6,0.63
49-2093.00,0.55,0.715,0.645,0.6466666666666666,0.76,0.6,0.6527777777777778
49-2094.00,0.615,0.53,0.475,0.6866666666666665,0.745,0.6,0.6086111111111111
49-2095.00,0.605,0.775,0.855,0.77,0.665,0.6,0.7116666666666666
49-2096.00,0.55,0.5,0.45,0.7166666666666666,0.79,0.6,0.6011111111111112
49-2097.00,0.565,0.595,0.69,0.5166666666666666,0.745,0.6,0.6186111111111111
49-2098.00,0.625,0.715,0.62,0.82,0.87,0.6,0.7083333333333334
49-3011.00,0.545,0.715,0.755,0.7033333333333333,0.855,0.6,0.6955555555555555
49-3021.00,0.495,0.59,0.36,0.71,0.79,0.4,0.5575
49-3022.00,0.495,0.45,0.72,0.59,0.75,0.4,0.5675
49-3023.00,0.535,0.485,0.51,0.7933333333333333,0.835,0.6,0.6263888888888889
49-3031.00,0.58,0.8,0.67,0.73,0.84,0.6,0.7033333333333333
49-3041.00,0.49,0.6,0.62,0.7466666666666666,0.795,0.6,0.6419444444444444
49-3042.00,0.56,0.635,0.675,0.7766666666666666,0.785,0.6,0.6719444444444443
49-3043.00,0.555,0.555,0.735,0.6466666666666666,0.785,0.4,0.6127777777777778
49-3051.00,0.495,0.61,0.78,0.79,0.785,0.6,0.6766666666666666
49-3052.00,0.53,0.63,0.555,0.89,0.9,0.6,0.6841666666666667
49-3053.00,0.365,0.385,0.59,0.68,0.795,0.4,0.5358333333333333
49-3091.00,0.54,0.44,0.41,0.8666666666666666,0.92,0.4,0.596111111111111
49-3092.00,0.56,0.3,0.615,0.65,0.74,0.4,0.5441666666666667
49-3093.00,0.55,0.685,0.565,0.73,0.7,0.4,0.6050000000000001
49-9011.00,0.565,0.5,0.76,0.7033333333333333,0.79,0.4,0.6197222222222222
49-9012.00,0.58,0.715,0.78,0.7333333333333333,0.69,0.6,0.6830555555555556
49-9021.00,0.53,0.725,0.695,0.7766666666666666,0.79,0.6,0.686111111111111
49-9031.00,0.55,0.45,0.645,0.7166666666666666,0.79,0.4,0.5919444444444444
49-9041.00,0.48,0.555,0.545,0.5133333333333333,0.665,0.6,0.5597222222222222
49-9043.00,0.51,0.695,0.525,0.7566666666666666,0.705,0.6,0.6319444444444444
49-9044.00,0.67,0.825,0.84,0.78,0.72,0.4,0.7058333333333334
49-9045.00,0.37,0.7,0.65,0.58,0.645,0.4,0.5575
49-9051.00,0.57,0.91,0.895,0.8433333333333333,0.81,0.4,0.7380555555555556
49-9052.00,0.58,0.555,0.8,0.7433333333333333,0.8,0.4,0.6463888888888889
49-9061.00,0.44,0.185,0.21,0.6666666666666665,0.9,0.6,0.5002777777777777
49-9062.00,0.585,0.515,0.505,0.7366666666666666,0.81,0.6,0.6252777777777778
49-9063.00,0.505,0.29,0.195,0.67,0.905,0.6,0.5275000000000001
49-9064.00,0.44,0.13,0.33,0.62,0.955,0.6,0.5125000000000001
49-9071.00,0.585,0.84,0.715,0.7066666666666666,0.735,0.6,0.6969444444444443
49-9081.00,0.69,0.835,0.905,0.86,0.695,0.6,0.7641666666666665
49-9091.00,0.38,0.275,0.58,0.6433333333333333,0.765,0.4,0.5072222222222221
49-9092.00,0.57,0.825,0.825,0.75,0.81,0.6,0.73
49-9094.00,0.57,0.57,0.75,0.6633333333333333,0.755,0.4,0.6180555555555555
49-9095.00,0.35,0.72,0.795,0.7433333333333333,0.9,0.4,0.6513888888888888
49-9096.00,0.73,0.825,0.815,0.7433333333333333,0.715,0.4,0.7047222222222222
49-9097.00,0.565,0.765,0.66,0.7333333333333333,0.81,0.6,0.688888888888889
49-9098.00,0.545,0.685,0.69,0.7033333333333333,0.7,0.4,0.6205555555555555
49-9099.01,0.715,0.73,0.67,0.7833333333333333,0.6,0.4,0.6497222222222222
51-1011.00,0.77,0.85,0.53,0.7433333333333333,0.735,0.6,0.7047222222222222
51-2011.00,0.59,0.58,0.355,0.61,0.71,0.4,0.5408333333333333
51-2021.00,0.53,0.545,0.35,0.6866666666666665,0.76,0.4,0.5452777777777779
51-2022.00,0.43,0.665,0.41,0.5933333333333333,0.74,0.4,0.5397222222222221
51-2023.00,0.555,0.66,0.31,0.47,0.65,0.4,0.5075
51-2031.00,0.57,0.605,0.485,0.6633333333333333,0.715,0.4,0.5730555555555555
51-2041.00,0.675,0.595,0.45,0.5733333333333333,0.705,0.4,0.5663888888888888
51-2051.00,0.57,0.71,0.52,0.44,0.6,0.4,0.5399999999999999
51-2061.00,0.485,0.225,0.26,0.58,0.77,0.4,0.4533333333333333
51-2092.00,0.62,0.615,0.355,0.5766666666666667,0.685,0.4,0.5419444444444445
51-3011.00,0.5,0.605,0.295,0.6333333333333333,0.715,0.4,0.5247222222222222
51-3021.00,0.49,0.715,0.42,0.7066666666666666,0.635,0.4,0.5611111111111111
51-3022.00,0.41,0.58,0.585,0.6533333333333333,0.5,0.2,0.48805555555555563
51-3023.00,0.53,0.665,0.45,0.5433333333333333,0.69,0.4,0.5463888888888889
51-3091.00,0.555,0.54,0.205,0.65,0.49,0.4,0.4733333333333334
51-3092.00,0.61,0.755,0.365,0.56,0.5,0.4,0.5316666666666666
51-3093.00,0.485,0.625,0.575,0.7333333333333333,0.735,0.4,0.5922222222222221
51-4021.00,0.49,0.46,0.31,0.79,0.535,0.4,0.4975
51-4022.00,0.685,0.74,0.44,0.67,0.57,0.4,0.5841666666666666
51-4023.00,0.55,0.72,0.34,0.6533333333333333,0.635,0.4,0.5497222222222222
51-4031.00,0.4,0.295,0.36,0.5033333333333333,0.565,0.4,0.42055555555555557
51-4032.00,0.555,0.62,0.29,0.7066666666666666,0.67,0.4,0.5402777777777777
51-4033.00,0.475,0.575,0.34,0.6166666666666667,0.645,0.4,0.5086111111111111
51-4034.00,0.52,0.53,0.235,0.35666666666666663,0.595,0.4,0.43944444444444447
51-4035.00,0.46,0.555,0.32,0.49,0.64,0.4,0.47750000000000004
51-4041.00,0.485,0.625,0.33,0.66,0.605,0.6,0.5508333333333334
51-4051.00,0.51,0.705,0.32,0.6666666666666665,0.575,0.4,0.5294444444444444
51-4052.00,0.46,0.435,0.285,0.49666666666666665,0.57,0.4,0.44111111111111106
51-4061.00,0.48,0.36,0.235,0.5433333333333333,0.645,0.6,0.4772222222222222
51-4062.00,0.575,0.635,0.44,0.6166666666666667,0.715,0.6,0.5969444444444444
51-4071.00,0.495,0.67,0.49,0.6433333333333333,0.715,0.4,0.5688888888888889
51-4072.00,0.57,0.61,0.395,0.59,0.675,0.4,0.5399999999999999
51-4081.00,0.585,0.57,0.275,0.5766666666666667,0.545,0.4,0.49194444444444435
51-4111.00,0.55,0.55,0.25,0.8033333333333332,0.83,0.6,0.5972222222222222
51-4121.00,0.48,0.555,0.355,0.5766666666666667,0.705,0.4,0.5119444444444444
51-4122.00,0.53,0.72,0.285,0.6766666666666665,0.6,0.4,0.5352777777777777
51-4191.00,0.445,0.72,0.37,0.55,0.71,0.4,0.5325
51-4192.00,0.555,0.58,0.435,0.5733333333333333,0.665,0.4,0.5347222222222222
51-4193.00,0.49,0.715,0.355,0.64,0.62,0.4,0.5366666666666667
51-4194.00,0.505,0.665,0.35,0.5966666666666667,0.7,0.4,0.5361111111111111
51-5111.00,0.485,0.355,0.305,0.5666666666666667,0.595,0.6,0.48444444444444446
51-5112.00,0.52,0.64,0.265,0.7066666666666666,0.68,0.4,0.5352777777777779
51-5113.00,0.48,0.62,0.29,0.5933333333333333,0.595,0.4,0.4963888888888888
51-6011.00,0.455,0.755,0.34,0.39,0.49,0.2,0.4383333333333333
51-6021.00,0.5,0.53,0.25,0.29,0.675,0.2,0.40750000000000003
51-6031.00,0.415,0.39,0.31,0.38,0.675,0.2,0.395
51-6041.00,0.47,0.385,0.245,0.63,0.785,0.4,0.48583333333333334
51-6042.00,0.465,0.54,0.29,0.49,0.795,0.4,0.49666666666666665
51-6051.00,0.545,0.46,0.235,0.4233333333333333,0.76,0.2,0.43722222222222235
51-6052.00,0.425,0.585,0.345,0.6866666666666665,0.725,0.4,0.5277777777777778
51-6061.00,0.55,0.65,0.31,0.6333333333333333,0.57,0.4,0.5188888888888888
51-6062.00,0.47,0.365,0.325,0.5033333333333333,0.475,0.4,0.4230555555555555
51-6063.00,0.515,0.625,0.29,0.5,0.71,0.4,0.5066666666666667
51-6064.00,0.43,0.48,0.345,0.44,0.54,0.4,0.43916666666666665
51-6091.00,0.66,0.695,0.365,0.72,0.56,0.4,0.5666666666666667
51-6092.00,0.54,0.475,0.25,0.73,0.75,0.6,0.5575
51-6093.00,0.415,0.5,0.335,0.4766666666666666,0.805,0.4,0.4886111111111111
51-7011.00,0.51,0.485,0.385,0.5633333333333332,0.68,0.4,0.5038888888888888
51-7021.00,0.455,0.635,0.31,0.56,0.71,0.4,0.5116666666666666
51-7031.00,0.47,0.63,0.31,0.55,0.735,0.6,0.5491666666666667
51-7032.00,0.55,0.61,0.505,0.6866666666666665,0.745,0.6,0.6161111111111112
51-7041.00,0.465,0.645,0.415,0.59,0.69,0.4,0.5341666666666667
51-7042.00,0.55,0.59,0.345,0.5966666666666667,0.7,0.4,0.5302777777777778
51-8011.00,0.75,0.815,0.51,0.7433333333333333,0.5,0.6,0.6530555555555556
51-8012.00,0.545,0.835,0.575,0.8766666666666666,0.68,0.6,0.6852777777777778
51-8013.00,0.545,0.69,0.74,0.7766666666666666,0.6,0.4,0.6252777777777777
51-8013.03,0.5,0.875,0.59,0.87,0.605,0.4,0.64
51-8013.04,0.55,0.72,0.665,0.65,0.72,0.6,0.6508333333333333
51-8021.00,0.6,0.84,0.71,0.77,0.685,0.6,0.7008333333333333
51-8031.00,0.61,0.695,0.795,0.7233333333333333,0.62,0.4,0.6405555555555555
51-8091.00,0.545,0.76,0.765,0.8333333333333333,0.49,0.4,0.6322222222222222
51-8092.00,0.535,0.76,0.68,0.7966666666666665,0.61,0.4,0.6302777777777777
51-8093.00,0.485,0.71,0.765,0.7633333333333333,0.61,0.4,0.6222222222222221
51-8099.01,0.58,0.685,0.655,0.8,0.565,0.4,0.6141666666666666
51-9011.00,0.515,0.805,0.645,0.7266666666666666,0.62,0.4,0.6186111111111111
51-9012.00,0.495,0.59,0.32,0.75,0.56,0.4,0.5191666666666667
51-9021.00,0.605,0.72,0.545,0.6933333333333332,0.665,0.4,0.6047222222222223
51-9022.00,0.48,0.395,0.5,0.54,0.62,0.4,0.4891666666666667
51-9023.00,0.51,0.85,0.395,0.7166666666666666,0.62,0.4,0.5819444444444445
51-9031.00,0.27,0.435,0.175,0.36,0.65,0.2,0.3483333333333334
51-9032.00,0.49,0.71,0.375,0.6266666666666666,0.585,0.4,0.5311111111111111
51-9041.00,0.5,0.62,0.345,0.63,0.485,0.4,0.49666666666666665
51-9051.00,0.485,0.805,0.4,0.6733333333333333,0.605,0.4,0.5613888888888888
51-9061.00,0.63,0.73,0.425,0.6133333333333333,0.73,0.4,0.5880555555555556
51-9071.00,0.565,0.595,0.41,0.7166666666666666,0.865,0.6,0.6252777777777777
51-9071.06,0.585,0.31,0.22,0.38666666666666666,0.6,0.6,0.4502777777777778
51-9081.00,0.495,0.53,0.28,0.6033333333333333,0.81,0.4,0.5197222222222222
51-9082.00,0.615,0.7,0.38,0.7033333333333333,0.81,0.6,0.6347222222222222
51-9083.00,0.455,0.465,0.315,0.56,0.64,0.4,0.4725
51-9111.00,0.5,0.76,0.385,0.68,0.63,0.4,0.5591666666666667
51-9123.00,0.545,0.32,0.32,0.4433333333333333,0.715,0.2,0.4238888888888889
51-9124.00,0.545,0.62,0.485,0.61,0.63,0.4,0.5483333333333332
51-9141.00,0.44,0.645,0.335,0.6233333333333333,0.545,0.4,0.4980555555555555
51-9151.00,0.58,0.57,0.445,0.5266666666666666,0.56,0.4,0.5136111111111111
51-9161.00,0.49,0.39,0.285,0.6633333333333333,0.53,0.4,0.4597222222222222
51-9162.00,0.535,0.54,0.28,0.6966666666666665,0.655,0.4,0.5177777777777778
51-9191.00,0.6,0.73,0.38,0.73,0.56,0.4,0.5666666666666667
51-9192.00,0.525,0.545,0.35,0.5433333333333333,0.62,0.4,0.49722222222222223
51-9193.00,0.6,0.73,0.52,0.64,0.62,0.4,0.5850000000000001
51-9194.00,0.515,0.47,0.27,0.6066666666666667,0.74,0.4,0.5002777777777777
51-9195.00,0.435,0.61,0.395,0.48,0.53,0.4,0.47500000000000003
51-9195.03,0.49,0.65,0.47,0.5833333333333333,0.7,0.4,0.5488888888888889
51-9195.04,0.44,0.51,0.33,0.7333333333333333,0.675,0.4,0.5147222222222222
51-9195.05,0.57,0.535,0.225,0.67,0.825,0.6,0.5708333333333334
51-9196.00,0.675,0.725,0.32,0.6533333333333333,0.6,0.4,0.5622222222222222
51-9197.00,0.47,0.565,0.415,0.5266666666666666,0.545,0.4,0.4869444444444444
51-9198.00,0.49,0.535,0.41,0.61,0.595,0.4,0.5066666666666666
53-1041.00,0.71,0.87,0.765,0.8166666666666665,0.74,0.4,0.7169444444444445
53-1042.00,0.735,0.925,0.545,0.7766666666666666,0.705,0.4,0.6811111111111111
53-1042.01,0.69,0.755,0.65,0.7533333333333333,0.81,0.4,0.6763888888888889
53-1043.00,0.7,0.845,0.655,0.8033333333333332,0.775,0.6,0.7297222222222222
53-2011.00,0.795,0.79,0.685,0.8166666666666665,0.505,0.8,0.7319444444444444
53-2012.00,0.55,0.77,0.745,0.83,0.84,0.6,0.7225
53-2021.00,0.51,0.52,0.425,0.8666666666666666,0.54,0.6,0.5769444444444445
53-2022.00,0.695,0.765,0.755,0.9166666666666665,0.755,0.6,0.7477777777777778
53-2031.00,0.96,0.895,0.68,0.88,0.7,0.4,0.7525000000000001
53-3011.00,0.585,0.76,0.855,0.7833333333333333,0.735,0.4,0.6863888888888888
53-3031.00,0.69,0.435,0.74,0.5966666666666667,0.735,0.4,0.5994444444444444
53-3032.00,0.485,0.56,0.67,0.83,0.76,0.4,0.6174999999999999
53-3033.00,0.445,0.555,0.645,0.62,0.55,0.4,0.5358333333333334
53-3051.00,0.45,0.545,0.74,0.7533333333333333,0.705,0.4,0.5988888888888889
53-3052.00,0.505,0.435,0.66,0.74,0.565,0.4,0.5508333333333333
53-3053.00,0.425,0.565,0.86,0.76,0.745,0.4,0.6258333333333334
53-4011.00,0.585,0.83,0.68,0.8166666666666665,0.765,0.4,0.6794444444444445
53-4013.00,0.625,0.86,0.695,0.7466666666666666,0.68,0.4,0.6677777777777778
53-4022.00,0.51,0.745,0.68,0.8266666666666665,0.72,0.4,0.6469444444444444
53-4031.00,0.53,0.74,0.78,0.79,0.645,0.4,0.6475
53-4041.00,0.485,0.635,0.69,0.69,0.555,0.4,0.5758333333333333
53-5011.00,0.55,0.825,0.845,0.6633333333333333,0.77,0.4,0.6755555555555555
53-5021.00,0.67,0.82,0.78,0.8766666666666666,0.82,0.6,0.7611111111111111
53-5022.00,0.645,0.815,0.79,0.8,0.78,0.4,0.7050000000000001
53-5031.00,0.525,0.79,0.77,0.8066666666666665,0.71,0.6,0.7002777777777777
53-6011.00,0.44,0.5,0.455,0.7466666666666666,0.62,0.4,0.5269444444444444
53-6021.00,0.565,0.51,0.69,0.5533333333333332,0.6,0.4,0.5530555555555555
53-6031.00,0.63,0.645,0.73,0.8033333333333332,0.76,0.4,0.6613888888888889
53-6041.00,0.505,0.52,0.615,0.5866666666666667,0.635,0.6,0.5769444444444444
53-6051.00,0.51,0.63,0.695,0.71,0.795,0.8,0.69
53-6051.01,0.63,0.785,0.71,0.8966666666666666,0.73,0.6,0.7252777777777778
53-6051.07,0.54,0.705,0.685,0.8,0.78,0.4,0.6516666666666667
53-6061.00,0.38,0.47,0.735,0.49666666666666665,0.555,0.4,0.5061111111111111
53-7011.00,0.525,0.635,0.54,0.6133333333333333,0.675,0.2,0.5313888888888889
53-7021.00,0.56,0.805,0.59,0.7633333333333333,0.73,0.6,0.6747222222222221
53-7031.00,0.565,0.54,0.565,0.68,0.555,0.4,0.5508333333333334
53-7041.00,0.51,0.745,0.55,0.9033333333333333,0.745,0.4,0.6422222222222221
53-7051.00,0.505,0.695,0.595,0.8133333333333332,0.755,0.4,0.6272222222222222
53-7061.00,0.415,0.645,0.515,0.62,0.81,0.4,0.5675
53-7062.00,0.56,0.505,0.57,0.69,0.74,0.4,0.5774999999999999
53-7062.04,0.475,0.645,0.705,0.5533333333333332,0.69,0.4,0.5780555555555555
53-7063.00,0.505,0.575,0.325,0.4733333333333333,0.53,0.4,0.4680555555555555
53-7064.00,0.54,0.655,0.405,0.54,0.655,0.4,0.5325
53-7065.00,0.645,0.425,0.405,0.54,0.73,0.4,0.5241666666666667
53-7071.00,0.61,0.795,0.81,0.8033333333333332,0.695,0.4,0.6855555555555556
53-7072.00,0.53,0.685,0.72,0.7366666666666666,0.745,0.4,0.6361111111111112
53-7073.00,0.495,0.54,0.59,0.7966666666666665,0.825,0.4,0.6077777777777776
53-7081.00,0.35,0.39,0.685,0.5866666666666667,0.67,0.4,0.5136111111111111
53-7121.00,0.62,0.775,0.78,0.84,0.75,0.4,0.6941666666666667
