SOC,AIOE
11-1011.00,1.2785130572477144
11-1011.03,1.2608875732288947
11-1021.00,0.9423290772346642
11-2011.00,1.2032710382913714
11-2021.00,1.2240479978595407
11-2022.00,1.2538675639564705
11-2033.00,1.058792908050255
11-3012.00,0.6446492389242834
11-3013.00,-0.04141932913285385
11-3013.01,0.2557940864740582
11-3021.00,0.9670103011534309
11-3031.00,1.234305030748603
11-3031.01,1.3442083529353746
11-3031.03,1.4174278660716582
11-3051.00,0.3993541221424067
11-3051.01,0.8500471326892277
11-3051.02,0.4732164131181018
11-3051.03,0.31587128565069933
11-3051.04,0.35156988187367855
11-3051.06,0.45996926576086317
11-3061.00,1.3612912599726934
11-3071.00,0.9340008307068164
11-3071.04,1.3557559946666748
11-3111.00,1.2186219819313266
11-3121.00,1.2678912765001198
11-3131.00,1.2405296055254214
11-9013.00,-0.2301508125264998
11-9021.00,0.5235649551415154
11-9031.00,0.7434896388814705
11-9032.00,1.1337422353416073
11-9033.00,1.371213185145331
11-9041.00,1.0069456148585034
11-9041.01,0.47707181131875526
11-9051.00,-0.12699533897555074
11-9071.00,0.7879671758394503
11-9072.00,0.3758760884171382
11-9081.00,0.304483589683955
11-9111.00,1.1952940520677295
11-9121.00,0.983906682920779
11-9121.01,1.3622919842042567
11-9121.02,1.2881177016226912
11-9131.00,0.7288210365545404
11-9141.00,1.2034384341699957
11-9151.00,1.0640149852855043
11-9161.00,0.9173781625650257
11-9171.00,0.3433036770489616
11-9179.01,-0.4828986266706148
11-9179.02,0.505573147514372
11-9199.01,1.360679353000678
11-9199.02,1.2267980762863664
11-9199.08,0.24571257367567512
11-9199.09,0.16547591697003408
11-9199.10,1.0405200004380868
11-9199.11,1.2234248432082764
13-1011.00,1.1428479464099406
13-1021.00,0.6737696965684681
13-1022.00,0.7242599632378659
13-1023.00,1.4064352471964678
13-1031.00,1.1979320282270065
13-1032.00,0.5677718826849779
13-1041.00,0.6582630787003725
13-1041.01,0.6277067416557544
13-1041.03,1.3439131244918816
13-1041.04,0.34531390682126
13-1041.06,0.04449937223812209
13-1041.07,1.34635768841295
13-1041.08,1.4521896339599962
13-1051.00,1.3236385957702916
13-1071.00,1.2693805338487802
13-1074.00,-0.5392060186863261
13-1075.00,1.316420520133177
13-1081.00,1.2774698120776689
13-1081.01,1.2541389596566468
13-1081.02,1.336892881057879
13-1111.00,1.3006800926946551
13-1121.00,0.2761211053711379
13-1131.00,1.2182488929551354
13-1141.00,1.3159921611590764
13-1151.00,1.125301054038325
13-1161.00,1.3366137220135108
13-1161.01,1.357758560703691
13-1199.04,1.3859557457532188
13-1199.05,1.2385247572418066
13-1199.06,1.159807144133111
13-1199.07,0.437657911612694
13-2011.00,1.3450020562734766
13-2022.00,0.7764742089056182
13-2023.00,0.8929391884747379
13-2031.00,1.270561839848206
13-2041.00,1.3619706994524075
13-2052.00,1.3406839197536036
13-2053.00,1.2357705840058633
13-2061.00,1.4308908224253862
13-2071.00,1.2447878025570893
13-2072.00,1.1667070504207502
13-2081.00,1.2457764001652993
13-2082.00,1.2928140179594079
13-2099.01,1.237092529582662
13-2099.04,1.2967921761746777
15-1211.00,1.0609613009425516
15-1211.01,1.051640306129637
15-1212.00,1.158693016654159
15-1221.00,1.0621724798148253
15-1231.00,0.6912092232015424
15-1232.00,0.4154865910960427
15-1241.00,0.9753600525629936
15-1241.01,0.3449791159581268
15-1242.00,1.2712595915227325
15-1243.00,1.2013073999660326
15-1243.01,1.295266362636258
15-1244.00,0.694726535544861
15-1251.00,1.1802686836574676
15-1252.00,1.156832810670418
15-1253.00,1.1287370009418167
15-1254.00,0.9969068876012548
15-1255.01,0.9720589531105446
15-1299.01,1.0768757098629762
15-1299.02,1.010840788074293
15-1299.03,1.1585864048847545
15-1299.05,1.1647334444032833
15-1299.08,1.1585216044835651
15-1299.09,1.388784111523391
15-2011.00,1.3969082499953343
15-2021.00,1.3941073721991768
15-2031.00,1.3723022084755332
15-2041.00,1.293349322847846
15-2041.01,1.3448437799126551
15-2051.01,1.424138971787203
15-2051.02,1.4032495165369525
15-2099.01,1.3826534792204757
17-1011.00,0.9883662038987108
17-1012.00,0.9034940703101606
17-1021.00,0.7224314489970416
17-1022.00,-0.12432792095579163
17-1022.01,0.4631842555375429
17-2011.00,1.2479876486580705
17-2021.00,0.7573280857051801
17-2031.00,0.9664101392091741
17-2041.00,1.2934314527896151
17-2051.00,1.2442193417860725
17-2051.01,1.2330648707832328
17-2051.02,1.2938017753796889
17-2061.00,1.0271207784392442
17-2071.00,0.9969931335605551
17-2072.00,0.6075889205959774
17-2072.01,0.701947303775666
17-2081.00,1.3254379616673337
17-2111.00,0.7498596844684938
17-2111.02,1.2410398479747993
17-2112.00,0.8796142465705452
17-2112.01,1.2322581712810072
17-2112.02,1.037789437864061
17-2112.03,0.45342778924357
17-2121.00,0.22007164375965227
17-2131.00,0.8670426049217888
17-2141.00,1.095663712398635
17-2141.01,0.8255963661218141
17-2141.02,0.8915684104716345
17-2151.00,1.2562448353435582
17-2161.00,1.2368504153023867
17-2171.00,1.2475415393412286
17-2199.03,1.2779500998791824
17-2199.05,0.8959054155763065
17-2199.06,0.6541838014453428
17-2199.07,0.7882576855448985
17-2199.08,0.403630521821241
17-2199.09,0.6314273223207536
17-2199.10,0.990560595098131
17-2199.11,0.42635454248385546
17-3011.00,0.5463691615858944
17-3012.00,0.7759965424588241
17-3013.00,0.7467171411088352
17-3021.00,0.2932456464208134
17-3022.00,0.8386383304000374
17-3023.00,0.14718462276569041
17-3024.00,-0.38241656684311587
17-3024.01,-0.3880986218292488
17-3025.00,-0.0564920970490134
17-3026.00,0.5145613665400737
17-3026.01,0.1507484751218018
17-3027.00,-0.13773034680452675
17-3027.01,-0.31048675480495747
17-3029.01,-0.25745323627495276
17-3029.08,-0.12412771245194032
17-3031.00,-0.255630110883601
19-1011.00,0.8515850505893694
19-1012.00,0.6068463146592316
19-1013.00,0.4926832402408863
19-1021.00,0.8312131215376617
19-1022.00,0.6031751244506536
19-1023.00,0.23554333669324173
19-1029.01,1.1945625123970394
19-1029.02,0.7357621288245347
19-1029.03,0.9482071278888622
19-1029.04,0.6975219590826592
19-1031.00,-0.07212197465180499
19-1031.02,0.06547077461097131
19-1031.03,0.045799836054489035
19-1032.00,-0.1784404850144136
19-1041.00,1.3538033894097934
19-1042.00,1.066884563925225
19-2011.00,1.233905265366344
19-2012.00,1.269877597832301
19-2021.00,1.3743690975390916
19-2031.00,0.55002795066334
19-2032.00,1.1289816613328132
19-2041.00,1.0491144082877204
19-2041.01,1.4056516223390412
19-2041.02,0.5833370972325385
19-2041.03,1.317259559340737
19-2042.00,0.7535772723410831
19-2043.00,0.5446441627992081
19-2099.01,1.0623939044364359
19-3011.00,1.3048791758888318
19-3011.01,1.295165094767305
19-3022.00,1.4096937817690525
19-3032.00,1.362450473666209
19-3033.00,1.338171471955062
19-3034.00,1.2862357851063302
19-3039.02,1.1259617730164528
19-3039.03,1.1284278969233745
19-3041.00,1.323153666801917
19-3051.00,1.1489946192109544
19-3091.00,1.0106571234139619
19-3092.00,1.339854496286321
19-3093.00,1.1838804722285154
19-3094.00,1.3235375905334814
19-3099.01,1.2714488780375865
19-4012.00,-0.5011398205329776
19-4012.01,0.11053908763618922
19-4013.00,0.3711466254501385
19-4021.00,0.20288215567249332
19-4031.00,-0.026561844002812886
19-4042.00,-0.0012369262470081487
19-4043.00,0.017856388844311944
19-4051.00,-0.1854253269674261
19-4051.02,0.16520471512031523
19-4061.00,1.1518958603430007
19-4071.00,-0.7727476275783224
19-4092.00,0.05764526206636004
19-4099.01,0.002908025481359057
19-4099.03,0.8333873440481492
19-5011.00,0.7064321240250304
19-5012.00,0.2619022567584564
21-1011.00,0.6968357388860363
21-1012.00,1.321753213546424
21-1013.00,1.3760502197427316
21-1014.00,1.2981081155091847
21-1015.00,1.0172823619078752
21-1021.00,0.6811914871263978
21-1022.00,0.9529247990334558
21-1023.00,1.1089880507265806
21-1091.00,0.5960777927068114
21-1092.00,0.13364397462679134
21-1093.00,0.7040484605627692
21-1094.00,-0.0632242294411926
21-2011.00,1.3169981059615177
21-2021.00,1.140300357801912
23-1011.00,1.3217419158698878
23-1012.00,1.3070863972664746
23-1021.00,1.3437027754501902
23-1022.00,1.2971711065956215
23-1023.00,1.506659023118387
23-2011.00,1.1209600525773817
23-2093.00,1.1887548489517177
25-1011.00,1.2586184860736835
25-1021.00,1.1865670997932334
25-1022.00,1.247978171583122
25-1031.00,1.1304054374580372
25-1032.00,1.260473928139569
25-1041.00,0.6595763466713019
25-1042.00,1.1360415811328113
25-1043.00,0.9104358861448106
25-1051.00,1.215145285299162
25-1052.00,1.243115952142702
25-1053.00,1.2567640896221284
25-1054.00,0.9512768071753294
25-1061.00,1.194379275999607
25-1062.00,1.2176414324227665
25-1063.00,1.228113232852316
25-1064.00,1.2279296846007892
25-1065.00,1.2777471893129972
25-1066.00,1.2427822682853238
25-1067.00,1.2584444964297306
25-1071.00,0.8309128782200274
25-1072.00,0.42023552759265836
25-1081.00,1.101069941284282
25-1082.00,1.2957959304801971
25-1111.00,1.2995268786257281
25-1112.00,1.2657217808703882
25-1113.00,1.2571514124712162
25-1121.00,0.6631859776251997
25-1122.00,1.2566566537896846
25-1123.00,1.3275351315242816
25-1124.00,1.2432407860162136
25-1125.00,1.347340545843843
25-1126.00,1.2728481841000219
25-1192.00,1.1199194355211923
25-1193.00,1.072779195093364
25-1194.00,0.0627949101453141
25-2011.00,-0.06978073650674818
25-2012.00,0.26641666982320217
25-2021.00,0.8129775025163025
25-2022.00,1.2027852810311723
25-2023.00,0.4231202344634416
25-2031.00,1.1170470851261018
25-2032.00,0.29998780688186255
25-2051.00,0.2771233624829759
25-2056.00,0.6624148787270379
25-2057.00,1.1637928519401177
25-2058.00,1.0007523700687762
25-2059.01,-0.704589113773993
25-3011.00,1.2582433061758564
25-3021.00,0.4295920713782472
25-3031.00,0.977987656861526
25-3041.00,1.3148069357740328
25-4011.00,0.607945271391798
25-4012.00,0.641460704726019
25-4013.00,-0.19245507988770635
25-4022.00,0.6390708204955191
25-4031.00,-0.06234261656942696
25-9021.00,0.7243196041937822
25-9031.00,1.2641879840632628
25-9042.00,0.09350669570353042
25-9043.00,0.41854682673407834
25-9044.00,1.0188928614638175
27-1011.00,0.9032517042089035
27-1012.00,-0.9646161941936396
27-1013.00,-0.673807460441017
27-1014.00,0.6104659406880933
27-1021.00,0.7728061761076767
27-1022.00,0.364441703885119
27-1023.00,-0.37442918284918647
27-1024.00,0.6558359528610636
27-1025.00,1.048629319464201
27-1026.00,-1.1093512108432708
27-1027.00,0.3237729714462846
27-2011.00,0.059566552201174086
27-2012.00,0.6756790679698796
27-2012.03,0.9348940181581601
27-2012.04,1.1261254733291666
27-2012.05,0.6001324360461368
27-2021.00,-1.9282811870758152
27-2022.00,0.017096591424860003
27-2023.00,-0.1520530039584305
27-2031.00,-2.790221032238904
27-2032.00,-1.709171930211702
27-2041.00,0.274016042968412
27-2042.00,-0.13514658589602044
27-3011.00,0.8950494580729584
27-3023.00,0.8767206131646967
27-3031.00,1.1520491300591627
27-3041.00,1.0358423916827189
27-3042.00,1.0920143306176706
27-3043.00,1.0181539474020151
27-3043.05,0.697709572118294
27-3091.00,0.9909846410343951
27-3092.00,0.567630060812383
27-4011.00,-0.11243267117694136
27-4012.00,0.022556958288166833
27-4014.00,0.2798778760266114
27-4021.00,-0.2981833494172857
27-4031.00,-0.5508482140278785
27-4032.00,0.8385755305279295
29-1011.00,-0.29320784856076604
29-1021.00,-0.2832337355362108
29-1022.00,-0.341274951147607
29-1023.00,0.06863910403727454
29-1024.00,-0.2563363307203044
29-1031.00,1.3048388868965093
29-1041.00,0.4991982078368139
29-1051.00,0.5220524179890909
29-1071.00,0.19453255170862735
29-1071.01,-0.22033826131166323
29-1081.00,0.4559380661532485
29-1122.00,-0.041858993827463886
29-1122.01,0.307475345014935
29-1123.00,-0.4825330700349509
29-1124.00,-0.3211544873092259
29-1125.00,-0.37984092010567555
29-1126.00,-0.2900359460934343
29-1127.00,1.2300348760929598
29-1128.00,-0.12424117295116499
29-1129.01,0.3673524809663098
29-1129.02,0.18493236330607662
29-1131.00,-0.13827886539318068
29-1141.00,-0.29611872622161767
29-1141.01,0.4191047608878628
29-1141.02,0.9712646447791209
29-1141.03,-0.2147223132672803
29-1141.04,0.2901836953696358
29-1151.00,0.12302537170549344
29-1161.00,0.08208991821565403
29-1171.00,0.18706776169459535
29-1181.00,0.6225181228992671
29-1211.00,0.13611773860709364
29-1213.00,0.43276218246646586
29-1214.00,0.04559128083409617
29-1215.00,0.8922840676535873
29-1216.00,0.828567355730456
29-1217.00,1.2652330260521698
29-1218.00,0.18332668489368265
29-1221.00,0.9727038814709683
29-1222.00,0.8775544999698874
29-1223.00,1.1894922441218638
29-1224.00,0.5934098320952889
29-1229.01,1.0223736315356307
29-1229.02,0.6478447745449541
29-1229.03,0.08701867609934283
29-1229.04,0.3575720507810457
29-1229.05,1.415671448570335
29-1229.06,0.07329974230484824
29-1241.00,0.1689873703868454
29-1291.00,-0.03888611439677191
29-1292.00,-0.5940170131427538
29-1299.01,1.1040891099145644
29-1299.02,0.5697309881536636
29-2011.00,0.17699177350318282
29-2011.01,0.5819041604440499
29-2011.02,0.265213821323933
29-2011.04,-0.2884063501271596
29-2012.00,-0.22880812050927193
29-2012.01,-0.48497200740066854
29-2031.00,-0.19219868287645908
29-2032.00,-0.36657795839308943
29-2033.00,-0.014419516209767199
29-2034.00,-0.4012676418681731
29-2035.00,-0.20865565249295095
29-2036.00,0.7835400041690948
29-2051.00,-0.22701890298112617
29-2052.00,-0.1043624926768157
29-2053.00,-0.3419776911896658
29-2055.00,-0.587157680662436
29-2056.00,-0.4661208671110708
29-2057.00,-0.013880118804895083
29-2061.00,-0.5947699422037686
29-2081.00,0.11000396896726682
29-2091.00,0.004373765875141054
29-2092.00,0.45147049389887733
29-2099.01,0.21132544364499514
29-2099.05,-0.0266909571469321
29-2099.08,0.6725396371174547
29-9091.00,-0.45807712137549916
29-9092.00,1.438219081204524
29-9093.00,-0.8724455183132753
29-9099.01,0.10897922820391583
31-1121.00,-0.7502672262411442
31-1122.00,-0.6772622943204768
31-1131.00,-1.0828705900169235
31-1132.00,-1.7921559227550374
31-1133.00,-0.634117021724013
31-2011.00,-0.6062417066574907
31-2012.00,-0.9532984796372481
31-2021.00,-0.6803807855491084
31-2022.00,-0.918940199533262
31-9011.00,-1.5761320352117902
31-9091.00,-0.5333720364723773
31-9092.00,0.04654632180638959
31-9093.00,-0.8367670813399096
31-9094.00,0.8297608054603764
31-9095.00,-0.2569508357616167
31-9096.00,-0.9234261541013596
31-9097.00,-0.3804491947448989
31-9099.01,1.0278214344213759
31-9099.02,-0.6063787257456854
33-1011.00,-0.6934738942983004
33-1012.00,-0.305100115361535
33-1021.00,-0.802337518125269
33-1091.00,-0.03354121565671762
33-2011.00,-1.3787987685071146
33-2021.00,-0.05258282934838503
33-2022.00,-0.31657113221932787
33-3011.00,-0.732605796881846
33-3012.00,-1.0309649357613404
33-3021.00,-0.15651948986154837
33-3021.02,0.0287418780536282
33-3021.06,1.3966747844152223
33-3031.00,-0.5625225681777712
33-3041.00,-0.7291658778818783
33-3051.00,-0.8174611858001268
33-3051.04,-0.20156335448638277
33-3052.00,-0.9271860914768438
33-9011.00,-0.7621838434575567
33-9021.00,0.6531769475520648
33-9031.00,0.6331519841981866
33-9032.00,-0.5192157036662737
33-9091.00,-0.6747872621334753
33-9092.00,-0.7322553346143188
33-9093.00,-0.6111767983055003
33-9099.02,-0.02362432238921929
35-1011.00,-0.39653903777290084
35-1012.00,-0.2372197068437902
35-2011.00,-0.8190704758683881
35-2012.00,-0.7413234305997577
35-2013.00,-0.8560282881871624
35-2014.00,-0.9899310238757183
35-2015.00,-0.9369119483695106
35-2021.00,-1.2189818347717367
35-3011.00,-0.7211067382646418
35-3023.00,-0.5890302485072464
35-3023.01,-0.8581309617615216
35-3031.00,-1.081213025153293
35-3041.00,-0.8717900205685837
35-9011.00,-1.9363931399533265
35-9021.00,-1.9924860984209987
35-9031.00,-0.18570543396714587
37-1011.00,-0.6341706741709909
37-1012.00,-0.699516394832444
37-2011.00,-1.5455201611166942
37-2012.00,-1.6362717316053577
37-2021.00,-0.8314525563306905
37-3011.00,-1.9382573000521834
37-3012.00,-0.9918531623267592
37-3013.00,-1.8403543782434493
39-1013.00,-0.1118998617453376
39-1022.00,0.18223345140344296
39-2011.00,-1.0241347464350583
39-2021.00,-0.9961877096273571
39-3011.00,-0.03949443002426272
39-3012.00,0.3681650893690845
39-3021.00,-0.4138637633282997
39-3031.00,-0.3444443282991167
39-3091.00,-0.5268736463205379
39-3092.00,-0.5572825647018668
39-3093.00,-0.4486918547120301
39-4011.00,-0.8364666904399782
39-4021.00,-0.6203235325604073
39-4031.00,-0.37783990878543733
39-5011.00,-0.8353989442745323
39-5012.00,-0.7879999963529365
39-5091.00,-0.5338230602323114
39-5092.00,-0.06680498431665956
39-5093.00,-1.012618139932086
39-5094.00,-0.2689427099948295
39-6011.00,-1.3819190397671681
39-6012.00,1.0226469238849176
39-7011.00,0.6456905887950969
39-7012.00,0.37645664910699317
39-9011.00,-0.23403040596517774
39-9011.01,-0.620764093503558
39-9031.00,-2.1445563057878494
39-9032.00,-0.34654084785909667
39-9041.00,0.37744505813925405
41-1011.00,-0.08129849969600597
41-1012.00,1.128280911286404
41-2011.00,-0.328957921083074
41-2012.00,-0.15099712551111377
41-2021.00,-0.021540173916582733
41-2022.00,-0.22034295538381515
41-2031.00,-0.012635725361676425
41-3011.00,1.0705194727538554
41-3021.00,1.2505173651830495
41-3031.00,1.3155881550290156
41-3041.00,1.0412998412967294
41-4011.00,1.0328183817914292
41-4011.07,1.0506936744978643
41-4012.00,0.5153341600660117
41-9011.00,0.02386735833034993
41-9012.00,-1.3506535488685132
41-9021.00,1.0574705468937986
41-9022.00,0.7706851547579093
41-9031.00,1.1301939761299715
41-9041.00,1.0795525486201625
41-9091.00,1.0145565702449164
43-1011.00,0.9456983029294329
43-2011.00,0.8444499475513594
43-2021.00,0.8794954357590227
43-3011.00,1.180784811080226
43-3021.00,1.007904894311804
43-3031.00,0.9469281462772959
43-3041.00,0.1610896018271485
43-3051.00,1.0871796792483404
43-3061.00,1.1433609093374133
43-3071.00,0.37572653725002414
43-4011.00,1.052744951975515
43-4021.00,1.1729700833740782
43-4031.00,0.8134115274119404
43-4041.00,1.1843351788737668
43-4051.00,0.9629459745442739
43-4061.00,1.1458437454532098
43-4071.00,0.17770032455962875
43-4081.00,0.5101945500514448
43-4111.00,1.1873154955236864
43-4121.00,0.10481105731086658
43-4131.00,1.273810988503865
43-4141.00,1.002755105143461
43-4151.00,1.037651569817864
43-4161.00,1.2623911599504438
43-4171.00,0.9380611170416764
43-4181.00,0.12839021508751947
43-5011.00,0.5822074888767524
43-5011.01,0.8545255137010148
43-5021.00,-1.0667742938745437
43-5031.00,0.7863025474171983
43-5032.00,1.096197891448219
43-5041.00,-1.0801030860019372
43-5051.00,-0.6230347477840792
43-5052.00,-1.1731159019066917
43-5053.00,-1.2942345169711835
43-5061.00,0.754947524675795
43-5071.00,-0.852355785236329
43-5111.00,-0.28798610046550455
43-6011.00,0.9869789708672666
43-6012.00,0.8108962934050349
43-6013.00,0.9603157503903837
43-6014.00,1.0064736472881555
43-9021.00,0.21253484855454277
43-9022.00,0.5259741602171287
43-9031.00,0.542181194161566
43-9041.00,0.9887666322425293
43-9051.00,-0.9250415251550858
43-9061.00,0.8956086195344649
43-9071.00,-0.6214765663896835
43-9081.00,1.1972237421034468
43-9111.00,1.2270180182376416
45-1011.00,-0.7370703658809756
45-2011.00,0.07113037664391465
45-2021.00,-1.1525280355196172
45-2041.00,-1.4815327931253113
45-2091.00,-1.25411250441255
45-2092.00,-2.2023735538992737
45-2093.00,-1.2171340525284933
45-3031.00,-1.4690113547007615
45-4011.00,-1.3179523685695116
45-4021.00,-1.9091787064245336
45-4022.00,-1.1116096362751187
45-4023.00,-0.5808459937364208
47-1011.00,-0.42870117067670643
47-1011.03,-0.47242694808653135
47-2011.00,-1.1106410258543362
47-2021.00,-1.8678057950587454
47-2022.00,-1.8133844364085598
47-2031.00,-1.2767608436154931
47-2041.00,-1.6766327445032683
47-2042.00,-1.4111528671886429
47-2043.00,-1.9773947230018831
47-2044.00,-1.4068865226532894
47-2051.00,-1.8910210951935655
47-2053.00,-1.889678043677114
47-2061.00,-1.79566897787256
47-2071.00,-1.40748106113288
47-2072.00,-1.3295451279344552
47-2073.00,-1.0388398948368434
47-2081.00,-1.7606829442572722
47-2082.00,-1.6527033301194773
47-2111.00,-0.9283227855044036
47-2121.00,-1.428170202890636
47-2131.00,-1.731256931705082
47-2132.00,-1.4953485752730538
47-2141.00,-1.6664752928521653
47-2142.00,-1.8408306399292644
47-2151.00,-1.3558439192738112
47-2152.00,-1.242177979586006
47-2152.04,-1.0277870700192584
47-2161.00,-1.8690908731169222
47-2171.00,-2.086042351227791
47-2181.00,-1.8664555491519979
47-2211.00,-1.2354115465284294
47-2221.00,-1.893726715753126
47-2231.00,-1.085191831210996
47-3011.00,-2.057151350058043
47-3012.00,-1.5363439358735391
47-3013.00,-1.5202359967808827
47-3014.00,-2.1605167211040572
47-3015.00,-1.7918007876367872
47-3016.00,-2.01279089632247
47-4011.00,0.2781632770850546
47-4011.01,-0.09497722576570897
47-4021.00,-1.0326646751119497
47-4031.00,-2.016641785043153
47-4041.00,-0.7943975009878081
47-4051.00,-1.3890462144388989
47-4061.00,-1.5099196207251084
47-4071.00,-1.3200675687520032
47-4091.00,-1.0905341706192582
47-4099.03,-1.0651801832606045
47-5011.00,-1.5259822982952003
47-5012.00,-0.8799831349426845
47-5013.00,-1.0796476690717671
47-5022.00,-1.2533360568016358
47-5023.00,-0.8075473354540841
47-5032.00,-0.879302996229517
47-5041.00,-1.274625639903546
47-5043.00,-1.731025910922413
47-5044.00,-1.2177892916299509
47-5051.00,-1.8770384383454384
47-5071.00,-1.60146897979586
47-5081.00,-1.655088501797409
49-1011.00,-0.17486343237782012
49-2011.00,-0.44891733481276735
49-2021.00,-0.9405000181726328
49-2022.00,-0.9599337057525525
49-2091.00,-0.2747054351364538
49-2092.00,-0.9171587243272044
49-2093.00,-0.9370531767463328
49-2094.00,-0.4792416140081852
49-2095.00,-0.6568865804184407
49-2096.00,-0.8979936866701642
49-2097.00,-0.6640641726790261
49-2098.00,-0.7983260301248866
49-3011.00,-0.7906103718784216
49-3021.00,-1.2898206365958644
49-3022.00,-1.3117063342057769
49-3023.00,-0.9743125465558188
49-3031.00,-1.2043189562484562
49-3041.00,-1.1711311993434028
49-3042.00,-1.2789916433960808
49-3043.00,-1.5593080563395987
49-3051.00,-0.9934264113624109
49-3052.00,-1.0369951699895386
49-3053.00,-1.0012345160531821
49-3091.00,-1.029904107758767
49-3092.00,-0.9513145186125056
49-3093.00,-1.6626591703110543
49-9011.00,-1.4939170215967692
49-9012.00,-0.8669125262125227
49-9021.00,-1.0085507507672364
49-9031.00,-1.0780261729493732
49-9041.00,-1.1993841007046884
49-9043.00,-1.1034909312452026
49-9044.00,-1.4259980000693304
49-9045.00,-1.347168577400001
49-9051.00,-1.3437172814565186
49-9052.00,-1.1924358138797408
49-9061.00,-0.04542932699829319
49-9062.00,-0.566449287125227
49-9063.00,-0.6823396994199463
49-9064.00,-0.31441446740257173
49-9071.00,-1.1006798329241458
49-9081.00,-1.1488319558659998
49-9091.00,-0.8292507651728612
49-9092.00,-1.2114247179614328
49-9094.00,-1.0121652353517938
49-9095.00,-1.525052391008409
49-9096.00,-1.3253889750427845
49-9097.00,-0.9488584890529719
49-9098.00,-1.5782379152291874
49-9099.01,-0.7397028063561822
51-1011.00,-0.22330991616995857
51-2011.00,-0.9754147170731585
51-2021.00,-0.9355984264241232
51-2022.00,-0.729978625764955
51-2023.00,-0.6018937685985402
51-2031.00,-1.063720162191619
51-2041.00,-1.2419743399059056
51-2051.00,-1.3339039617451476
51-2061.00,-0.35766751319707163
51-2092.00,-0.9561324957748432
51-3011.00,-0.48867104164824
51-3021.00,-1.0786766590136145
51-3022.00,-1.214322058969451
51-3023.00,-1.948659421198808
51-3091.00,-0.8649918010858667
51-3092.00,-0.5694935393264093
51-3093.00,-0.7900391687641104
51-4021.00,-1.34395530476531
51-4022.00,-0.9110983301950953
51-4023.00,-1.1977472395347337
51-4031.00,-1.0872171428893034
51-4032.00,-0.8507935287657139
51-4033.00,-1.0979573170482348
51-4034.00,-1.123829975089962
51-4035.00,-1.049716595583215
51-4041.00,-0.9722213645619876
51-4051.00,-1.276602586729929
51-4052.00,-1.1487417919342027
51-4061.00,-0.9672935045519798
51-4062.00,-0.7181843615089576
51-4071.00,-1.779605192498302
51-4072.00,-1.2551153089815006
51-4081.00,-0.8814861833144172
51-4111.00,-0.734318102179493
51-4121.00,-1.1586581940173537
51-4122.00,-1.063027898104206
51-4191.00,-1.2010370393611671
51-4192.00,-0.8279343464389866
51-4193.00,-1.0071293023245262
51-4194.00,-0.987846501312657
51-5111.00,0.3132954478459859
51-5112.00,-0.8811393078265563
51-5113.00,-1.0134014080529334
51-6011.00,-1.1627079515705543
51-6021.00,-2.0649492703156183
51-6031.00,-1.0715772694492163
51-6041.00,-0.9817178812461512
51-6042.00,-1.0520601025462486
51-6051.00,-0.8079271349688679
51-6052.00,-0.6481493237110207
51-6061.00,-1.054424584489506
51-6062.00,-1.131006893776334
51-6063.00,-1.2708785269881024
51-6064.00,-1.5036979696076742
51-6091.00,-0.9665525737720405
51-6092.00,-0.18423973740024063
51-6093.00,-1.4239088533982627
51-7011.00,-1.4377626471052825
51-7021.00,-1.3070883577888281
51-7031.00,-0.8690599636073361
51-7032.00,-1.099327298104143
51-7041.00,-1.2740847917727043
51-7042.00,-1.2391948240029296
51-8011.00,0.675625930016472
51-8012.00,0.8023627263086442
51-8013.00,-0.44882849702936095
51-8013.03,-0.7057534535135901
51-8013.04,-0.7095238336216172
51-8021.00,-0.6492172523374302
51-8031.00,-0.628669668709753
51-8091.00,-0.48651922573059664
51-8092.00,-0.435307087243319
51-8093.00,-0.5137426019726821
51-8099.01,-0.8367917279691068
51-9011.00,-0.6158228373447654
51-9012.00,-1.0453640860205788
51-9021.00,-1.213336514929602
51-9022.00,-1.1585726962346108
51-9023.00,-0.9529354932923703
51-9031.00,-1.0554923729099774
51-9032.00,-1.187699174724201
51-9041.00,-1.1503436320984974
51-9051.00,-1.0658292669365717
51-9061.00,-0.4452566633435789
51-9071.00,-0.3393569471280267
51-9071.06,-0.15002605527011714
51-9081.00,-0.2661247464845043
51-9082.00,-0.5991104850042395
51-9083.00,-0.7015575324103009
51-9111.00,-1.0863355180287686
51-9123.00,-1.0782700213631697
51-9124.00,-1.2802860175894015
51-9141.00,-0.7424601763102094
51-9151.00,-0.46479069889043617
51-9161.00,-0.7604848548728056
51-9162.00,-0.15282946864189792
51-9191.00,-1.421573203814197
51-9192.00,-1.2508291518999057
51-9193.00,-1.0681009385814242
51-9194.00,-0.7447411756253555
51-9195.00,-1.2236065909032137
51-9195.03,-1.4829257718395206
51-9195.04,-1.0580736423538992
51-9195.05,-1.3245302836040018
51-9196.00,-0.9810092107462448
51-9197.00,-1.8120926328159221
51-9198.00,-1.5221833112395695
53-1041.00,-0.8149475238312736
53-1042.00,-0.3991781562452428
53-1042.01,0.3173944883234996
53-1043.00,0.03282814584112553
53-2011.00,-0.2857324934448537
53-2012.00,-0.29481260543931975
53-2021.00,1.0607102035644898
53-2022.00,0.26473478596896954
53-2031.00,-0.7181428970129079
53-3011.00,-0.9365306183983924
53-3031.00,-0.924802222994397
53-3032.00,-1.2009419361981832
53-3033.00,-1.2228038795563025
53-3051.00,-0.6293418011507381
53-3052.00,-0.7104698835262492
53-3053.00,-0.662541928995153
53-4011.00,-0.6019408064309065
53-4013.00,-1.0286298912728773
53-4022.00,-1.1517859360738796
53-4031.00,-0.570298460733686
53-4041.00,-0.7455872433774081
53-5011.00,-1.2590549482538016
53-5021.00,-0.8093223179968441
53-5022.00,-0.906909571310061
53-5031.00,-0.6279944457278928
53-6011.00,-0.7048370074132214
53-6021.00,-0.9420404982909311
53-6031.00,-1.3310118908305364
53-6041.00,0.30196800574182847
53-6051.00,0.11111337983076458
53-6051.01,-0.11027063750090943
53-6051.07,-0.6654977504716957
53-6061.00,-0.4785625981014229
53-7011.00,-0.8615378559687488
53-7021.00,-1.1387611051598623
53-7031.00,-1.1246651926923081
53-7041.00,-1.0859917292821646
53-7051.00,-1.4016165018010325
53-7061.00,-1.8046194638439987
53-7062.00,-1.8326120200440612
53-7062.04,-1.4010255680910866
53-7063.00,-1.1455667893515662
53-7064.00,-1.665935431646629
53-7065.00,-1.316469935448875
53-7071.00,-0.7966320874476581
53-7072.00,-0.8912379319263684
53-7073.00,-1.1997865697873247
53-7081.00,-1.5583042664603228
53-7121.00,-1.4985219575636737
