platform,content_type,original_text,translated_text,date,engagement,id
reddit,post,"jhs high school students, what's so hard to understand that you can't steal when you're wearing uniform in cc during class hours? You don't even take the ball. What a leaky head you are","jhs high school students, what's so hard to understand that you can't steal when you're wearing uniform in cc during class hours? You don't even take the ball. What a leaky head you are",2026-02-19 07:22:43,,1r8srlg
reddit,post,"I need a friend I don't know but until now I can't find a circle at school. I also can't figure out if I'm the problem or if I just can't get along with people at school. Even if it's not a circle, even if it's not a group, even if it's just a sensible friend, I'm okay but why do people seem to be fake lately? It's hard to socialize, it's sad.","I need a friend I don't know but until now I can't find a circle at school. I also can't figure out if I'm the problem or if I just can't get along with people at school. Even if it's not a circle, even if it's not a group, even if it's just a sensible friend, I'm okay but why do people seem to be fake lately? It's hard to socialize, it's sad.",2025-12-13 22:35:58,,1ply212
reddit,post,How’s the semester so far? Sobrang daming ganaps lately. How are you coping?,How’s the semester so far? Sobrang daming ganaps lately. How are you coping?,2025-10-01 11:05:24,,1nv56rs
reddit,comment,TOO EXHAUSTED,TOO EXHAUSTED,2025-10-20 12:17:58,1.0,1nv56rs
reddit,post,Bakit sa UNC? What made you decide to enroll in the University of Nueva Caceres despite having a pool of academic institutions in the Bicol Region?,Bakit sa UNC? What made you decide to enroll in the University of Nueva Caceres despite having a pool of academic institutions in the Bicol Region?,2025-06-08 17:08:05,,1l6h845
reddit,comment,"My family had a great experience studying at UNC, and I also enjoyed my time learning there. It was very affordable and provided quality education during JHS. When Senior High School came, it was a game changer. Our presentation skills, research, and other practical abilities, including (but not limited to) English writing and speaking were honed thoroughly.

UNC has helped shape many leaders and offered students ample opportunities to be empowered. However, it's important to acknowledge that the university is not without its flaws.","My family had a great experience studying at UNC, and I also enjoyed my time learning there. It was very affordable and provided quality education during JHS. When Senior High School came, it was a game changer. Our presentation skills, research, and other practical abilities, including (but not limited to) English writing and speaking were honed thoroughly.

UNC has helped shape many leaders and offered students ample opportunities to be empowered. However, it's important to acknowledge that the university is not without its flaws.",2025-06-10 17:12:06,2.0,1l6h845
reddit,post,"BSN ENVIRONMENT hello, im an upcoming first-year college student and iam taking BSN in UNC because tf is affordable unlike ADNU or USI. Is the profs and environment okay at unc or should I just transfer to USI (cons are expensive tf)","BSN ENVIRONMENT hello, im an upcoming first-year college student and iam taking BSN in UNC because tf is affordable unlike ADNU or USI. Is the profs and environment okay at unc or should I just transfer to USI (cons are expensive tf)",2025-06-13 06:26:19,,1la8ykd
reddit,comment,"That's not in school 🤗 just do your best always. 
Been with UNC when I was in my 1st year of college, but I had to transfer to USI. All I can say is that your success is up to you. I had many classmates at UNC before who also passed the boards. They never get caught. Also good C.I at UNC same with USI.","That's not in school 🤗 just do your best always. 
Been with UNC when I was in my 1st year of college, but I had to transfer to USI. All I can say is that your success is up to you. I had many classmates at UNC before who also passed the boards. They never get caught. Also good C.I at UNC same with USI.",2025-06-13 13:38:08,2.0,1la8ykd
reddit,comment,"hello, planning to transfer sa unc and im an incoming 2nd yr BSN, may nahanap na ba u affordable na bhouse near the uni?","hello, planning to transfer sa unc and im an incoming 2nd yr BSN, may nahanap na ba u affordable na bhouse near the uni?",2025-06-20 16:13:23,1.0,1la8ykd
reddit,comment,can't choose between UNC or NCF as a BSN transferee student 🥹🥹🥹,can't choose between UNC or NCF as a BSN transferee student 🥹🥹🥹,2025-06-22 11:40:52,1.0,1la8ykd
reddit,post,"2025 The Times Higher Ranking Congratulations to the five Bicol Higher Education Institutions that made it to the Times Higher Education Impact Rankings 2025! 🎉

• Central Bicol State University – Ranked 801–1000

• Sorsogon State University – Ranked 1001–1500

• Bicol University – Ranked 1501+

• Catanduanes State University – Ranked 1501+

• University of Nueva Caceres – Ranked 1501+

Your accomplishments highlight the growing impact and excellence of higher education in the Bicol Region.

-CHED RO V","2025 The Times Higher Ranking Congratulations to the five Bicol Higher Education Institutions that made it to the Times Higher Education Impact Rankings 2025! 🎉

• Central Bicol State University – Ranked 801–1000

• Sorsogon State University – Ranked 1001–1500

• Bicol University – Ranked 1501+

• Catanduanes State University – Ranked 1501+

• University of Nueva Caceres – Ranked 1501+

Your accomplishments highlight the growing impact and excellence of higher education in the Bicol Region.

-CHED RO V",2025-06-18 07:19:13,,1leauli
reddit,post,"Looking for... Hey everyone, I am a freshmen working student, currently I am looking for pre-loved uniform, mahal ng orig eh... huhuhu can’t afford the uniform... kung sino man meron Size M sana","Looking for... Hey everyone, I am a freshmen working student, currently I am looking for pre-loved uniform, mahal ng orig eh... huhuhu can’t afford the uniform... kung sino man meron Size M sana",2025-07-14 05:46:06,,1lzehgk
reddit,post,How to know my block section? hi! How do I know the block section assigned to me? is it thru portal? thank you,How to know my block section? hi! How do I know the block section assigned to me? is it thru portal? thank you,2025-07-25 14:14:40,,1m90anf
reddit,comment,do you have a schedule?,do you have a schedule?,2025-07-30 16:02:46,1.0,1m90anf
