,Institute Name,Total Graduates,Provider Name,lat,lon,Address,Municipality,Province
0,ADAO LEARNING INSTITUTE INC.,1945,ADAO LEARNING INSTITUTE INC.,14.3276464,121.4798659,"Brgy. San Diego, Gumaca,Quezon",Gumaca,Quezon
1,THE BIG FIVE TRAINING AND ASSESSMENT CENTER INC.,1695,THE BIG FIVE TRAINING AND ASSESSMENT CENTER INC.,14.0705233,121.323532096327,"Alirey Building, Along Baytown Road, Brgy. San Isidro, Angono, Rizal",Angono,Rizal
2,EAST AND WEST CENTER OF EXCELLENCE IN TRAINING CORPORATION,1615,EAST AND WEST CENTER OF EXCELLENCE IN TRAINING CORPORATION,14.064021,121.246619,"Brgy. Pantay, Calaca Batangas",Calaca,Batangas
3,TELECALL INSTITUTE OF TECHNOLOGY INC.,1288,TELECALL INSTITUTE OF TECHNOLOGY INC.,14.2795538,121.1235712,"Brgy. Rizal Poblacion, Gumaca, Quezon",Gumaca,Quezon
4,Colegio de Santo Cristo De Burgos Corporation,1187,Colegio de Santo Cristo De Burgos Corporation,13.9641558,121.5259188,"Lot 1 Block 16 Ambassador Neri Avenue, Blue Mountain Subd., Santa Cruz, Antipolo City, Rizal",Antipolo City,Rizal
5,RENAISSANCE SCHOOL OF SCIENCE AND TECHNOLOGY INC,1182,RENAISSANCE SCHOOL OF SCIENCE AND TECHNOLOGY INC,14.5151374,121.2380858,"Brgy. San Sebastian, Lipa City, Batangas",Lipa City,Batangas
6,AUTOZONE DRIVING SCHOOLINC.,1141,AUTOZONE DRIVING SCHOOLINC.,14.356264,121.060797,"Ground Floor Zirconstar Bldg., Ms. Philippines St., Barangay 11 (Pob.) Batangas City",Batangas City (Capital),Batangas
7,Computer Site Ins. Inc.,1112,Computer Site Ins. Inc.,14.3351955,121.050685505811,"De Vera St., Brgy. Daungan, Mauban, Quezon",Mauban,Quezon
8,"PHILIPPINE INDUSTRIAL EQUIPMENT TECHNICAL INSTITUTE, INC.",1110,"PHILIPPINE INDUSTRIAL EQUIPMENT TECHNICAL INSTITUTE, INC.",14.3091536041281,121.062963235516,"26 Legazpi St.,Brgy.San Roque,Zone 1 Tayabas,Quezon",Tayabas City,Quezon
9,LUCENA TECHNOLOGICAL INSTITUTE INCORPORATED,1102,LUCENA TECHNOLOGICAL INSTITUTE INCORPORATED,13.780007,122.293543,"587-C M.H. Del Pilar Ext., Brgy. San Isidro, Antipolo City",Antipolo City,Rizal
10,DIVINE MERCY INTERNATIONAL INSTITUTE INC.   ,1099,DIVINE MERCY INTERNATIONAL INSTITUTE INC.   ,14.2036411,120.9662949,"Balitoc, Calatagan, Batangas",Calatagan,Batangas
11,SYNERGY ASSESSMENT & TRAINING CENTER,1034,SYNERGY ASSESSMENT & TRAINING CENTER,14.0574383,121.154305547573,"Zone 1Real Street, Longos, Kalayaan, Laguna",Kalayaan,Laguna
12,LE PRIME INSTITUTE OF TECHNOLOGY INC.,910,LE PRIME INSTITUTE OF TECHNOLOGY INC.,13.9411,121.1631,"# 52 Sitio Binakuran, Barangay Matalatala, Mabitac, Laguna",Mabitac,Laguna
13,Regional Training Center - CALABARZON,871,Regional Training Center - CALABARZON,13.7618624,121.0639026,"142 Manabat St. Brgy. San Antonio, Biñan Laguna",City of Biñan,Laguna
14,SYLVRE AGRI-FARM & ASSESSMENT CENTER INC.,793,SYLVRE AGRI-FARM & ASSESSMENT CENTER INC.,14.42406665,121.44859313684,"Puting Kahoy, Silang, Cavite",Silang,Cavite
15,SP CASTRO CONSTRUCTION SERVICES,773,SP CASTRO CONSTRUCTION SERVICES,13.9716151,121.6864374,"9022 F Reyes St., Purok 6, Balibago, Santa Rosa, Laguna",City of Santa Rosa,Laguna
16,ST. MARK SKILLS TRAINING INSTITUTE INC.,768,ST. MARK SKILLS TRAINING INSTITUTE INC.,14.7469297,121.6495987,"Brgy. Ilog, Magdalena, Institute",Magdalena,Laguna
17,EXCELSIOR CENTER FOR EXCELLENCE INC.,766,EXCELSIOR CENTER FOR EXCELLENCE INC.,14.0472848,121.157631,"Km. 89 Alfonso-Maragondon Road, Brgy. Pantihan 2, Maragondon, Cavite",Maragondon,Cavite
18,KAMELO MANPOWER SKILLS DEVELOPMENT CENTER INC.,737,KAMELO MANPOWER SKILLS DEVELOPMENT CENTER INC.,13.7401779,121.07141942865,"Brgy. Bigo, Pagbilao, Quezon",Pagbilao,Quezon
19,RUBIKS MANPOWER TRAINING CENTER INC.,716,RUBIKS MANPOWER TRAINING CENTER INC.,13.9411,121.1631,"#33 Ground Floor G & C A. Mabini Santo, City of San Pedro, Laguna",City of San Pedro,Laguna
20,Skillful Training and Assessment Center Inc.,715,Skillful Training and Assessment Center Inc.,13.8899926,120.9100879,"Block 4 Lot 5 Burgos Street, Phase 4, Barangay San Isidro, Vista Verde, Executive Village, Cainta, Rizal",Cainta,Rizal
21,GOALS TRAINING AND ASSESSMENT INSTITUTE INC.,681,GOALS TRAINING AND ASSESSMENT INSTITUTE INC.,13.9411,121.1631,"#3-251 Tabon St.,St. Joseph Village, Panapaan 3, Bacoor City, Cavite",Bacoor City,Cavite
22,"LEMERY COLLEGES, INC.",673,"LEMERY COLLEGES, INC.",13.8802367,120.9134049,Rizal St. Pagsanjan.Laguna,Pagsanjan,Laguna
23,"PR1ME INSTITUTE FOR SKILLS DEVELOPMENT AND ASSESSMENT CENTER, INC.",638,"PR1ME INSTITUTE FOR SKILLS DEVELOPMENT AND ASSESSMENT CENTER, INC.",14.2666926,121.4234048,"Poblacion Ibaba, Angono, Rizal",Angono,Rizal
24,"COLLEGE OF SAN BENILDO-RIZAL FOUNDATION, INC.",623,"COLLEGE OF SAN BENILDO-RIZAL FOUNDATION, INC.",14.62245,121.1253,"170 Claro M. Recto St., Brgy. 9, Lucena City",Lucena City,Quezon
25,TESDA-LLDA PROVINCIAL TRAINING CENTER,587,TESDA-LLDA PROVINCIAL TRAINING CENTER,14.1453986,121.3149851,"Blk. 4 Lot 29 and 30, 3rd and 4th Floor K-ANN Bldg., Congressional Road, South Avenue, Burol II, City of Dasmariñas, Cavite",City of Dasmariñas,Cavite
26,LORD YAHWEH BUSINESS COLLEGES AND MARITIME ACADEMY INCORPORATED,584,LORD YAHWEH BUSINESS COLLEGES AND MARITIME ACADEMY INCORPORATED,14.4004404,121.469726,"26 Martinez St., Brgy. San Roque, Antipolo City, Rizal",Antipolo City,Rizal
27,EQUINOX TRAINING CENTER INC.,560,EQUINOX TRAINING CENTER INC.,13.87458515,120.970954704513,"Fueven Bldg., Doña Carmen De Luna St., Brgy. 6, Catanauan, Quezon",Catanauan,Quezon
28,LAGUNA COLLEGE OF ARTS AND TECHNOLOGY INC.,551,LAGUNA COLLEGE OF ARTS AND TECHNOLOGY INC.,14.1844134,121.3335882,"OLINSTERG Bldg., Maharlika Highway, Poblacion 3, Tiaong, Quezon",Tiaong,Quezon
29,Jacobo Z. Gonzales Memorial School of Arts and Trades,533,Jacobo Z. Gonzales Memorial School of Arts and Trades,14.3374626,121.089340396808,"W.D Villanueva Business Center Cirmont Avenue Andrea Village 2, P.F Espiritu VII, Bacoor City, Cavite",Bacoor City,Cavite
30,R AND R SKILLS TRAINING CENTER INC.,515,R AND R SKILLS TRAINING CENTER INC.,14.1604435,121.6378504,"DICT Compound Telecom Road, Capitol Site Barangay Kumintang Ibaba, Batangas City",Batangas City (Capital),Batangas
31,ANGELITA V. DEL MUNDO FOUNDATION,504,ANGELITA V. DEL MUNDO FOUNDATION,14.2733618,121.4489991,"312 B. A Ibanez Street. Brgy. San Vicente, Angono, Rizal",Angono,Rizal
32,DRIMSTECH TRAINING AND ASSESSMENT CENTER INC.,501,DRIMSTECH TRAINING AND ASSESSMENT CENTER INC.,13.8345074,120.9934832,"Brgy. Zone 3 Poblacion, Atimonan, Quezon",Atimonan,Quezon
33,LIVELIHOOD PLANNER SPECIALIST CENTER INC.,464,LIVELIHOOD PLANNER SPECIALIST CENTER INC.,14.0683,121.3256,"Governor's Drive Brgy. Langkaan, Dasmariñas City, Cavite",Dasmariñas City,Cavite
34,ASIAN SCHOOL OF ADVANCED TECHNOLOGY INC.,462,ASIAN SCHOOL OF ADVANCED TECHNOLOGY INC.,14.44521,120.95298,"Old National Highway, Brgy. Nueva, City of San Pedro, Laguna",City of San Pedro,Laguna
35,MENDOZA TRAINING AND ASSESSMENT CENTER INC.,449,MENDOZA TRAINING AND ASSESSMENT CENTER INC.,14.423773,121.428692,"Brgy. Manasa, Lucban, Quezon",Lucban,Quezon
36,POWER SKILLS TECHNICAL CENTER OF CAVITE INC.,449,POWER SKILLS TECHNICAL CENTER OF CAVITE INC.,14.3209,120.96452,"1622 Sunset Drive, Brookside Hills Subdivision, San Isidro, Cainta, Rizal",Cainta,Rizal
37,ITECH TECHNICAL VOCATIONAL INSTITUTE CORP.,429,ITECH TECHNICAL VOCATIONAL INSTITUTE CORP.,14.7282719,121.156658910299,"02 Javier St., Poblacion, San Juan, Batangas",San Juan,Batangas
38,ZEYEN SKILLS ENHANCEMENT CENTER INC.,424,ZEYEN SKILLS ENHANCEMENT CENTER INC.,13.9363322,121.5299116,"Bgry. Mamala, Sampaloc, Quezon",Sampaloc,Quezon
39,"EVERBRIGHT INTERNATIONAL ACADEMY, INC.",406,"EVERBRIGHT INTERNATIONAL ACADEMY, INC.",14.41854,120.97184,"Brgy. Tiawe, Lucban, Quezon",Lucban,Quezon
40,THE FORKS TRAINING AND ASSESSMENT SOLUTIONS INC.,403,THE FORKS TRAINING AND ASSESSMENT SOLUTIONS INC.,13.7401779,121.07141942865,"Anabu I-E, Imus City, Cavite",Imus City,Cavite
41,Provincial Training Center - Lipa,399,Provincial Training Center - Lipa,13.9411,121.1631,"Brgy. San Juan, Tiaong,Quezon",Tiaong,Quezon
42,GREENTHUMB FARMING SCHOOL,383,GREENTHUMB FARMING SCHOOL,13.9989442,121.9208446,"Pres. Laurel Highway, Poblacion, Malvar, Batangas",Malvar,Batangas
43,"KEYSTONE TECHNICAL INSTITUTE OF LOPEZ QUEZON, INC.",376,"KEYSTONE TECHNICAL INSTITUTE OF LOPEZ QUEZON, INC.",14.2057651,121.4189456,"Libid, Binangonan, Rizal",Binangonan,Rizal
44,"HEZEKIAH VOCATIONAL & TECHNOLOGICAL TRAINING INSTITUTE, (HVTTI) INC.",369,"HEZEKIAH VOCATIONAL & TECHNOLOGICAL TRAINING INSTITUTE, (HVTTI) INC.",14.4290116,120.9365911,"B C2 Lot 9, Bgy. Maderan, GMA, Cavite",Gen. Mariano Alvarez,Cavite
45,GENUINE SERVICE PRESIDENT TRAINING AND ASSESSMENT CENTER INC.,364,GENUINE SERVICE PRESIDENT TRAINING AND ASSESSMENT CENTER INC.,13.780007,122.293543,"Brgy. 1, Bontog, Mataas na Kahoy, Batangas",Mataas na Kahoy,Batangas
46,"BATANGAS EASTERN COLLEGES, INC.",362,"BATANGAS EASTERN COLLEGES, INC.",13.8261396,121.3955465,"Abuyon National Road, Brgy. Pagkakaisa, San Narciso, Quezon",San Narciso,Quezon
47,THE MOLINO INSTITUTE OF SCIENCE AND TECHNOLOGY INC.,358,THE MOLINO INSTITUTE OF SCIENCE AND TECHNOLOGY INC.,13.930678,121.431791,"#3 Ong. Road Lapolapo I San Jose, Batangas",San Jose,Batangas
48,ST. MARTIN SCHOOL OF ADVANCED TECHNOLOGY AND CAREGIVER INC.,357,ST. MARTIN SCHOOL OF ADVANCED TECHNOLOGY AND CAREGIVER INC.,14.332596,120.931218,"CM Delos Reyes Ave., Brgy. Biclatan, Gen. Trias, Cavite",Gen. Trias,Cavite
49,RNC Technical Learning Center Inc.,355,RNC Technical Learning Center Inc.,13.9572058,122.287787,"Gomez Extension, Brgy. 1, Lucena City",Lucena City,Quezon
50,UNITECH EDUCATIONAL INSTITUTE (UEI) INC.,330,UNITECH EDUCATIONAL INSTITUTE (UEI) INC.,13.780007,122.293543,"Blk 1 and 2A Lot 3550 Chunnel and Channel Building, Central Market Avenue, Zone IV(Pob.), City of Dasmariñas, Cavite",City of Dasmariñas,Cavite
51,Quezon National Agricultural School,329,Quezon National Agricultural School,13.9803408,121.7894351,"Aguila, San Jose, Batangas",San Jose,Batangas
52,Advent Caregiver School Inc.,325,Advent Caregiver School Inc.,14.34267,121.08071,"Limcaoco Subdivision, Brgy., Tres, Cabuyao City, Laguna",Cabuyao City,Laguna
53,WESTBRIDGE INSTITUTE OF TECHNOLOGY,325,WESTBRIDGE INSTITUTE OF TECHNOLOGY,14.2795538,121.1235712,"J. Rizal st., Brgy 4, Quinale, Paete, Laguna",Paete,Laguna
54,"BRIGHTWELL TECHNICAL EDUCATION TRAINING AND ASSESSMENT CENTER, INC.",321,"BRIGHTWELL TECHNICAL EDUCATION TRAINING AND ASSESSMENT CENTER, INC.",13.8792270709432,121.108361022658,"Km 49 National Hi-way, Brgy. Parian, Calamba City, Laguna",Calamba City,Laguna
55,"SCHOLA ANGELICUS, INC.",321,"SCHOLA ANGELICUS, INC.",14.263146,121.1333466,"Old Cooperative Building, Brgy. VII, City of Calamba, Laguna",City of Calamba,Laguna
56,Technical Skills System of Lucena Inc.,318,Technical Skills System of Lucena Inc.,13.780007,122.293543,"049 L. E. Village, Brgy. Lingga, City of Calamba, Laguna",City of Calamba,Laguna
57,"COLEGIO DE SAN EXPEDITO, IN.C",309,"COLEGIO DE SAN EXPEDITO, IN.C",13.9629837,121.5243402,"Maharika Highway,Red V, Lucena City",Lucena City,Quezon
58,SYNERGY ASSESSMENT AND TRAINING CENTER INC.,307,SYNERGY ASSESSMENT AND TRAINING CENTER INC.,14.695,121.720005,"Brgy. Anastacia, Tiaong, Quezon",Tiaong,Quezon
59,EL ROYALE CREDIT COOPERATIVE,302,EL ROYALE CREDIT COOPERATIVE,14.0259,121.5929,"Purok 3, Brgy. Tranca, Bay, Laguna",Bay,Laguna
60,SWEET NATURE FARMS,300,SWEET NATURE FARMS,14.5066457388391,121.44371109568,"Km 17 E. Aguinaldo Highway, Panapaan V Bacoor, Cavite",Bacoor City,Cavite
61,Rizal Provincial Technical Education and Skills Development Center - Binangonan,299,Rizal Provincial Technical Education and Skills Development Center - Binangonan,14.4647563,121.1923358,"2/F MVL Center Annex Bldg., National Road, Tambo, Lipa City, Batangas",Lipa City,Batangas
62,"BROTHERS OF CHRIST OF BANNEUX, INC.   ",295,"BROTHERS OF CHRIST OF BANNEUX, INC.   ",14.386013,120.8802597,"Kristine Business Center Chipeco ave. cor Burgos St. Brgy. 2, Calamba City.",City of Calamba,Laguna
63,"OFFSHORE-ONSHORE INSTITUTE OF TECHNOLOGY, INC.",293,"OFFSHORE-ONSHORE INSTITUTE OF TECHNOLOGY, INC.",14.174409,121.72621,"1024 FELIX AVE.,BRGY STO. DOMINGO, CAINTA RIZAL",Cainta,Rizal
64,Rizal Provincial Technical Education and Skills Development Center - Cainta,293,Rizal Provincial Technical Education and Skills Development Center - Cainta,14.5770841,121.1192608,"Lot 5080 Init 3 G/F and Unit 5 2/F Tory's Dream Building Sol P, Bella St. Corner Capt. I. Bella St. Poblacion i-B, Imus City, Cavite",Imus City,Cavite
65,CRUZEDAL TRAINING & ASSESSMENT CENTER INC.,292,CRUZEDAL TRAINING & ASSESSMENT CENTER INC.,14.0691202852455,121.298081872363,"Purok 1, Sitio Kaypatag, Kinalaglagan, Mataas na Kahoy, Batangas",Mataas na Kahoy,Batangas
66,The Foundation for Professional Training Inc. - Anihan Technical School,291,The Foundation for Professional Training Inc. - Anihan Technical School,14.21167,121.16528,"Eco Hub Seaman’s Village, Brgy. Piela, Sampaloc 3, Dasmariñas, Cavite",Dasmariñas,Cavite
67,"IMUS COMPUTER COLLEGE, INC. (FORMERLY: IMUS COMPUTER CENTER, INC.) - CARMONA ",288,"IMUS COMPUTER COLLEGE, INC. (FORMERLY: IMUS COMPUTER CENTER, INC.) - CARMONA ",14.3248994,121.0650404,"Trece-Indang Rd. Luciano, Trece Martires City, Cavite",Trece Martires City,Cavite
68,XAVIER TECHNICAL TRAINING CENTER CORP.,288,XAVIER TECHNICAL TRAINING CENTER CORP.,14.34267,121.08071,"Lopez Ave., Los Baños, Laguna",Los Baños,Laguna
69,IMPERIUM TRAINING CENTER INC.,286,IMPERIUM TRAINING CENTER INC.,14.067603,121.31952,"Capt. Alano St. cor. Doña Aurora, Angono, Rizal",Angono,Rizal
70,MIKASTRA INTEGRATED FARM,285,MIKASTRA INTEGRATED FARM,13.7476253,122.1404468,"Poblacion 2, Sariaya, Quezon",Sariaya,Quezon
71,"CEN TECH - CENTER FOR TECHNICAL EXCELLENCE, INC. ",283,"CEN TECH - CENTER FOR TECHNICAL EXCELLENCE, INC. ",13.9411,121.1631,"Valderas cor. Quezon Ave., Brgy. Poblacion 2, Saryaya Quezon",Sariaya,Quezon
72,SANTA ROSA MANPOWER TRAINING CENTER,276,SANTA ROSA MANPOWER TRAINING CENTER,14.27297,121.09314,"Sumulong Highway, Brgy. Sta. Cruz, Antipolo City",Antipolo City,Rizal
73,"St. Raphael College of business & Arts, Inc.",275,"St. Raphael College of business & Arts, Inc.",14.6652194,121.6036941,"3/F Tan Bldg., Granja cor. Suarez Sts., Brgy 7, Lucena City",Lucena City,Quezon
74,Provincial Technical Education and Skills Development Center (PTESDC) - Taytay,274,Provincial Technical Education and Skills Development Center (PTESDC) - Taytay,14.547539,121.131929,C. Colago Ave. Brgy. San Roque San Pablo Laguna,San Pablo City,Laguna
75,PHILIPPINE INDUSTRIAL EQUIPMENT TECHNICAL INSTITUTE INC.,273,PHILIPPINE INDUSTRIAL EQUIPMENT TECHNICAL INSTITUTE INC.,14.562864,121.131266,"#15 Sto. Niño, San Pedro, Laguna",City of San Pedro,Laguna
76,BCB ABUNDANT GREENS FLOWER FARM,270,BCB ABUNDANT GREENS FLOWER FARM,14.0861537,121.582792458765,"Sitio 4, National Highway, Balagtas, Batangas City, Batangas",City,Batangas
77,PRIME EDUCATION AND ASSESSMENT CENTER INC.,270,PRIME EDUCATION AND ASSESSMENT CENTER INC.,14.137049,121.4167195,"Roxas Bldg., Talaibon, Ibaan, Batangas",Ibaan,Batangas
78,YURIMI CENTER FOR HOSPITALITY AND CULINARY ARTS INC.,269,YURIMI CENTER FOR HOSPITALITY AND CULINARY ARTS INC.,14.1798,121.2234,"Brgy. Ibabang Palsabangon, Pagbilao, Quezon",Pagbilao,Quezon
79,FIRST IN LEARNING ELECTRONICS TRAINING CENTER,267,FIRST IN LEARNING ELECTRONICS TRAINING CENTER,13.9411,121.1631,"Brgy. San Rafael, San Pablo City, Laguna",San Pablo City,Laguna
80,KUMINTANG INSTITUTE TRAINING AND ASSESSMENT INC.,261,KUMINTANG INSTITUTE TRAINING AND ASSESSMENT INC.,14.0914020178091,121.018319983888,"Brgy. Pantihan 2, Maragondon, Cavite",Maragondon,Cavite
81,MAESTRO TEODORICIO TECHNOLOGICAL SCHOOL INC.,261,MAESTRO TEODORICIO TECHNOLOGICAL SCHOOL INC.,14.2222831,121.6069754,"G/F Rublou Business Center, Ortigas Ext., Cainta",Cainta,Rizal
82,"Center for Competencies Enhancement and Development, Inc.",259,"Center for Competencies Enhancement and Development, Inc.",14.171725,121.135904,Brgy. Isabang Lucena City,Lucena City,Quezon
83,SKILLED INSTITUTE OF TECHNOLOGY AND COMMUNICATIONS INC.,256,SKILLED INSTITUTE OF TECHNOLOGY AND COMMUNICATIONS INC.,13.98853855,121.75934495,"VMI Bldg., General Emilio Aguinaldo Hi-way, Palico I, Imus City, Cavite",Imus City,Cavite
84,"ST. PEREGRINE INSTITUTE, INC.",256,"ST. PEREGRINE INSTITUTE, INC.",13.934844,120.92859,"1962 JP Laurel National Highway, Lipa City, Batangas",Lipa City,Batangas
85,R1ZAL TRAINING & DEVELOPMENT INSTITUTE INC.,254,R1ZAL TRAINING & DEVELOPMENT INSTITUTE INC.,14.5901856,121.1258603,"Brgy. Ibabang Palsabangon, Pagbilao, Quezon",Pagbilao,Quezon
86,GUARDIANS TECHNICAL SCHOOL INC.,251,GUARDIANS TECHNICAL SCHOOL INC.,14.3415478,120.9481441,"Purok Agawin, Brgy. Ibabang Dupay, Lucena City",Lucena City,Laguna
87,SAN PEDRO TECHNOLOGICAL INSTITUTE,250,SAN PEDRO TECHNOLOGICAL INSTITUTE,14.370061,121.057603,"2F NPM Building, Maycacayan Compound, Manila East Road, Calumpang, Binangonan, Rizal",Binangonan,Rizal
88,"EMPEROR INTERNATIONAL TRAINING AND ASSESSMENT CENTER, INC.",243,"EMPEROR INTERNATIONAL TRAINING AND ASSESSMENT CENTER, INC.",14.5723921,121.1301873,"UNIT H,I,J 3F Inoba Bldg., Lardizabal St. Monte Brisa Subd., San Jose, Rodriguez (Montalban), Rizal",Rodriguez (Montalban),Rizal
89,"GOOD WORKERS TRANSFORMATION CENTER, INC.",236,"GOOD WORKERS TRANSFORMATION CENTER, INC.",14.2795538,121.1235712,"Aguinaldo Highway, San Vicente II, Silang, Cavite",Silang,Cavite
90,ST. PEREGRINE INSTITUTE,233,ST. PEREGRINE INSTITUTE,14.253883,121.138164,"143 Narra St., Mountview Subd., Brgy. 3, Tanauan City, Batangas",Tanauan City,Batangas
91,CALAMBA MANPOWER DEVELOPMENT CENTER,231,CALAMBA MANPOWER DEVELOPMENT CENTER,14.19504,121.11704,"Lot 9 Blk 4 EM's Barrio Tejero Convention, Rosario Cavite",Rosario,Cavite
92,IMPERIUM AGRICULTURE TRAINING AND ASSESSMENT CENTER,228,IMPERIUM AGRICULTURE TRAINING AND ASSESSMENT CENTER,14.3638227519962,121.483125029154,"Don Yulo Sr. Blvd. Canlubang, Calamba City",City of Calamba,Laguna
93,"BEST MIND SKILLS TRAINING AND ASSESSMENT CENTER, INC.",227,"BEST MIND SKILLS TRAINING AND ASSESSMENT CENTER, INC.",14.018209,121.163024,"Km.77, Brgy. Dayap, Calauan, Laguna",Calauan,Laguna
94,ADORESS FARM TRAINING AND ASSESSMENT CENTER,226,ADORESS FARM TRAINING AND ASSESSMENT CENTER,14.4259361,121.429439,"Brgy. Poctol, San Juan, Batangas",San Juan,Batangas
95,SKILLSTECH BATANGAS TRAINING AND ASSESSMENT CENTER CORP.,225,SKILLSTECH BATANGAS TRAINING AND ASSESSMENT CENTER CORP.,13.990232,120.810830892271,BRGY. DINGIN PAGSANJAN LAGUNA,Pagsanjan,Laguna
96,GUIDED EDUCATION TRAINING SCHOOL (GETS) INC.,223,GUIDED EDUCATION TRAINING SCHOOL (GETS) INC.,14.3209,120.96452,"Cupang, Bauan, Batangas",Bauan,Batangas
97,LUCIANO'S NATURE FARM,222,LUCIANO'S NATURE FARM,14.4057558,121.470623212012,"Brgy. Gulod, Calatagan, Batangas",Calatagan,Batangas
98,NS VILLAMOR FARM CORPORATION,214,NS VILLAMOR FARM CORPORATION,13.8825115,122.2611114,"229 Rizal St., Brgy. 1, Alaminos, Laguna",Alaminos,Laguna
99,"EASTERN STAR INSTITUTE OF SCIENCE & TECHNOLOGY-ESIST, INC.",213,"EASTERN STAR INSTITUTE OF SCIENCE & TECHNOLOGY-ESIST, INC.",14.695584,121.1188509,"Gen. Luna St., Brgy. Sta. Ana, San Mateo, Rizal",San Mateo,Rizal
100,SAN ANTONIO SKILLS DEVELOPMENT CENTER INC.,210,SAN ANTONIO SKILLS DEVELOPMENT CENTER INC.,14.28948,121.108377,"Mangoville Subd. Jose Abad Santos, Salitran 4, Dasmariñas, Cavite",Dasmariñas,Cavite
101,"PROFES-SKILLS INSTITUTE Training and Assessment Center, Inc.",207,"PROFES-SKILLS INSTITUTE Training and Assessment Center, Inc.",13.9356294,121.6013292,Anabu II Imus Cavite,Imus City,Cavite
102,"ROYAL BRITISH COLLEGE, INC.",205,"ROYAL BRITISH COLLEGE, INC.",13.9411,121.1631,"37 Cordero Street Capistrano Subdivision, Angeles Zone IV, City of Tayabas, Quezon, Region IV-A",Tayabas City,Quezon
103,AMACO TVI TRAINING CENTER CORP.,204,AMACO TVI TRAINING CENTER CORP.,14.6086205,121.1094659,"37 Cordero St.,Brgy. Angeles Zone 4,Tayabas, Quezon",Sariaya,Quezon
104,DON LEON NATURE FARMS INC.,200,DON LEON NATURE FARMS INC.,13.83028,121.40083,"Brgy. Briones, San Antonio, Quezon",San Antonio,Quezon
105,JOBLINK INSTITUTE OF TECHNOLOGY INC.,200,JOBLINK INSTITUTE OF TECHNOLOGY INC.,13.90222,121.84167,"EMME Compound Cecilia Yulo Araneta Avenue Canlubang Sugar Estate Canlubang, Calamba City, Laguna",Calamba City,Laguna
106,INTERNATIONAL TRANSPORTATION ACADEMY AND ASSESSMENT CENTER INC.,199,INTERNATIONAL TRANSPORTATION ACADEMY AND ASSESSMENT CENTER INC.,14.311901,121.0099071,"55 PULUMBARIT ST., BRGY SAN ISIDRO, TAYTAY, RIZAL",Taytay,Rizal
107,TESDA Provincial Training Center - Rosario,196,TESDA Provincial Training Center - Rosario,14.41444705,120.877677393554,"LISP 1 Cabuyao, Laguna",Cabuyao City,Laguna
108,OYAYI FARM & RESORT,195,OYAYI FARM & RESORT,13.8910173,121.546469644339,"#73 Sitio Acasia, Brgy. Sta. Lucia, Dolores, Quezon",Dolores,Quezon
109,"Trimex Colleges, Inc.",195,"Trimex Colleges, Inc.",14.3390134981797,121.085354242442,"Unit 9, 11, 3, 2nd Floor Molino Commercial Center, Molino Road Georgetown Heights Molino IV, Bacoor City, Cavite",Bacoor City,Cavite
110,TESDA Provincial Training Center - Paliparan,186,TESDA Provincial Training Center - Paliparan,14.3209,120.96452,"Antipolo, Sta. Teresita, Batangas",Sta. Teresita,Batangas
111,LINKAGE INDUSTRIAL CORP,183,LINKAGE INDUSTRIAL CORP,14.5587089,121.1359659,"RIZAL TECHNOPARK 2000, LAMBAK, SAN JUAN, TAYTAY, RIAL",Taytay,Rizal
112,RIZAL MARINE AND TECHNO COMPUTER COLLEGE (RMTC),182,RIZAL MARINE AND TECHNO COMPUTER COLLEGE (RMTC),14.4985359,121.2856331,"2F & 3/F Abacast Travel Bldg., Nueno Ave., Imus, Cavite (Beside Metrobank Imus, near Lotus Mall)",Imus City,Cavite
113,St. Anne College Lucena Inc.,182,St. Anne College Lucena Inc.,13.780007,122.293543,"2/F Josol Bldg. Gen. Tirona Highway, Habay II, Bacoor City, Cavite",Bacoor City,Cavite
114,PRECIOUS KNOWLEDGE TRAINING CENTER ,180,PRECIOUS KNOWLEDGE TRAINING CENTER ,14.386013,120.8802597,"0146 JP Laurel Highway, San Pioquinto, Malvar, Batangas",Malvar,Batangas
115,LIN HUI KHO TECHNICAL & VOCATIONAL TRAINING CENTER INC.,176,LIN HUI KHO TECHNICAL & VOCATIONAL TRAINING CENTER INC.,14.0734578,120.6322736,"Caloocan, Balayan, Batangas",Balayan,Batangas
116,"MC TECH TRAINING AND ASSESSMENT CENTER, INC.",175,"MC TECH TRAINING AND ASSESSMENT CENTER, INC.",13.789546,121.062454,"Unit 903 Manila Luxury Condominium, Pearl Drive cor. Gold Loop, Ortigas Center, Barangay San Antonio, Pasig City",Taytay,Rizal
117,UBEDA MANPOWER TRAINING CENTER INC.,175,UBEDA MANPOWER TRAINING CENTER INC.,13.859255,121.09438,"Brgy. Duhat, Cavinti, Laguna",Cavinti,Laguna
118,GINTONG ARAL SKILLS DEVELOPMENT ACADEMY INC,174,GINTONG ARAL SKILLS DEVELOPMENT ACADEMY INC,14.5470303,121.1448753,"Fast Logistics Warehouse Complex, Pulo-Diezmo Road, Brgy. Pub, Cabuyao City, Laguna",Cabuyao City,Laguna
119,SARIAYA 4-J DEVELOPMENT CORPORATION,172,SARIAYA 4-J DEVELOPMENT CORPORATION,13.9629837,121.5243402,"Cabeza Center Avenida Rizal Pagasa Subd., Molino V, Bacoor City, Cavite",Bacoor City,Cavite
120,Cortijo de Palsabangon Farm OPC,170,Cortijo de Palsabangon Farm OPC,13.9876737,121.7312805,"T.M. Kalaw St. Brgy. Balintawak, Lipa City, Batangas",Lipa City,Batangas
121,EDS MANUFACTURING CORP. ,167,EDS MANUFACTURING CORP. ,14.3683268,120.940160811342,"3/F Conrado Commercial Complex, Aguinaldo Highway, Niog I, Bacoor City, Cavite",Bacoor City,Cavite
122,PESO-CAESAR LOS BAÑOS MANPOWER SKILLS TRAINING CENTER,166,PESO-CAESAR LOS BAÑOS MANPOWER SKILLS TRAINING CENTER,14.1775648,121.2214303,"BRGY. MAMALA 2, SARIAYA, QUEZON",Sariaya,Quezon
123,"ASIAN TECH-HUB ACADEMY, INC.",165,"ASIAN TECH-HUB ACADEMY, INC.",13.7558718,121.0584755,"T26-27, T36-37, 3rd floor Emaraud Square Plaza, L. Sumulong Memorial Circle, Brgy. San Jose, Antipolo City",Antipolo City,Rizal
124,"NAVA INSTITUTE OF SCIENCE AND TECHNICAL EDUCATION, INC.",160,"NAVA INSTITUTE OF SCIENCE AND TECHNICAL EDUCATION, INC.",14.4886237,121.305743878884,"RDS Building, Felix Ave., Sta. Lucia Drive, San Isidro, Cainta, Rizal",Cainta,Rizal
125,Bondoc Peninsula Technological Institute,157,Bondoc Peninsula Technological Institute,13.61629,122.512936,"2/F AREJ Bldg., Bagong Nayon, Cogeo, Gate 2, Marcos Hiway, Antipolo",Antipolo City,Rizal
126,MILLENNIAL'S CHOICE TRAINING INSTITUTE AND ASSESSMENT CENTER INC.,157,MILLENNIAL'S CHOICE TRAINING INSTITUTE AND ASSESSMENT CENTER INC.,14.4443142,120.9033242,"C. Lawis Ext., Brgy. San Isidro, Antipolo City, Rizal",Antipolo City,Rizal
127,TESDA PROVINCIAL TRAINING CENTER SAN ANTONIO,156,TESDA PROVINCIAL TRAINING CENTER SAN ANTONIO,13.8701,122.2824,"C. Lawis Extension , Brgy. San Isidro, Antipolo City, Rizal",Antipolo City,Rizal
128,HOLY TRINITY SCHOOL OF SCIENCE AND TECHNOLOGY INC.,152,HOLY TRINITY SCHOOL OF SCIENCE AND TECHNOLOGY INC.,14.50016,121.173461,"Topaz cor. Mt. Carmel St., Pleasantville Subd., Brgy. Ilayang Iyam, Lucena City",Lucena City,Quezon
129,"SCIENTIA VOX MANTRADE INSTITUTE, INC.",152,"SCIENTIA VOX MANTRADE INSTITUTE, INC.",13.8799417,120.9203851,"CRF Hall, Florence St., San Francisco Village, Brgy. Muzon, Taytay, Rizal",Taytay,Rizal
130,COLEGIO DE LOS BANOS,149,COLEGIO DE LOS BANOS,14.1782396,121.2422528,"Brgy. Buboy, Nagcarlan, Laguna",Nagcarlan,Laguna
131,COLEGIO DE AMORE INC.,148,COLEGIO DE AMORE INC.,14.241064,120.879745,"2nd Floor SK DC Commercial Building Sitio Tacad Libjo V, Batangas City",City,Batangas
132,DIETA INTEGRATED FARM,148,DIETA INTEGRATED FARM,13.9876737,121.7312805,"Brgy. Payte, Pitogo, Quezon",Pitogo,Quezon
133,FARMSHARE PRIME,147,FARMSHARE PRIME,14.24800885,121.50091885,"C. Pasia Bldg., R. Soliman St., Brgy. 5, Lipa City, Batangas",Lipa City,Batangas
134,DOLORITO ACADEMY OF KNOWLEDGE AND SKILLS (DAKS) INC.,145,DOLORITO ACADEMY OF KNOWLEDGE AND SKILLS (DAKS) INC.,14.4167644,120.8553541,"RLX Compound, Purok 6,Barangay Saimsim, Calamba City, Laguna",Calamba City,Laguna
135,K A S H TRAINING AND ASSESSMENT CENTER INC. ,145,K A S H TRAINING AND ASSESSMENT CENTER INC. ,14.379089,120.893287,"Brgy. Bucal II, Maragondon, Cavite",Maragondon,Cavite
136,IMUS COMPUTER COLLEGE - IMUS ,143,IMUS COMPUTER COLLEGE - IMUS ,14.4248336,120.9400011,"P. Prieto St., Batangas City, Batangas",City,Batangas
137,Roqueza's Integrated Farm and Training Center Corporation,142,Roqueza's Integrated Farm and Training Center Corporation,14.2325,121.3648,"Brgy. General Luna Unisan, Quezon",Unisan,Quezon
138,MARIANO CENTER FOR TECHNICAL STUDIES INC.,140,MARIANO CENTER FOR TECHNICAL STUDIES INC.,14.2795538,121.1235712,"Brgy.Macatad, Siniloan, Laguna",Siniloan,Laguna
139,GOLDEN ARABLE FARM,139,GOLDEN ARABLE FARM,14.2733033,120.752724,"Dakotah St., Brgy. Muntingdilaw, Antipolo City, Rizal",Antipolo City,Rizal
140,SOLANZO INTEGRATED FARM,139,SOLANZO INTEGRATED FARM,14.48488955,121.500213245655,"Nia Road Nevalga Farm Drive Brgy. Sala, Cabuyao CIty, Laguna",Cabuyao CIty,Laguna
141,ARKANGHEL ADVANCE SCHOOL OF CAREGIVING AND SAFETY INC.,138,ARKANGHEL ADVANCE SCHOOL OF CAREGIVING AND SAFETY INC.,14.298986020754,120.959392344725,"School View Park Subd., Masalukot 1, Candelaria, Quezon",Candelaria,Quezon
142,"CONCEPT INSTITUTE FOR CAREER ENHANCEMENT, INC.",137,"CONCEPT INSTITUTE FOR CAREER ENHANCEMENT, INC.",13.7548166,121.0706281,"Poblacion East, Taysan, Batangas",Taysan,Batangas
143,"SCHOOL FOR ACADEMICS AND INDUSTRIAL TECHNOLOGY, INC.",134,"SCHOOL FOR ACADEMICS AND INDUSTRIAL TECHNOLOGY, INC.",13.8444215,121.2054198,"Greenvalley Subd., San Jose, San Pablo City",San Pablo City,Laguna
144,MARIÑAS TECHNOLOGIES TRAINING SCHOOL,132,MARIÑAS TECHNOLOGIES TRAINING SCHOOL,14.2287117,121.36626075,"Sitio Hinliligti, Brgy. Sokol, Atimonan, Quezon",Atimonan,Quezon
145,MYRTLE'S AGRICULTURAL FARM,130,MYRTLE'S AGRICULTURAL FARM,13.780007,122.293543,"Blk 3 Lot 41 & 43 Congressional Road, Brgy. San Gabriel, GMA, Cavite",Gen. Mariano Alvarez,Cavite
146,GRANT INSTITUTE OF TRADE AND TECHNOLOGY,127,GRANT INSTITUTE OF TRADE AND TECHNOLOGY,14.06667,121.31667,"The Villas at Dasmariñas Highlands, Block 17 Lot 4 Narcisa Street, San Agustin 1, Dasmariñas City, Cavite",Dasmariñas City,Cavite
147,A.D AGAWIN CONSTRUCTION,125,A.D AGAWIN CONSTRUCTION,13.9215665,122.0986155,"Blk 8, Lot 22-24, Dandelion St. Addas 4A, Mambog, Bacoor City, Cavite",Bacoor City,Cavite
148,"IMUS COMPUTER COLLEGE, INC. (FORMERLY: IMUS COMPUTER CENTER, INC.) - GMA",124,"IMUS COMPUTER COLLEGE, INC. (FORMERLY: IMUS COMPUTER CENTER, INC.) - GMA",14.2869758,121.0011911,"Sitio Molino, Brgy. Magabe, Balayan, Batangas",Balayan,Batangas
149,Seaman Job Study Center Inc.,123,Seaman Job Study Center Inc.,13.948094,121.525721,"B1 L18 Richmond Subd., Bahayang Pag-asa, Imus City, Cavite",Imus City,Cavite
150,PAGSANJAN HEALTHCARE AND LIVELIHOOD TRAINING AND ASSESSMENT CENTER INC.,122,PAGSANJAN HEALTHCARE AND LIVELIHOOD TRAINING AND ASSESSMENT CENTER INC.,14.23333,121.45,"9001 Unit 11-14 2nd Floor Plaza Aldea Town Center Sampaloc Road, Sitio Lubigan, Plaza Aldea (Pob.), Tanay, Rizal",Tanay,Rizal
151,OUAN'S WORTH FARM AND FAMILY RESORT CORP,120,OUAN'S WORTH FARM AND FAMILY RESORT CORP,13.780007,122.293543,"4a Macopa St. Aurora Subdivision, San Isidro, Angono, Rizal",Angono,Rizal
152,SKILL-POWER INSTITUTE,120,SKILL-POWER INSTITUTE,14.527528,121.154593,"National Road, San Carlos Tayuman III, Binangonan, Rizal",Binangonan,Rizal
153,"STI COLLEGE BATANGAS, INC.",119,"STI COLLEGE BATANGAS, INC.",13.7697085,121.0654692,"88 Enriquez St., Brgy. 4, Lucena City",Lucena City,Quezon
154,"Southside Integrated School, Inc.",118,"Southside Integrated School, Inc.",13.9596673,121.3222989,"Forest Hills Rd. cor. Marcos Highway Ext., Cogeo, Antipolo City",Antipolo City,Rizal
155,ESYNERGY INTERNATIONAL INC.,116,ESYNERGY INTERNATIONAL INC.,14.4248336,120.9400011,"Sitio Silangan, Brgy. Bulakin I, Dolores, Quezon",Dolores,Quezon
156,"Rizal Marine and Technocumputer College,(RMTC) Infanta Branch, Inc.",115,"Rizal Marine and Technocumputer College,(RMTC) Infanta Branch, Inc.",14.7469297,121.6495987,"Lot 20 Block 50 SCTS Building Island View St., City Homes Resort Ville Langkaan II 4, City of Dasmariñas, Cavite",City of Dasmariñas,Cavite
157,UMA VERDE ECONATURE FARM,112,UMA VERDE ECONATURE FARM,13.9289015,121.4246794,"Purok 7, Brgy.Dambo, Pangil, Laguna",Pangil,Laguna
158,UNIVERSITY OF BATANGAS,112,UNIVERSITY OF BATANGAS,13.7548166,121.0706281,"Bldg.6, Brgy.3, Ermita F. Sario St., Paete, Laguna",Paete,Laguna
159,C & C ACADEMY INC.,111,C & C ACADEMY INC.,14.3209,120.96452,"2/F Royal Star Bldg. Gen Trias Drive, Rosario, Cavite",Rosario,Cavite
160,El Royale Hotelier Training Center Inc.,109,El Royale Hotelier Training Center Inc.,13.6222,122.2814,"2F Ilano Bldg., Nueno Ave., Imus, Cavite",Imus,Cavite
161,"SOLLIGHT (Submission, Obedience, Loyalty, Light) Inc.",109,"SOLLIGHT (Submission, Obedience, Loyalty, Light) Inc.",14.330685,120.958842,"2/F VPG Bldg. San Agustin, Trece Martirez City, Cavite",Trece Martires City,Cavite
162,"ST. BENILDE COLLEGE OF SCIENCE AND TECHNOLOGY AND ASSESSMENT CENTER (SILANG CAVITE), INC.",109,"ST. BENILDE COLLEGE OF SCIENCE AND TECHNOLOGY AND ASSESSMENT CENTER (SILANG CAVITE), INC.",14.223624,120.9741497,"2/F Lot C & D Paseo Square, Paseo de Carmona, Carmona, Cavite",Carmona,Cavite
163,SHEPHERDS AND LAMBS TRAINING INSTITUTE INC.,108,SHEPHERDS AND LAMBS TRAINING INSTITUTE INC.,14.558441,121.2107,"2/F Evangelista Bldg., Congressional Ave., GMA Cavite",Gen. Mariano Alvarez,Cavite
164,MISSION SCHOOL OF ST. MARTIN INC.,106,MISSION SCHOOL OF ST. MARTIN INC.,14.5311221,121.1568062,"203 Dr. Vivencio Ramos Barangay 3 (Pob.), Balayan, Batangas",Balayan,Batangas
165,MMLFY TRAINING AND ASSESSMENT CENTER INC.,106,MMLFY TRAINING AND ASSESSMENT CENTER INC.,14.4354493,121.4491564,"Velamart Bldg. Lot 14 Block 24 Brookside Lane, Brgy. San Francisco, General Trias, Cavite",General Trias,Cavite
166,LFS TRAINING AND ASSESSMENT CENTER INC.,105,LFS TRAINING AND ASSESSMENT CENTER INC.,14.1783099,121.3376165,"Rafael Tower 4A-4B 102 Plaza Condominium Marcos Highway, Brgy. Mayamot, Antipolo City",Antipolo City,Rizal
167,GLINOGA INTEGRATED FARM,102,GLINOGA INTEGRATED FARM,13.783235,122.08779,"238 San Jose St., San Isidro, Antipolo City, Rizal",Antipolo City,Rizal
168,SAN JUAN INSTITUTE OF TECHNOLOGY,102,SAN JUAN INSTITUTE OF TECHNOLOGY,13.83028,121.40083,"NO. 0309 UNIT 5-8, TUMBAGA 1, SARIAYA, QUEZON",Sariaya,Quezon
169,VONWELT NATURE FARM TRAINING AND ASSESSMENT CENTER INC.,101,VONWELT NATURE FARM TRAINING AND ASSESSMENT CENTER INC.,14.399484,121.470786,"SC Realty Bldg., E. Aguinaldo Hiway, Tanzang Luma III, Imus, Cavite",Imus,Cavite
170,BB AGRIVENTURES OPC,100,BB AGRIVENTURES OPC,14.1634133899352,121.631588847931,"SITIO MAYAGAY, BRGY. SAMPALOC, TANAY, RIZAL",TANAY,RIZAL
171,"FADZ CONSTRUCTION, INC.",100,"FADZ CONSTRUCTION, INC.",13.9629837,121.5243402,"9317 Mayor's Drive, Altarez Ave., Brgy. Maduya, Carmona, Cavite",Carmona,Cavite
172,JIG LIVELIHOOD TRAINING SERVICES,100,JIG LIVELIHOOD TRAINING SERVICES,13.9255177547543,121.465260842312,"Tirona Highway, Habay, Bacoor, Cavite",Bacoor,Cavite
173,SAN JUAN ASSESSMENT CENTER INC.,100,SAN JUAN ASSESSMENT CENTER INC.,14.4149361,120.9460587,"3rd Flr. Children's Mission Philippines Bldg., Rodriguez St. Corner, Rodriguez Ave., San Jose, Rodriguez, Rizal",Rodriguez,Rizal
174,SKILLED FARMING SCHOOL,100,SKILLED FARMING SCHOOL,13.915937,121.8149517,"3rd Floor JRJ Bldg. 1455 A Old National Highway Brgy. Nueva San Pedro City, Laguna",City of San Pedro,Laguna
175,VITAMIN C INTEGRATED FARM,100,VITAMIN C INTEGRATED FARM,13.9572058,122.287787,"Brgy, San Antonio, Biñan Laguna",City of Biñan,Laguna
176,GOLDEN LEAF FARM,99,GOLDEN LEAF FARM,14.44721435,121.457451021568,"72 Quezon Ave. St., Brgy. 8, Lucban, Quezon",Lucban,Quezon
177,PHILIPPINE NATIONAL DRIVING ACADEMY INC.,99,PHILIPPINE NATIONAL DRIVING ACADEMY INC.,14.30506,121.07654,"Block 70 Lot 30 Sampaguita Village-Ayala, Inocencio, Trece Martires, Cavite",Trece Martires City,Cavite
178,TRENT INFORMATION FIRST TECHNICAL CAREER INSTITUTE INC.,99,TRENT INFORMATION FIRST TECHNICAL CAREER INSTITUTE INC.,14.5658316,121.1409333,"H. Latore St., Sabang, Lipa City, Batangas",Lipa City,Batangas
179,ZION ACADEMY OF BATANGAS INC.,99,ZION ACADEMY OF BATANGAS INC.,14.0734578,120.6322736,"Pagbilao, Quezon",Pagbilao,Quezon
180,"Banahaw Technological College, Inc.",98,"Banahaw Technological College, Inc.",14.0698013,121.5722286,"Prk. Happy Valley, lbabang Dupay, Lucena City, Quezon",Lucena City,Quezon
181,MARIAN LEARNING CENTER AND SCIENCE HIGH SCHOOL INC.,96,MARIAN LEARNING CENTER AND SCIENCE HIGH SCHOOL INC.,13.9991347,121.1140966,"Units A & B Sta. Teresita Apartment, 171 Gen. Mascardo St., Poblacion 3A, City of Imus Cavite",City of Imus,Cavite
182,Mind and Integrity College Inc.,96,Mind and Integrity College Inc.,14.19504,121.11704,"Brgy. Danlagan, Padre Burgos, Quezon",Padre Burgos,Quezon
183,MICHIGAN ENGLISH ASSESSMENT INC.,94,MICHIGAN ENGLISH ASSESSMENT INC.,14.553102,121.138246,"Brgy. Talisoy, Jomalig, Quezon",Jomalig,Quezon
184,WILSAFE TRAINING CENTER CORP.,94,WILSAFE TRAINING CENTER CORP.,14.0683,121.3256,"LOT 16 BLK 14 GEN. RICARTE ST., SAN JUAN, CAINTA, RIZAL",CAINTA,RIZAL
185,SINILOAN CAREGIVER TRAINING CENTER,91,SINILOAN CAREGIVER TRAINING CENTER,14.4223538,121.4452492,"P3 B11A L7 Arnaldo Hi-way, Brookeside Lane Subd., San Francisco, Gen. Trias, Cavite",Gen. Trias,Cavite
186,Victory Elijah Christian College Inc.,91,Victory Elijah Christian College Inc.,14.621474,121.127696,"2nd Floor No. 66 Lopez St., Brgy. Ilayang Iyam, Lucena City",Lucena City,Quezon
187,Calayan Educational Foundation Inc.,90,Calayan Educational Foundation Inc.,13.921945,122.11981,"Brgy. Libjo, Batangas City, Batangas",City,Batangas
188,Coriander Culinary Academy Inc.,90,Coriander Culinary Academy Inc.,13.8176,121.133,"Brgy. Maravilla, Magdalena, Laguna",Magdalena,Laguna
189,DIGITAL RIZAL TRAINING AND ASSESSMENT CENTER INC.,90,DIGITAL RIZAL TRAINING AND ASSESSMENT CENTER INC.,14.5189613,121.1577146,"Brgy. Guihay, Lopez, Quezon",Lopez,Quezon
190,"PADACE INTERNATIONAL TRAINING AND ASSESSMENT CENTER, INC.",90,"PADACE INTERNATIONAL TRAINING AND ASSESSMENT CENTER, INC.",14.4215284,121.444412,"Club Balai Isabel Banga, Talisay, Batangas",Talisay,Batangas
191,CENTRAL RIZAL INSTITUTE OF TECHNOLOGY INC.,89,CENTRAL RIZAL INSTITUTE OF TECHNOLOGY INC.,14.590357,121.114037,"Antipolo Del Norte, Lipa City, Batangas",Lipa City,Batangas
192,ATLAS CULINARY INSTITUTE INC.,87,ATLAS CULINARY INSTITUTE INC.,14.299094,120.959321,"National Highway, Balite, Brgy. Banca-banca Victoria Laguna",Victoria,Laguna
193,CHEF'S DEN CULINARY INSTITUTE AND ASSESSMENT CENTER INC.,87,CHEF'S DEN CULINARY INSTITUTE AND ASSESSMENT CENTER INC.,14.3059221,120.967682780979,"Areza Town Center, Canlalay Biñan City, Laguna",City of Biñan,Laguna
194,D'NEW ORLEANS TRAINING CENTER PHILS. INC.,86,D'NEW ORLEANS TRAINING CENTER PHILS. INC.,14.5848634,121.1184621,F Sario St. Sta Cruz Laguna,Sta. Cruz City,Laguna
195,GOLDEN GATE COLLEGES,86,GOLDEN GATE COLLEGES,13.7567975,121.0616138,"Bucal Road, Brgy. Sisilmin, Cavinti, Laguna",Cavinti,Laguna
196,Asian Institute of Technology & Education Tiaong Campus Inc.,83,Asian Institute of Technology & Education Tiaong Campus Inc.,13.9648896,121.3214363,"Lot 1070 C-9, J. P. Laurel Highway, Lipa City, Batangas",Lipa City,Batangas
197,GOLDENHEART SKILLS TRAINING INC.,83,GOLDENHEART SKILLS TRAINING INC.,14.626088,121.128252,"A. Bonifacio St., Bgy. Bagong Sikat, Lemery, Batangas",Lemery,Batangas
198,"STAR-SKILLS,TALENT, ASSESSMENT AND REVIEW TRAINING CENTER INC.",83,"STAR-SKILLS,TALENT, ASSESSMENT AND REVIEW TRAINING CENTER INC.",14.3148704,120.9268892,"3rd Floor Has Bldg., Rodeo Drive Bel Air 2, Don Jose, Santa Rosa, Laguna",City of Santa Rosa,Laguna
199,"LACORTE MANPOWER TRAINING CENTER, INC.",82,"LACORTE MANPOWER TRAINING CENTER, INC.",13.9227237411141,121.172863123687,"National Hi-way, Brgy. Dayap, Calauan, Laguna",Calauan,Laguna
200,Van Technological and Skills Academy Inc.,79,Van Technological and Skills Academy Inc.,13.9411,121.1631,"Far East Road Piloto St VDO Compound Pantalan, Nasugbu, Batangas",Nasugbu,Batangas
201,AMAZING GRACE TECHNICAL TRAINING INSTITUTE INC.,78,AMAZING GRACE TECHNICAL TRAINING INSTITUTE INC.,14.4455446830827,120.955169858388,"TAYTAY ANGONO COASTAL ROAD BRGY MUZON, TAYTAY, RIZAL",Taytay,RIZAL
202,ST. NICOLAS GOLDEN FIELD ACADEMY INC.,78,ST. NICOLAS GOLDEN FIELD ACADEMY INC.,14.067034,121.290676,"G.A Solis St., Lipa City, Batangas",Lipa City,Batangas
203,FLOR AND DAISY'S AGRICULTURAL FARM,75,FLOR AND DAISY'S AGRICULTURAL FARM,13.96870795,121.526375207212,"#510 aqua-marine St., Magcase Ville, Brgy. Sto. Cristo, San Pablo City, Laguna",San Pablo City,Laguna
204,GENESIS COLLEGES INC.,75,GENESIS COLLEGES INC.,14.5936233,121.1933049,"109 San Marcos Street, Balian, Pangil, Laguna",Pangil,Laguna
205,HYONG YANG INSTITUTE OF TECHNOLOGY INC.,75,HYONG YANG INSTITUTE OF TECHNOLOGY INC.,13.934244,121.6134284,"GRAND CENTRAL TERMINAL, DIVERSION ROAD, ILAYANG DUPAY, LUCENA CITY",Lucena City,Quezon
206,RK'S EVENT CATERING SERVICES,75,RK'S EVENT CATERING SERVICES,14.6644103,121.6043762,"Brgy. Balian, Pangil, Laguna",Pangil,Laguna
207,"ST. DOMINIC COLLEGE OF ASIA, INC.",75,"ST. DOMINIC COLLEGE OF ASIA, INC.",14.460219,120.960364,"3/F Bose Bldg. Maharlika Highway.Brgy Kanluran, Calauan, Laguna",Calauan,Laguna
208,"GRAND RIDGE INSTITUTE FOR BAKING, INC.",74,"GRAND RIDGE INSTITUTE FOR BAKING, INC.",13.76667,121.2,"Antero Soriano Highway, Daang Amaya I, Tanza, Cavite",Tanza,Cavite
209,"JMAC TRAINING AND ASSESSMENT CENTER, INC.",74,"JMAC TRAINING AND ASSESSMENT CENTER, INC.",14.431304,120.937516,"B'Bros Bldg., Sitio Bigaan, Brgy. Mamala, Sampaloc, Quezon",Sampaloc,Quezon
210,LIPA CITY COLLEGES ,74,LIPA CITY COLLEGES ,13.939956,121.162169,"#10 Tindalo St., Town & Country Executive Village, Antipolo",Antipolo City,Rizal
211,BINANGONAN CATHOLIC COLLEGE INC.,73,BINANGONAN CATHOLIC COLLEGE INC.,14.4619364,121.1925539,"359 Nat'l Highway, Poblacion San Pedro, Laguna",City of San Pedro,Laguna
212,ELPEEDA SKILLS CENTRE INC.,73,ELPEEDA SKILLS CENTRE INC.,13.8701,122.2824,"03 Naval St., Malaya, Pililla, Rizal",Pililla,Rizal
213,Digital Communication and Technological College Inc.,72,Digital Communication and Technological College Inc.,13.780007,122.293543,"B6 L4 Southpoint Subdivision, Pulo-Diezmo Road, Cabuyao, Laguna",Cabuyao,Laguna
214,NEW GENERATION EXPERTS TRAINING AND ASSESSMENT CENTER INC.,72,NEW GENERATION EXPERTS TRAINING AND ASSESSMENT CENTER INC.,14.2886211973791,120.867299720337,"BCWD Access Rd., Alangilan, Batangas City, Batangas",City,Batangas
215,AIRSMART FLIGHT ATTENDANT INSTITUTE OF GLOBAL CAREER INC.,71,AIRSMART FLIGHT ATTENDANT INSTITUTE OF GLOBAL CAREER INC.,14.36456675,121.056328188058,"#27 Del Rosario Compound, Banay-Banay, Cabuyao City, Laguna",Cabuyao City,Laguna
216,"GRABSUM School, Inc.",71,"GRABSUM School, Inc.",13.9463205,121.429666398868,"260 J.P. Rizal St., Pila, Laguna",Pila,Laguna
217,"DON BOSCO TVET CENTER - CALAUAN, INC.",70,"DON BOSCO TVET CENTER - CALAUAN, INC.",14.1783099,121.3376165,"Brgy. San Jose, Antipolo City, Rizal",Antipolo City,Rizal
218,EMME INSTITUTE OF TECHNOLOGY INC.,70,EMME INSTITUTE OF TECHNOLOGY INC.,14.218441,121.116038,"Purok Kamansi, Brgy. Gumian, Infanta, Quezon",Infanta,Quezon
219,INFINITY VOCATIONALTRAINING SCHOOL INC.,70,INFINITY VOCATIONALTRAINING SCHOOL INC.,14.386013,120.8802597,"Brgy. Banilad, Nagcarlan, Laguna",Nagcarlan,Laguna
220,ZEYEN FARMING SCHOOL,70,ZEYEN FARMING SCHOOL,14.131351,121.995625,"Bolbok, Batangas City, Batangas",City,Batangas
221,"NATIONAL COLLEGE OF SCIENCE AND TECHNOLOGY INSTITUTE OF INDUSTRIAL RESEARCH AND TRAINING-DASMARIÑAS, CAVITE, INC.",69,"NATIONAL COLLEGE OF SCIENCE AND TECHNOLOGY INSTITUTE OF INDUSTRIAL RESEARCH AND TRAINING-DASMARIÑAS, CAVITE, INC.",14.264627,120.968743,"#25 Camagong Street., Matalatala, Mabitac, Laguna",Mabitac,Laguna
222,SIEGA CAREER TRAINING CENTER INC.,69,SIEGA CAREER TRAINING CENTER INC.,14.2082676,121.1168873,"Brgy. Punta, Jalajala",Jala-jala,Quezon
223,"LAGUNA INSTITUTE OF TECHNOLOGY BIÑAN, LAGUNA INC.",68,"LAGUNA INSTITUTE OF TECHNOLOGY BIÑAN, LAGUNA INC.",14.367751,121.051072,"Korte Rosario Road, Ilog Pugad, Brgy. San Juan, Taytay, Rizal",Taytay,Rizal
224,St. Augustine School of Nursing Lucena City. Inc.,68,St. Augustine School of Nursing Lucena City. Inc.,13.9365908492106,121.61352792288,"Brgy. San Nicolas, Macalelon, Quezon",Macalelon,Quezon
225,3BO INSTITUTE OF TECHNICAL EDUCATION INC.,67,3BO INSTITUTE OF TECHNICAL EDUCATION INC.,13.97737,120.812807,"#9018 EPZA Diversion Road, Magdalo (Putol), Kawit, Cavite",Kawit,Cavite
226,ACCESS DATA QUALITY TRAINING CENTER INC.,67,ACCESS DATA QUALITY TRAINING CENTER INC.,13.7558718,121.0584755,"Seliona -Liz Bldg. National Hiway San Cristobal, Calamba City",City of Calamba,Laguna
227,Aceba Science & Tech.Institute (ASTI) Inc.,67,Aceba Science & Tech.Institute (ASTI) Inc.,14.0259,121.5929,"111 First Street, San Martin Subdivision, Brgy. San Isidro, Angono, Rizal",Angono,Rizal
228,AFQ WELDTEK INC.,67,AFQ WELDTEK INC.,14.47445,120.893405,"Old NIA Road, Brgy. Bayanan, Bacoor, Cavite",Bacoor,Cavite
229,FIRST GLOBAL TRAINING AND ASSESSMENT CENTER CORP.,67,FIRST GLOBAL TRAINING AND ASSESSMENT CENTER CORP.,14.3979544041202,120.974485309921,"184 Brgy. Batuhan, Famy, Laguna",Famy,Laguna
230,INDUSTRY-TECHNOLOGY TRAINING AND ASSESSMENT CENTER CORP.,67,INDUSTRY-TECHNOLOGY TRAINING AND ASSESSMENT CENTER CORP.,13.940191,120.725459,"No. 408 Sumulong Site, San Jose (Pob.), Morong, Rizal",Morong,Rizal
231,JAYCOM TRAINING AND ASSESSMENT CENTER INC.,67,JAYCOM TRAINING AND ASSESSMENT CENTER INC.,14.261269,120.872233,"Km. 108 Brgy. Castillo, Padre, Garcia, Batangas",Garcia,Batangas
232,"SBG TRAINING CENTER, INC.",67,"SBG TRAINING CENTER, INC.",14.2804842698885,121.120677097661,"South Expressway cor, Magsaysay Rd. Brgy San Antonio, San Pedro, Laguna",City of San Pedro,Laguna
233,ENCARNACION FARM,65,ENCARNACION FARM,14.0170009,121.4016469,"MSTC Camia St., Purok 6, Lodlod, Lipa City, Batangas",Lipa City,Batangas
234,GOKONGWEI BROTHERS FOUNDATION INC.,65,GOKONGWEI BROTHERS FOUNDATION INC.,14.19504,121.11704,"Brgy. Ibabang Dupay, Lucena City",Lucena City,Quezon
235,IMUS COMPUTER COLLEGE,64,IMUS COMPUTER COLLEGE,14.4025215,120.8607923,"Amafel Bldg., Aguinaldo Hi-way, Dasmariñas, Cavite",Dasmariñas,Cavite
236,"INTEGRICARE TRAINING INSTITUTE, INC.",62,"INTEGRICARE TRAINING INSTITUTE, INC.",13.9484617,121.5256013,"Amafel bldg., Aguinaldo Highway, Dasmariñas, Cavite",Dasmariñas,Cavite
237,"MACHJO VOCATIONAL TRAINING CENTER AND COMPUTER SERVICES, INC. ",62,"MACHJO VOCATIONAL TRAINING CENTER AND COMPUTER SERVICES, INC. ",14.1461629358377,121.314013558925,"#8 G. Paz St., Sitio Combo, Brgy. Hulo, Pililla, Rizal",Pililla,Rizal
238,DIVINE GRACE TRAINING AND ASSESSMENT CENTER INC.,61,DIVINE GRACE TRAINING AND ASSESSMENT CENTER INC.,14.7288252247998,121.139463017158,"0216 Purok 3, Brgy. San Agustin, Trece Martires City, Cavite",Trece Martires City,Cavite
239,DMMC INSTITUTE OF HEALTH SCIENCES,61,DMMC INSTITUTE OF HEALTH SCIENCES,14.0809859,121.1535653,"National Highway, Tagapo, Santa Rosa City, Laguna",City of Santa Rosa,Laguna
240,MNP INSTITUTE OF SCIENCE AND TECHNOLOGY INC.,61,MNP INSTITUTE OF SCIENCE AND TECHNOLOGY INC.,14.5115,121.2393,"Brgy. Bukal Sur, National Highway, Candelaria, Quezon",Candelaria,Quezon
241,MK MARITIME TRAINING CENTER INC.,59,MK MARITIME TRAINING CENTER INC.,14.41854,120.97184,"2F IBC Bldg. Don P. Campos Ave., Brgy. Zone IV, Dasmariñas, Cavite",Dasmariñas,Cavite
242,"VRRG MANPOWER TRAINING CENTER, INC.",59,"VRRG MANPOWER TRAINING CENTER, INC.",13.684089,121.113811,"A. Mabini Avenue Barangay Sambat Tanauan City, Batangas",Tanauan,Batangas
243,TOMAS CLAUDIO MEMORIAL COLLEGE,57,TOMAS CLAUDIO MEMORIAL COLLEGE,14.5238305,121.235067758456,"Brgy. San Francisco A, Lopez, Quezon",Lopez,Quezon
244,CABUYAO INTEGRATED NATIONAL HIGH SCHOOL,56,CABUYAO INTEGRATED NATIONAL HIGH SCHOOL,14.2795538,121.1235712,"Knowledge Ave. Carmeltown, Canlubang, Calamba City, Laguna",Calamba City,Laguna
245,MALAYA AF TECHNICAL TRAINING CENTER INC,56,MALAYA AF TECHNICAL TRAINING CENTER INC,14.3972849,121.3356023,"Brgy. San Antonio, Kalayaan, Laguna",Kalayaan,Laguna
246,"C HEO TRAINING AND ASSESSMENT CENTER, INC.",53,"C HEO TRAINING AND ASSESSMENT CENTER, INC.",13.8464328,121.0881879,"Brgy. Polo, Mauban, Quezon",Mauban,Quezon
247,CHAD'S NATURE FARM,53,CHAD'S NATURE FARM,13.9602142,121.1145259,"Olivarez Plaza, Aguinaldo Hi-way Brgy. San Jose, Tagaytay City, Cavite",Tagaytay City,Cavite
248,OUR LADY OF ASSUMPTION COLLEGE OF LAGUNA INC.,53,OUR LADY OF ASSUMPTION COLLEGE OF LAGUNA INC.,14.343874,121.041325,"Brgy. Muliguin, Unisan, Quezon",Unisan,Quezon
249,"IMUS COMPUTER COLLEGE, INC. - TRECE",52,"IMUS COMPUTER COLLEGE, INC. - TRECE",14.28323,120.86766,"Brgy. Kanlurang Mayao, Lucena City",Lucena City,Quezon
250,"INFOTECH COLLEGE OF ARTS & SCIENCES PHILIPPINES, INC.",52,"INFOTECH COLLEGE OF ARTS & SCIENCES PHILIPPINES, INC.",14.58639,121.17528,"Villa Olympia, San Vicente, San Pedro, Laguna",City of San Pedro,Laguna
251,TAAL MARANAN'S FARMVILLE INC.,52,TAAL MARANAN'S FARMVILLE INC.,13.8801657,120.9233352,"Sitio Curba, Brgy. Castañas, Sariaya, Quezon",Sariaya,Quezon
252,ASIAN COLLEGE OF COMPUTER AND MARITIME STUDIES (ACCMS) INC.,51,ASIAN COLLEGE OF COMPUTER AND MARITIME STUDIES (ACCMS) INC.,13.5921305,122.3212059,"1 Citihub Robinsons Access Rd., Marrick Subd., Santo Domingo, Cainta, Rizal",Cainta,Rizal
253,D'CONSTANTINOS FARM CORP.,51,D'CONSTANTINOS FARM CORP.,14.2741589,120.7350728,"10 M.Pandeno St., WAP Bldg., Brgy. Pandeno, Siniloan, Laguna",Siniloan,Laguna
254,ACEBA SCIENCE & TECH. INSTITUTE (ASTI) INC.,50,ACEBA SCIENCE & TECH. INSTITUTE (ASTI) INC.,14.1900544,121.7314732,"224 2nd Pagsanjan Medical Clinic Compound, P. Caballes St., Sampaloc Fourth District, Pagsanjan, Laguna",Pagsanjan,Laguna
255,BEEGOOD AGRICULTURAL LEARNING CENTER,50,BEEGOOD AGRICULTURAL LEARNING CENTER,13.87425525,121.3589746,"Brgy. Soledad, Mauban Quezon",Mauban,Quezon
256,"BWEST College (Boater's Wheel Educational System and Technology), Inc.",50,"BWEST College (Boater's Wheel Educational System and Technology), Inc.",13.780007,122.293543,"Gabaldon Bldg., Timugan, Los Baños, Laguna",Los Baños,Laguna
257,COLEGIO DE SAN CLEMENTE,50,COLEGIO DE SAN CLEMENTE,14.5258481,121.1529683,"Block 19 Purok 3 Mapagkumbaba St., Lupang Arenda, Sta. Ana, Taytay, Rizal",Taytay,Rizal
258,JHEURIS CAKES AND PASTRIES SHOP,50,JHEURIS CAKES AND PASTRIES SHOP,13.9770341,121.6610514,"Pantay Quatro, Sitio Buhangin, Teresa, Rizal",Teresa,Rizal
259,OMAÑA FARM CORPORATION,50,OMAÑA FARM CORPORATION,13.8393046,121.9763634,"Blk 3 Lot 7 Southville Commercial, Sto. Tomas, Biñan, Laguna",City of Biñan,Laguna
260,ST. GABRIEL COLLEGE OF TECHNOLOGY AND ASSESSMENT CENTER INC.,50,ST. GABRIEL COLLEGE OF TECHNOLOGY AND ASSESSMENT CENTER INC.,13.780007,122.293543,"Areza Town Center, Nat'l Highway, Brgy. Canlalay, Biñan, Laguna",City of Biñan,Laguna
261,ST. HONORE ACADEMY INC.,50,ST. HONORE ACADEMY INC.,13.9289015,121.4246794,"Blk. 7 Lot 18 Apollo Drive, Grand Valley Phase II, Mahabang Parang, Angono, Rizal",Angono,Rizal
262,AB TECHNICAL TRAINING AND ASSESSMENT CENTER INC.,49,AB TECHNICAL TRAINING AND ASSESSMENT CENTER INC.,14.62245,121.1253,"Unit 6 & 7 Michael Commercial Complex2, Brgy. Paliparan 1, Dasmariñas, Cavite",Dasmariñas,Cavite
263,ATHENA ACADEME INC.,49,ATHENA ACADEME INC.,14.5230977,121.1462708,"Prime Concept Bldg., National Highway, Duhat, Santa Cruz, Laguna",Sta. Cruz City,Laguna
264,JC INSTITUTE FOR TRAINING AND ASSESSMENT CENTER INC.,49,JC INSTITUTE FOR TRAINING AND ASSESSMENT CENTER INC.,13.9411,121.1631,"255 Ph1 Javalera Village, Bgry. Javalera, Gen. Trias, Cavite",Gen. Trias,Cavite
265,THE GOAL VENTURE TRAINING AND ASSESSMENT CENTER CORPORATION,49,THE GOAL VENTURE TRAINING AND ASSESSMENT CENTER CORPORATION,14.4012163,120.8580466,"EM Arcade 1, Unit 2 E. National Hi Way, Poblacion City of San Pedro, Laguna",City of San Pedro,Laguna
266,"WESTBRIDGE INSITUTE OF TECHNOLOGY, INC.",49,"WESTBRIDGE INSITUTE OF TECHNOLOGY, INC.",14.679054,121.112463,"2ND FLR. SERV 2, 0067 M.L. TAGARAO ST., BRGY. 3, LUCENA CITY",Lucena City,Quezon
267,AD OMNIPOTENCE TRAINING AND ASSESSMENT CENTER INC.,48,AD OMNIPOTENCE TRAINING AND ASSESSMENT CENTER INC.,13.8619782,120.6340857,"Brgy. 039, Tres Cruses, Tanza, Cavite",Tanza,Cavite
268,Calamba Doctors' College,48,Calamba Doctors' College,14.21756,121.13041,"Grand Garden Villas Head Office, First Cavite Industrial Estate (FCIE) Compound, Brgy. Langkaan I, Dasmariñas City, Cavite",Dasmariñas City,Cavite
269,GLEAMS TRAINING AND ASSESSMENT CENTER INC.,48,GLEAMS TRAINING AND ASSESSMENT CENTER INC.,13.7558718,121.0584755,"Club Manila East Compound, San Juan, Taytay, Rizal",Taytay,Rizal
270,LUZONIAN CENTER OF EXCELLENCE FOR SCIENCE AND TECHNOLOGY (LCEST) INC.,48,LUZONIAN CENTER OF EXCELLENCE FOR SCIENCE AND TECHNOLOGY (LCEST) INC.,12.150645,124.452231,"Olan's Place, Brgy. Marawoy, Lipa City, Batangas",Lipa City,Batangas
271,SINILOAN LFEYM TRAINING AND ASSESSMENT CENTER INC.,47,SINILOAN LFEYM TRAINING AND ASSESSMENT CENTER INC.,14.4187302,121.445727,"Brgy. Paliparan II, Dasmariñas, Cavite",Dasmariñas,Cavite
272,"WORLD CITI COLLEGES-ANTIPOLO, INC.",47,"WORLD CITI COLLEGES-ANTIPOLO, INC.",14.5264799,121.1539792,"Rosal St., Brgy Uno, Crossing, Calamba City, Laguna",Calamba City,Laguna
273,ACADEMIA DE LIPA CITY INC.,46,ACADEMIA DE LIPA CITY INC.,13.9425757,121.16796885287,"Lot 19469, Cad-452-D, Brgy. Biga I, Silang, Cavite",Silang,Cavite
274,BLANCAFLOR LEISURE FARM,46,BLANCAFLOR LEISURE FARM,13.9602142,121.1145259,"Sitio Yapak, Brgy. Lagundi, Morong",Morong,Rizal
275,QUALITY LIFELONG LEARNING INSTITUTE,46,QUALITY LIFELONG LEARNING INSTITUTE,14.52727,121.254452,"Brgy. Silangang Malicboy, Pagbilao, Quezon",Pagbilao,Quezon
276,"E. ZOBEL FOUNDATION, INC.",45,"E. ZOBEL FOUNDATION, INC.",13.87429885,120.6253109,"brgy. bayongon, sampaloc, quezon",sampaloc,quezon
277,PTC PALIPARAN,45,PTC PALIPARAN,14.3209,120.96452,"1282 Sunset Drive, Brookside Hills Subd., San Isidro, Cainta, Rizal",Cainta,Rizal
278,TERRAPEDRITO FARM,45,TERRAPEDRITO FARM,13.931582,121.450583,"P. Herrera St., Batangas City, Batangas",Batangas City (Capital),Batangas
279,ZYMONN AULSTEIN COLLEGES OF THE PHILIPPINES INC.,45,ZYMONN AULSTEIN COLLEGES OF THE PHILIPPINES INC.,14.4012163,120.8580466,"04 National Road, Sitio Paglabas, Brgy. San Pedro, Morong, Rizal",Morong,Rizal
280,FADZ CONSTRUCTION INCORPORATION,44,FADZ CONSTRUCTION INCORPORATION,13.9525237,120.7218289,"Brgy. San Nicolas II, Bacoor City, Cavite",Bacoor City,Cavite
281,AGRISKWELA INSTITUTE OF THE PHILIPPINES INC.  ,43,AGRISKWELA INSTITUTE OF THE PHILIPPINES INC.  ,14.2741589,120.7350728,"Block 2 Lot 25 St. Matthews Subdivision, Banaybanay, Lipa City, Batangas",Lipa City,Batangas
282,HOLY DELIVERANCE INSTITUTE FOR TECHNICAL SKILLS DEVELOPMENT INC.,43,HOLY DELIVERANCE INSTITUTE FOR TECHNICAL SKILLS DEVELOPMENT INC.,14.5383499,121.1473062,"Joglee Bldg., Yuico St., Tanay, Rizal",Tanay,Rizal
283,KAFEI TAN TRAINING INSTITUTE INC.,43,KAFEI TAN TRAINING INSTITUTE INC.,13.9363105,121.6049589,"San Marcos St., Brgy. Ilog, infanta Quezon",Infanta,Quezon
284,"THE BEARER OF LIGHT AND WISDOM COLLEGES, INC.",43,"THE BEARER OF LIGHT AND WISDOM COLLEGES, INC.",14.397306,120.977883,"RPTESDC-Binangonan, Municipal Compound, Barangay Calumpang, Binangonan Rizal",Binangonan,Rizal
285,INNOVATECH SKILLS & RESOURCE INSTITUTE INC.,42,INNOVATECH SKILLS & RESOURCE INSTITUTE INC.,14.5908947162271,121.177243988268,"CAINTA MUNICIPAL COMPOUND, A. BONIFACIO AVE., CAINTA RIZAL",Cainta,Rizal
286,SEHALIAH AGRICULTURAL FARM,42,SEHALIAH AGRICULTURAL FARM,14.2483934,120.8866948,"Purok Ilang-ilang A, Poblacion 1, Real, Quezon",Real,Quezon
287,CAVITE SCHOOL OF ST. MARK,41,CAVITE SCHOOL OF ST. MARK,14.41854,120.97184,"Brgy. Sta.Maria, Caluag, Quezon",Caluag,Quezon
288,UNIVERSITY OF PERPETUAL HELP SYSTEM DALTA,41,UNIVERSITY OF PERPETUAL HELP SYSTEM DALTA,14.4003406,120.96722766477,"Km 52, Lalaan 2, Silang Cavite",Silang,Cavite
289,MARSDESIGN SUPPLY AND BUILDING CONSTRUCTION,40,MARSDESIGN SUPPLY AND BUILDING CONSTRUCTION,14.70638,121.61625,"Brgy. Santa Clara Sur, Pila, Laguna",Pila,Laguna
290,OLIVAREZ COLLEGE - TAGAYTAY INC.  ,40,OLIVAREZ COLLEGE - TAGAYTAY INC.  ,14.10594,120.93372,"Brgy. Marawoy, Lipa City, Batangas",Lipa City,Batangas
291,SERVITECH INSTITUTE ASIA INC.,40,SERVITECH INSTITUTE ASIA INC.,14.3355806,121.0307468,"Maharlika Highway, San Antonio, Sto. Tomas, Batangas",Sto. Tomas,Batangas
292,ICCT COLLEGES FOUNDATION INC,39,ICCT COLLEGES FOUNDATION INC,14.6262067,121.1667568,"2/F Brgy. Hall, Brgy. Marawoy, Lipa City, Batangas",Lipa City,Batangas
293,"MOCA FAMILY FARM RLEARNING CENTER, INC.",38,"MOCA FAMILY FARM RLEARNING CENTER, INC.",13.8841098,121.2692946,"96 Bayanan, Bacoor City, Cavite",Bacoor City,Cavite
294,PAARALAN NG KASANAYAN AT KAALAMAN TRAINING INC.,38,PAARALAN NG KASANAYAN AT KAALAMAN TRAINING INC.,14.5780161,121.1163072,"Nat'l Hi-way Sta. Clara Sur, Pila, Laguna",Pila,Laguna
295,Pambayang Kolehiyo ng Mauban,38,Pambayang Kolehiyo ng Mauban,14.1900544,121.7314732,"National Highway, Balibago, Sta. Rosa City, Laguna",City of Santa Rosa,Laguna
296,GENESIS CHILDREN'S GROWTH ACADEMY CORPORATION,37,GENESIS CHILDREN'S GROWTH ACADEMY CORPORATION,14.593698,121.193287,"48 Better Life Subdivision, Brgy. Tanzang Luma 3, Imus, Cavite",Imus,Cavite
297,LAGUNA SINO-FILIPINO EDUCATIONAL FOUNDATION,37,LAGUNA SINO-FILIPINO EDUCATIONAL FOUNDATION,14.2838159,121.4140287,"Brgy. Mabalanoy, San Juan, Batangas",San Juan,Batangas
298,DREAM NATURE FARM,36,DREAM NATURE FARM,14.2434874,121.446314144661,"Crismor Ave., Elvinda Village, Brgy. Fatima, San Pedro, Laguna",City of San Pedro,Laguna
299,JATAKAMNA FOOD TRADING,36,JATAKAMNA FOOD TRADING,14.112863,121.558214,"Elvinda Village, San Pedro",City of San Pedro,Laguna
300,RUBIAL TECHNICAL TRAINING CENTER,36,RUBIAL TECHNICAL TRAINING CENTER,14.1080789505916,121.14703012632,"BSRV-1 Brgy. Tagapo, City of Santa Rosa, Laguna",City of Santa Rosa,Laguna
301,"TECHNOVATIVE TRAINING CENTER, INC.",36,"TECHNOVATIVE TRAINING CENTER, INC.",14.3639435,121.056771,"Marich Subdivision, Sariaya, Quezon",Sariaya,Quezon
302,NYLOVE FARM,35,NYLOVE FARM,14.3276464,121.4798659,"3rd Floor Margarita Commercial Center, Mariquita Pueblo, Brgy. Dita, City of Santa Rosa, Laguna",City of Santa Rosa,Laguna
303,LEON SCHOOL OF TECHNOLOGY INC.,34,LEON SCHOOL OF TECHNOLOGY INC.,14.263715,121.0750933,"NIA Road, Brgy. San Isidro, Cabuyao City, Laguna",Cabuyao City,Laguna
304,MARIWSKA INTEGRATED FARM,34,MARIWSKA INTEGRATED FARM,14.6522332530258,121.245922425578,"2F THAN-THAN BUILDING J. BELEN STREET POBLACION, ROSARIO, BATANGAS",Rosario,Batangas
305,STI COLLEGE - ROSARIO CAVITE,34,STI COLLEGE - ROSARIO CAVITE,14.4025215,120.8607923,"48 G Marella St., Taal, Batangas",Taal,Batangas
306,TOYOTA MOTOR PHILS SCHOOL OF TECHNOLOGY,34,TOYOTA MOTOR PHILS SCHOOL OF TECHNOLOGY,14.267228,121.079232,"Brgy . Lutucan, Sariaya, Quezon",Sariaya,Quezon
307,"COMMSYS ADVANCED SOLUTIONS, INC.",33,"COMMSYS ADVANCED SOLUTIONS, INC.",13.780007,122.293543,"Purok 3 Dulong Ibaba, Brgy. Pangil, Conchu Rd. Amadeo, Cavite",Amadeo,Cavite
308,MASAGANANG BUKID,33,MASAGANANG BUKID,14.121554,121.402385,"Poblacion 2, Sto. Tomas, Batangas",Sto. Tomas,Batangas
309,"ANGONO CATHOLIC COLLEGE, INC.",32,"ANGONO CATHOLIC COLLEGE, INC.",14.5258481,121.1529683,"162 Magsaysay Ave., Purok II, Brgy. Magsaysay, San Pedro, Laguna",City of San Pedro,Laguna
310,ATIMONAN INSTITUTE INC.,32,ATIMONAN INSTITUTE INC.,13.9989442,121.9208446,"LOT6 BLOCK4 ST. MARY ST.,BROOKSIDE HILLS SUBD., CAINTA, RIZAL",Cainta,Rizal
311,"BEATITUDES TECHNOLOGICAL AND THEOLOGICAL COLLEGE IMUS, CAVITE INC.  ",32,"BEATITUDES TECHNOLOGICAL AND THEOLOGICAL COLLEGE IMUS, CAVITE INC.  ",14.3910214,120.9408125,"Corazon Aquino (formerly J Sumulong) Ave., Sitio Bulak, Brgy. Bagumbayan, Teresa, Rizal",Teresa,Rizal
312,"SAN ANTONIO DE PADUA COLLEGE FOUNDATION OF PILA, LAGUNA, INC.",32,"SAN ANTONIO DE PADUA COLLEGE FOUNDATION OF PILA, LAGUNA, INC.",14.192391,121.396973,"Brgy. Anos, Tayabas City, Quezon",Tayabas City,Quezon
313,GATEWAYS INSTITUTE OF SCIENCE & TECHNOLOGY,31,GATEWAYS INSTITUTE OF SCIENCE & TECHNOLOGY,14.6220648333264,121.16768378573,"151 Don Bosco St., Mayapa, Calamba City, Laguna",Calamba City,Laguna
314,RESOURCES EDUCATION VOCATIONAL INSTRUCTION LIVELIHOOD LEARNING ACADEMIC (REVILLA) CENTER,31,RESOURCES EDUCATION VOCATIONAL INSTRUCTION LIVELIHOOD LEARNING ACADEMIC (REVILLA) CENTER,14.41854,120.97184,"Brgy. Dagatan, Liliw, Laguna",Liliw,Laguna
315,"WORKONNECT LEARNING CENTER, INC.",31,"WORKONNECT LEARNING CENTER, INC.",14.319841927041,121.112386681203,"G. Redor St. Siniloan, Laguna",Siniloan,Laguna
316,ACETAC INSTITUTE OF TECHNOLOGY INC.,30,ACETAC INSTITUTE OF TECHNOLOGY INC.,14.58639,121.17528,"J.P RIZAL ST. SINILOAN, LAGUNA",Siniloan,Laguna
317,JOMALIG INTEGRATED FARM,30,JOMALIG INTEGRATED FARM,14.69609045,122.33055511975,"Bayanihan Street, Barangay 1 (Pob.), Lucban Quezon",Lucban,Quezon
318,MSTC MULTI SKILLED TECHNICAL CORPORATION,29,MSTC MULTI SKILLED TECHNICAL CORPORATION,13.946703,121.132362,"Boystown, Brgy. Adlas, Silang, Cavite",Silang,Cavite
319,(S.J.B.) SAINT JOHN BOSCO I.A.S. INC.,28,(S.J.B.) SAINT JOHN BOSCO I.A.S. INC.,14.5258481,121.1529683,"Brgy. Biga II, Silang, Cavite",Silang,Cavite
320,CALAMBA MANPOWER DEVELOPMENT CENTER - ANNEX,28,CALAMBA MANPOWER DEVELOPMENT CENTER - ANNEX,14.2157535,121.1825317,"SPI Bldg., M. L. Quezon Avenue, Antipolo",Antipolo City,Rizal
321,HAR HAKARMEL INTEGRATED FARM,27,HAR HAKARMEL INTEGRATED FARM,13.9382014,120.7294838,"Brgy. San Isidro, Padre Burgos, Quezon",Padre Burgos,Quezon
322,"SISTERS OF MARY TECHNICAL EDUCATION INSTITUTE CAVITE, INC.-Boystown ",27,"SISTERS OF MARY TECHNICAL EDUCATION INSTITUTE CAVITE, INC.-Boystown ",14.21789,120.980202,"Brgy. Binahaan, Pagbilao, Quezon",Pagbilao,Quezon
323,FUTURE MINDS FOR BUSINESS AND LEARNING INC. OPERATING UNDER THE NAME OF PACE TECHNOLOGY AND ARTS,26,FUTURE MINDS FOR BUSINESS AND LEARNING INC. OPERATING UNDER THE NAME OF PACE TECHNOLOGY AND ARTS,14.5778472,121.1180953,"Brgy. Palanas, Lemery, Batangas",Lemery,Batangas
324,GINTONG BUKID FARM & LEISURE,26,GINTONG BUKID FARM & LEISURE,14.1365862,121.412739,"National Highway, Sitio Laguerta, Barangay 1 (Pob.), Calaca, Batangas",Calaca,Batangas
325,HI-GEAR TECHNICAL LEARNING CENTER INC.,26,HI-GEAR TECHNICAL LEARNING CENTER INC.,14.4985359,121.2856331,"KM. 13, BRGY. KAPATALAN, SINILOAN, LAGUNA",Siniloan,Laguna
326, Philtech Institute of Arts and Technology Inc ,25, Philtech Institute of Arts and Technology Inc ,13.9212311,122.1005865,"Km 13 Barangay Kapatalan, Siniloan, Laguna",Siniloan,Laguna
327,"ARMA COLLEGE OF TECHNOLOGY, TRAINING AND ASSESSMENT CENTER INC.",25,"ARMA COLLEGE OF TECHNOLOGY, TRAINING AND ASSESSMENT CENTER INC.",14.586984,121.171988,"Blk-77 Lot-13 Ph2, Paliparan III, Dasmariñas City, Cavite",Dasmariñas City,Cavite
328,GOLDEN HERON POULTRY FARM,25,GOLDEN HERON POULTRY FARM,13.8393046,121.9763634,"Lot 1 & 3, Block 38, Laurente Ave., Brgy. Bernardo Pulido, Gen. Mariano Alvarez",Gen. Mariano Alvarez,Cavite
329,IDA VITA CORPORATION,25,IDA VITA CORPORATION,14.016105,121.400782,"Southville Subd. Brgy. Lusacan, Tiaong, Quezon",Tiaong,Quezon
330,"SAINT FRANCIS OF ASSISI COLLEGE OF CAVITE, INC.",25,"SAINT FRANCIS OF ASSISI COLLEGE OF CAVITE, INC.",14.431137,120.968538,"Brgy. Binahaan, Pagblilao, Quezon",Pagblilao,Quezon
331,SHINJHEW AGRICULTURAL LEARNING CENTER,25,SHINJHEW AGRICULTURAL LEARNING CENTER,14.0137916293119,121.543427109166,"Diversion Road Brgy. Gulang-Gulang, Lucena City",Lucena City,Quezon
332,SIR JUICY JERRY PROJECTS EVENTS MANAGEMENT SERVICES,25,SIR JUICY JERRY PROJECTS EVENTS MANAGEMENT SERVICES,14.1163273,121.5573598,"Carlos City Center Enriquez cor. Tagarao St., Brgy. 4, Lucena City",Lucena City,Quezon
333,TRIPLE'R AM FRIENDNERSHIP MASSAGE SERVICES,25,TRIPLE'R AM FRIENDNERSHIP MASSAGE SERVICES,13.780007,122.293543,"50 KM. AGUINALDO HIGHWAY,LALAAN II, SILANG, CAVITE",Silag,Cavite
334,XAVIER TECHNICAL TRAINING CENTER CORP,25,XAVIER TECHNICAL TRAINING CENTER CORP,14.58518860225,121.178057096671,"St. Dominic Complex E. Aguinaldo Highway, Talaba, Bacoor, Cavite",Bacoor,Cavite
335,CAGANDAHAN SKILLS DEVELOPMENT INC.,24,CAGANDAHAN SKILLS DEVELOPMENT INC.,14.3641222,121.4815784,"2nd Floor H.R. Bldg., Quezon Avenue corner Gomez St., Brgy. 4, Lucena City",Lucena City,Quezon
336,CENTRIC TRAINING & ASSESSMENT CENTER INC.,24,CENTRIC TRAINING & ASSESSMENT CENTER INC.,14.4290116,120.9365911,"Purok 4, Mangilag Sur, Candelaria, Quezon",Candelaria,Quezon
337,JS DUREZA TECHNICAL AND VOCATIONAL SCHOOL INC.,24,JS DUREZA TECHNICAL AND VOCATIONAL SCHOOL INC.,14.5766647,121.1261754,"2nd Floor Chateau de Marinero Bldg., Purok Ilang-Ilang, Brgy. Comon, Infanta, Quezon",Infanta,Quezon
338,NEWTON SCIENCE SCHOOL INC.,24,NEWTON SCIENCE SCHOOL INC.,13.881094,121.376126,"3rd Floor IBC Building., Don P. Campos Ave., Brgy. Zone IV, City of Dasmariñas, Cavite",City of Dasmariñas,Cavite
339,"WEST8 INSTITUTE OF TECHNICAL SKILLS, INC.",24,"WEST8 INSTITUTE OF TECHNICAL SKILLS, INC.",14.574525,121.125495,"3rd Floor Pagkatipunan Bldg., Profugo cor. Merchan Sts., Brgy. 6, Lucena City",Lucena City,Quezon
340,AGRIE'S INTEGRATED NATURAL FARM,23,AGRIE'S INTEGRATED NATURAL FARM,14.1996471,121.4292603,"Maharlika Highway, Brgy. San Nicolas, San Pablo City.",San Pablo City,Laguna
341,BARELIFE WELLNESS SPA CORPORATION,23,BARELIFE WELLNESS SPA CORPORATION,14.5878608,121.1255059,"Brgy. Banay Banay, Cabuyao, Laguna",Cabuyao,Laguna
342,REY AND MARICAR TRAINING AND ASSESSMENT CENTER INC.,23,REY AND MARICAR TRAINING AND ASSESSMENT CENTER INC.,14.408872,121.043963,"Poblacion, Agoncillo Batangas",Agoncillo,Batangas
343,ST. MICHAEL TVET TRAINING AND ASSESSMENT CENTER INC.,23,ST. MICHAEL TVET TRAINING AND ASSESSMENT CENTER INC.,13.934981418656,121.614049419728,"Manuel L. Quezon St.,Poblacion 1, Real. Quezon",Real,Quezon
344,CALUNGSOD INTEGRATED FARM,22,CALUNGSOD INTEGRATED FARM,13.96464525,121.352702068881,"4th Floor Annex GB Caldo Apartment Building, Molino-Paliparan Road,Salawag Dasmariñas City",City of Dasmariñas,Cavite
345,"COMMUNITY GENERAL HOSPITAL EDUCATIONAL AND SCIENCE FOUNDATION, INC.",22,"COMMUNITY GENERAL HOSPITAL EDUCATIONAL AND SCIENCE FOUNDATION, INC.",14.073214,121.317464,"STI Bldg., Gen. Trias Drive, Tejero,  Rosario, Cavite",Rosario,Cavite
346,NEW SINAI SCHOOL AND COLLEGES STA ROSA,22,NEW SINAI SCHOOL AND COLLEGES STA ROSA,14.3171543,121.098712746901,"Kumintang Ibaba, Batangas City, Batangas",City,Batangas
347,SENTRONG SANAYANG TEKNIKAL NG KABATAAN,22,SENTRONG SANAYANG TEKNIKAL NG KABATAAN,14.1090629,121.1445518,"Brgy. Uno, National Highway, Calamba City, Laguna",Calamba City,Laguna
348,"ESRA TECHNICAL TRAINING FOUNDATION, INC.",21,"ESRA TECHNICAL TRAINING FOUNDATION, INC.",14.553348,121.127566,Brgy. Macasipac Sta. Maria,Sta. Maria,Laguna
349,University of Perpetual Help System Laguna,21,University of Perpetual Help System Laguna,14.34267,121.08071,"Sitio Malit, Brgy. Halayhayin, Siniloan, Laguna",Siniloan,Laguna
350,"IEXCEL SCHOOL OF COMMUNICATION AND TECHNICAL SKILLS, INC.",20,"IEXCEL SCHOOL OF COMMUNICATION AND TECHNICAL SKILLS, INC.",14.312282,120.929117,"Brgy. San Pioquinto, Tanauan, Batangas",Tanauan,Batangas
351,MAGIS INSTITUTE OF SCIENCE AND TECHNOLOGY INC.,20,MAGIS INSTITUTE OF SCIENCE AND TECHNOLOGY INC.,14.6207978,121.1112625,"Brgy. Dinahican, Infanta, Quezon",Infanta,Quezon
352,"SISTERS OF MARY TECHNICAL EDUCATION INSTITUTE CAVITE, INC.-Girlstown",20,"SISTERS OF MARY TECHNICAL EDUCATION INSTITUTE CAVITE, INC.-Girlstown",14.2502472,120.9755267,"Brgy. Iba East, Taal, Batangas",Taal,Batangas
353,TRACE COLLEGE,20,TRACE COLLEGE,14.179744,121.240532,"Gomez St.,cor. Merchan St., Lucena, City",Lucena City,Laguna
354,DON BOSCO COLLEGE,19,DON BOSCO COLLEGE,14.199788,121.093477,IHMS ANNEX BUILDING GUEVARRA SUBD. SAN LORENZO RUIZ SAN PEDRO LAGUNA,City of San Pedro,Laguna
355,"GARDNER COLLEGE CAINTA, INC.",19,"GARDNER COLLEGE CAINTA, INC.",14.6171485,121.1016016,"Unit 202 Elsol Technology Block1, Elsol Plaza, Brgy.2, Cabuyao, Laguna",Cabuyao,Laguna
356,MALASAGA INSTITUTE OF TECHNOLOGY INC.,19,MALASAGA INSTITUTE OF TECHNOLOGY INC.,14.137049,121.4167195,"Brgy. Mangilag Sur, Candelaria, Quezon",Candelaria,Quezon
357,DATACOM INSTITUTE OF COMPUTER TECHNOLOGY CORPORATION,17,DATACOM INSTITUTE OF COMPUTER TECHNOLOGY CORPORATION,14.3656119,120.9203194,"Brgy. Paliparan II, Dasmariñas, Cavite",Dasmariñas,Cavite
358,MONARK FOUNDATION INC.,17,MONARK FOUNDATION INC.,14.359247,121.032813,"Phase 1, First Road, CEPZ Rosario, Cavite",Rosario,Cavite
359,"NATIONAL COLLEGE OF SCIENCE AND TECHNOLOGY INSTITUTE OF INDUSTRIAL RESEARCH AND TRAINING-DASMARIÑAS, CAVITE, INC. ****",17,"NATIONAL COLLEGE OF SCIENCE AND TECHNOLOGY INSTITUTE OF INDUSTRIAL RESEARCH AND TRAINING-DASMARIÑAS, CAVITE, INC. ****",14.264627,120.968743,"Brgy. Bagong Niing, San Antonio, Quezon",San Antonio,Quezon
360,"DE LA SALLE LIPA, INC.",16,"DE LA SALLE LIPA, INC.",13.9411,121.1631,"KM 70 Brgy. Bangyas, Calauan, Laguna",Calauan,Laguna
361,"INTERNATIONAL ELECTRONICS & TECHNICAL INSTITUTE (IMUS), INC.",16,"INTERNATIONAL ELECTRONICS & TECHNICAL INSTITUTE (IMUS), INC.",14.415005,120.945766,"Bee Bien Bldg., Molino 1, Bacoor, Cavite",Bacoor,Cavite
362,"ISHRM SCHOOL SYSTEM, INC.",16,"ISHRM SCHOOL SYSTEM, INC.",14.4477757,120.9407897,"4th Floor Vitra Bldg., 123 P. Alcantara St., Barangay VII-A (Pob.) San Pablo City, Laguna",San Pablo City,Laguna
363,NYK-FIL MARITIME E-LTRAINING INC,16,NYK-FIL MARITIME E-LTRAINING INC,14.19504,121.11704,"Brgy. Libjo, Batangas City, Batangas",City,Batangas
364,PROTEC INTERNATIONAL INSTITUTE INC.,16,PROTEC INTERNATIONAL INSTITUTE INC.,14.3209,120.96452,"294 Purok 6, Brgy. Milagrosa (formerly Tulo), Calamba City",City of Calamba,Laguna
365,"EMPRESS DENTAL LABORATORIES, INC.",15,"EMPRESS DENTAL LABORATORIES, INC.",14.241282,121.134892,"Rooftop NML Building, Aster Street, Sta. Cecilia Subdivision, Mulawin,Tanza,Cavite",Tanza,Cavite
366,"NIGHTINGALE CAREGIVER AND ADVANCED TECHNOLOGY SCHOOL, INC.",15,"NIGHTINGALE CAREGIVER AND ADVANCED TECHNOLOGY SCHOOL, INC.",14.3209,120.96452,"9144 Villa Macaria Subd., Brgy. Masalukot I, Candelaria, Quezon",Candelaria,Quezon
367,SOUTHERN NAZARENE TRAINING INSTITUTE,15,SOUTHERN NAZARENE TRAINING INSTITUTE,14.3079082,121.0180819,"TAGHANGIN, MORONG, RIZAL",MORONG,RIZAL
368,"PWU-CDCEC CALAMBA, INC.",14,"PWU-CDCEC CALAMBA, INC.",14.19504,121.11704,"Toyota Special Economic Zone, Sta Rosa - Tagaytay Highway Sta Rosa City, Laguna",City of Santa Rosa,Laguna
369,BIYAYA POLYTECHNIC ACADEMY INC.,13,BIYAYA POLYTECHNIC ACADEMY INC.,14.2954628,121.0070814,"Brgy. Batong Malake, Los Banos, Laguna",Los Baños,Laguna
370,EPIPHANIE TRAINING CENTER INC.,12,EPIPHANIE TRAINING CENTER INC.,14.430626,120.945759,"RLC Bldg Cresdaville 1, National Rd., San Juan, Taytay, Rizal",Taytay,Rizal
371,HAESSA SKILLS DEVELOPMENT AND ASSESSMENT CENTER INC.,12,HAESSA SKILLS DEVELOPMENT AND ASSESSMENT CENTER INC.,14.42062935,120.958130407025,"4/F Trojan Building, Poblacion, Binan, Laguna",City of Biñan,Laguna
372,ADVENTIST UNIVERSITY OF THE PHILIPPINES,11,ADVENTIST UNIVERSITY OF THE PHILIPPINES,14.2158649,121.0316311,"Ruby St., Phase 2, Pleasantville Subd., Brgy. Ilayang Iyam, Lucena City",Lucena City,Quezon
373,"SILENT INTEGRATED FARM, INC.",11,"SILENT INTEGRATED FARM, INC.",14.155332,121.443623,"Sto. Cristo, San Jose, Batangas",San Jose,Batangas
374,ZION INSTITUTE OF SCIENCE AND TECHNOLOGY INC.,11,ZION INSTITUTE OF SCIENCE AND TECHNOLOGY INC.,14.272753,121.058718,"0991 Bagong Pook, Bukal Sur, Candelaria, Quezon",Candelaria,Quezon
375,PROFETA TECHNICAL AND VOCATIONAL SCHOOL INCORPORATED,9,PROFETA TECHNICAL AND VOCATIONAL SCHOOL INCORPORATED,14.4012163,120.8580466,"Purok Mulawin, Old Manila South Road, Brgy. Isabang, Lucena City",Lucena City,Quezon
376,"INTERNATIONAL PEACE LEADERSHIP COLLEGE, INC.",7,"INTERNATIONAL PEACE LEADERSHIP COLLEGE, INC.",14.50891965,121.3011811,"National Highway, Hilltop, Batangas City, Batangas",Batangas City (Capital),Batangas
377,"Rogationist College (St. Anthony's Boy Village), Inc.",7,"Rogationist College (St. Anthony's Boy Village), Inc.",14.223624,120.9741497,"Molino 3, Bacoor, Cavite",Bacoor,Cavite
378,SHEMA LEADERSHIP INSTITUTE OF SCIENCE AND TECHNOLOGY INC.,7,SHEMA LEADERSHIP INSTITUTE OF SCIENCE AND TECHNOLOGY INC.,14.567512,121.1124774,"Brgy. Sto. Niño, Biñan, Laguna",City of Biñan,Laguna
379,FAST LOGISTICS LEARNING AND DEVELOPMENT CORPORATION,6,FAST LOGISTICS LEARNING AND DEVELOPMENT CORPORATION,14.243128,121.118978,"Purok 6, Adelina Homes, Barangay San Carlos, Lipa City, Batangas",Lipa City,Batangas
380,PHILIPPINE HEAVY EQUIPMENT OPERATOR AND ASSESSMENT TRAINING CENTER INC.,5,PHILIPPINE HEAVY EQUIPMENT OPERATOR AND ASSESSMENT TRAINING CENTER INC.,14.5678,121.1394,"L1032 Rose St., Lourdes Subd., Mambugan, Antipolo City, Rizal",Antipolo City,Rizal
381,"FIVE STAR STANDARD COLLEGE, INC. ",4,"FIVE STAR STANDARD COLLEGE, INC. ",14.41854,120.97184,"Brgy. Biyan, Calauag, Quezon",Calauag,Quezon
382,MFI POLYTECHNIC INSTITUTE INC.,4,MFI POLYTECHNIC INSTITUTE INC.,14.29449475,121.306162208785,"San Marcos St. Balian Pangil, Laguna",Pangil,Laguna
383,QTEK DYNAMIC TRAINING INC.,4,QTEK DYNAMIC TRAINING INC.,14.2449728,120.9664548,"Brgy. Tabangao, Ambulong, Batangas City, Batangas",Batangas City (Capital),Batangas
384,ARK TECHNOLOGICAL INSTITUTE EDUCATION SYSTEM INC.,3,ARK TECHNOLOGICAL INSTITUTE EDUCATION SYSTEM INC.,13.93333,121.61667,"Sitio Yapak, Lagundi, Morong Rizal",Morong,Rizal
385,AINA INTEGRATED FARM,1,AINA INTEGRATED FARM,13.9716151,121.6864374,"#78 (Old #76) Lot 533-A-2-A Gen. Luna St., Ampid I, San Mateo, Rizal",San Mateo,Rizal
386,EASTGATE MARITIME TRAINING CENTER INC.,1,EASTGATE MARITIME TRAINING CENTER INC.,14.241521,120.874506,"#1 Brgy Banlic, Cabuyao City,Laguna",Cabuyao City,Laguna
387,CARD-MRI DEVELOPMENT INC.,0,CARD-MRI DEVELOPMENT INC.,14.1475014,121.280611925356,"2nd Flr MMBC Bldg., Road to San Crispin, Begy. San Nicolas, San Pablo City, Laguna",San Pablo City,Laguna
388,Dalubhasaan ng Lungsod ng Lucena,0,Dalubhasaan ng Lungsod ng Lucena,13.780007,122.293543,"Block 1, Lot 20, IMV Bldg. St. Rose Village Market Area Pob. City of Santa Rosa Laguna",City of Santa Rosa,Laguna
389,JABS TRAINING & ASSESSMENT CENTER INC.,0,JABS TRAINING & ASSESSMENT CENTER INC.,14.3639435,121.056771,"156 M. L. Quezon Avenue, Antipolo City",Antipolo City,Rizal
390,KTI INTEGRATED FARM,0,KTI INTEGRATED FARM,13.8977,122.2601,"#7 Sumulong Extension St., San Roque, Antipolo City, Rizal",Antipolo City,Rizal
391,LALY'S FARM VILLE,0,LALY'S FARM VILLE,14.245719,121.524706,"4965 ME National Highway, Canlalay, Biñan City, Laguna",City of Biñan,Laguna
392,"MALAYAN COLLEGES LAGUNA, INC. LED BY A MAPUA SCHOOL OF ENGINEERING",0,"MALAYAN COLLEGES LAGUNA, INC. LED BY A MAPUA SCHOOL OF ENGINEERING",14.2410215,121.1113013,"Block 1, Lot 8 along San Luis St., L.A. Village, Putho Tuntungin, Los Baños, Laguna",Los Baños,Laguna
393,NOVA SCHOLA TANAUAN INC.,0,NOVA SCHOLA TANAUAN INC.,14.0188498,121.147052140314,"Brgy. Caglate, Alabat, Quezon",Alabat,Quezon
394,"PILLARS ACADEMY OF TRADE ARTS AND SCIENCES, INC.",0,"PILLARS ACADEMY OF TRADE ARTS AND SCIENCES, INC.",14.5497977,121.186324,"Tumbaga I, Sariaya, Quezon",Sariaya,Quezon
395,SAN PEDRO CITY POLYTECHNIC COLLEGE,0,SAN PEDRO CITY POLYTECHNIC COLLEGE,14.356572,121.0563813,"Mataas na Pulo, Nasugbu, Batangas",Nasugbu,Batangas
396,SOLANZO INTEGRATED FARM TRAINING AND ASSESSMENT CENTER CORP.,0,SOLANZO INTEGRATED FARM TRAINING AND ASSESSMENT CENTER CORP.,14.4215284,121.444412,"Bentley Park Subd., Antipolo City",Antipolo City,Rizal
397,"STI EDUCATION SERVICES GROUP, CALAMBA",0,"STI EDUCATION SERVICES GROUP, CALAMBA",14.19504,121.11704,"Lambingan, Tanza, Cavite",Tanza,Cavite