"commentId","commentUrl","text","likesCount","threadingDepth"
"1541956826868163","https://www.facebook.com/greyhoundfreedomwall/posts/pfbid0uprHGt81iJqq5vNNZfKMWVfdvNoTVNwxogVS9Sk8bmMvbKZJXoD3nLkoFV9B4bwbl?comment_id=1541956826868163","You may visit the campus ministry of University of Nueva caceres","4","0"
"904589318708997","https://www.facebook.com/greyhoundfreedomwall/posts/pfbid0uprHGt81iJqq5vNNZfKMWVfdvNoTVNwxogVS9Sk8bmMvbKZJXoD3nLkoFV9B4bwbl?comment_id=904589318708997","Keep pushing lang, mahirap man pero may purpose yan, alam ni Lord needs mo and di ka niya pababayan basta ilapit mo sa Kanya para ma less ang bigat❤️ FIGHTING!!","0","0"
"2104929073597360","https://www.facebook.com/greyhoundfreedomwall/posts/pfbid0uprHGt81iJqq5vNNZfKMWVfdvNoTVNwxogVS9Sk8bmMvbKZJXoD3nLkoFV9B4bwbl?comment_id=2104929073597360","Message me","0","0"
"2101674340669484","https://www.facebook.com/greyhoundfreedomwall/posts/pfbid0uprHGt81iJqq5vNNZfKMWVfdvNoTVNwxogVS9Sk8bmMvbKZJXoD3nLkoFV9B4bwbl?comment_id=2101674340669484","🫂🫂🫂🫂","0","0"
"1382254939764352","https://www.facebook.com/greyhoundfreedomwall/posts/pfbid02NFwcXAjL1GQFBwKBCUYTE672Fzf6o3qgfDUyeW35BEnCMbT3CSYxpnq43FPhH6VRl?comment_id=1382254939764352","Tigsabihan mo kuta magtaga-hiso man 🤣🤣","0","0"
"875322851769867","https://www.facebook.com/greyhoundfreedomwall/posts/pfbid02uvCczpqucUowfENKJzrYADSrLYYjJ7NM6AyfGGZJ31d8MZFE7JT5U2x4cKQuhUPEl?comment_id=875322851769867","a","0","0"
"888482393677364","https://www.facebook.com/greyhoundfreedomwall/posts/pfbid02uvCczpqucUowfENKJzrYADSrLYYjJ7NM6AyfGGZJ31d8MZFE7JT5U2x4cKQuhUPEl?comment_id=888482393677364","C","0","0"
"858292360540997","https://www.facebook.com/greyhoundfreedomwall/posts/pfbid02uvCczpqucUowfENKJzrYADSrLYYjJ7NM6AyfGGZJ31d8MZFE7JT5U2x4cKQuhUPEl?comment_id=858292360540997","D","0","0"
"1960077114576321","https://www.facebook.com/greyhoundfreedomwall/posts/pfbid02uvCczpqucUowfENKJzrYADSrLYYjJ7NM6AyfGGZJ31d8MZFE7JT5U2x4cKQuhUPEl?comment_id=1960077114576321","C","0","0"
"1808598723179770","https://www.facebook.com/greyhoundfreedomwall/posts/pfbid02uvCczpqucUowfENKJzrYADSrLYYjJ7NM6AyfGGZJ31d8MZFE7JT5U2x4cKQuhUPEl?comment_id=1808598723179770","C","0","0"
"1297601522431538","https://www.facebook.com/greyhoundfreedomwall/posts/pfbid02uvCczpqucUowfENKJzrYADSrLYYjJ7NM6AyfGGZJ31d8MZFE7JT5U2x4cKQuhUPEl?comment_id=1297601522431538","C","0","0"
"4549598791936369","https://www.facebook.com/greyhoundfreedomwall/posts/pfbid02uvCczpqucUowfENKJzrYADSrLYYjJ7NM6AyfGGZJ31d8MZFE7JT5U2x4cKQuhUPEl?comment_id=4549598791936369","C","0","0"
"1249276867122533","https://www.facebook.com/greyhoundfreedomwall/posts/pfbid02uvCczpqucUowfENKJzrYADSrLYYjJ7NM6AyfGGZJ31d8MZFE7JT5U2x4cKQuhUPEl?comment_id=1249276867122533","C","0","0"
"1582986642755381","https://www.facebook.com/greyhoundfreedomwall/posts/pfbid02uvCczpqucUowfENKJzrYADSrLYYjJ7NM6AyfGGZJ31d8MZFE7JT5U2x4cKQuhUPEl?comment_id=1582986642755381","c","0","0"
"904198108872408","https://www.facebook.com/greyhoundfreedomwall/posts/pfbid02uvCczpqucUowfENKJzrYADSrLYYjJ7NM6AyfGGZJ31d8MZFE7JT5U2x4cKQuhUPEl?comment_id=904198108872408","D","0","0"
"909088095137158","https://www.facebook.com/greyhoundfreedomwall/posts/pfbid02wLew1qfkXdLnh4YmcyA2SQ7yFoBn91KgCn9xY1yCtLjdf1Z4JVvHoBeZ5CtXVFx3l?comment_id=909088095137158","As far as I know po, Online class po ang ASVR hehe","0","0"
"1462365248725387","https://www.facebook.com/greyhoundfreedomwall/posts/pfbid0hvKDoQw3dbKZiu1XzJbWPe16DtRx3TM6AFyai8NndusvXBxDthXDEtYV24aAs3Atl?comment_id=1462365248725387","loc?","0","0"
"1611910546748838","https://www.facebook.com/greyhoundfreedomwall/posts/pfbid0uoec4epVW5sE9PL4e6MeNVsw52Hf4vYC7aj8fpQ9DBznzSBUdyRVL8PVdYrPkeu1l?comment_id=1611910546748838","44k","0","0"
"1406013414566943","https://www.facebook.com/greyhoundfreedomwall/posts/pfbid0uoec4epVW5sE9PL4e6MeNVsw52Hf4vYC7aj8fpQ9DBznzSBUdyRVL8PVdYrPkeu1l?comment_id=1406013414566943","Around 42k","0","0"
"1866211580673917","https://www.facebook.com/greyhoundfreedomwall/posts/pfbid02v7ENfJ59No6ZknXh9huPUD2WLXSnCZZ1Lt95ka1ecdTpjESgrKwW83KKvkYzqkDZl?comment_id=1866211580673917","Oo pero need mo kumuhang promissory note","0","0"
"793592593141029","https://www.facebook.com/greyhoundfreedomwall/posts/pfbid0umMcTdcKqtX4BVgotJZaybRs9vQ7bowv9c9DWkZoYZMCYrTD8g4GZ5E7WCbnvZuVl?comment_id=793592593141029","Sphygmo
Steth
Thermometer
Pen light
Pulse oximeter 

But wait for the announcement of your level coordinator where you can purchase your paraphermalia, hope this helps","1","0"
"1165332679003464","https://www.facebook.com/greyhoundfreedomwall/posts/pfbid0PWnYtLQ4pcG5P421n643f4sGUtR2r6bq9Q8FDGi5yZb6qoVF473M4H4JE6zUpioZl?comment_id=1165332679003464",,"0","0"
"738656295949432","https://www.facebook.com/greyhoundfreedomwall/posts/pfbid021cZbT7pKMqAZUgdfi9JKDdUmQASfw9FaUqvW6d6koedddDnMiZCGTJxbCrVABQLcl?comment_id=738656295949432","sa resource center near sports palace","0","0"
"4277590482487876","https://www.facebook.com/greyhoundfreedomwall/posts/pfbid021cZbT7pKMqAZUgdfi9JKDdUmQASfw9FaUqvW6d6koedddDnMiZCGTJxbCrVABQLcl?comment_id=4277590482487876","Resource Center","0","0"
"848003508020355","https://www.facebook.com/greyhoundfreedomwall/posts/pfbid02oDCFSvUgktdwduCkgXGfmizFkpbusb3wsWpS7ZAaYMqUVYam8r5AiodzVeLCYBnXl?comment_id=848003508020355","Hello, also selling my unifs! Pasabay din po if anyone is interested. 🤩
2 blouses- never been used yung isa and twice lang yung isa. Palda , the same with other set of blouse twice used. Thank you po! HEART REAAACCCT IF INTERESTED 🫰","0","0"
"1939717813570275","https://www.facebook.com/greyhoundfreedomwall/posts/pfbid02oDCFSvUgktdwduCkgXGfmizFkpbusb3wsWpS7ZAaYMqUVYam8r5AiodzVeLCYBnXl?comment_id=1939717813570275","helloo, interested po sa pe shirt ^^","0","0"
"1197777972543918","https://www.facebook.com/greyhoundfreedomwall/posts/pfbid02kmSUZrqDjh1u3GcNcpuBYAActnaC6wc8vTxG9gx4X1nRZ7uiMGHCSFw8dSAeyo5sl?comment_id=1197777972543918","Ginood morning ma'am na nga Sha pa ma taray🙄🥹","0","0"
"1253419429959458","https://www.facebook.com/greyhoundfreedomwall/posts/pfbid02kmSUZrqDjh1u3GcNcpuBYAActnaC6wc8vTxG9gx4X1nRZ7uiMGHCSFw8dSAeyo5sl?comment_id=1253419429959458","wag na mag enroll next sem ha?daming kuda","0","0"
"4118018948450162","https://www.facebook.com/greyhoundfreedomwall/posts/pfbid0B5zvNj9Xac9kSMWjenV84X4P3xS1BRabQHc3DcmcQvooKCQnya7HyUJzVqx91V3il?comment_id=4118018948450162","meron po, basta always wear ur Id all the time","0","0"
"1478319199930418","https://www.facebook.com/greyhoundfreedomwall/posts/pfbid0bGFu2DaqgdVQuruqTLgc7GZB9RHEz3mdt7PsVWmu2i4SsCjfp5XKzQHZgkwmnRD3l?comment_id=1478319199930418","iba talaga alindog ni ma'am Abegail De Los Santos","1","0"
"1409071667461258","https://www.facebook.com/greyhoundfreedomwall/posts/pfbid0bGFu2DaqgdVQuruqTLgc7GZB9RHEz3mdt7PsVWmu2i4SsCjfp5XKzQHZgkwmnRD3l?comment_id=1409071667461258","Abegail De Los Santos","1","0"
"771670132659366","https://www.facebook.com/greyhoundfreedomwall/posts/pfbid02LPw6vjJDr9keC9z3YcQVgY1KJWBUyU5kHYwnERs6wwTSewtNeM1XhjfpcRpnacy2l?comment_id=771670132659366","Ayanna Monato","1","0"
"4437692536458613","https://www.facebook.com/greyhoundfreedomwall/posts/pfbid02LPw6vjJDr9keC9z3YcQVgY1KJWBUyU5kHYwnERs6wwTSewtNeM1XhjfpcRpnacy2l?comment_id=4437692536458613","Ashley法 Mikaela","1","0"
"1635960933954041","https://www.facebook.com/greyhoundfreedomwall/posts/pfbid02bhV2yp2ci1AZr3JxGjom1ARi12Gz2SvEtAfffHjwuks6EUYMiy2VM72fS4Rdz9efl?comment_id=1635960933954041","hello, interested po sa PE shirt small, may I know how much po ito? tysm !^^","0","0"
"1199439135152417","https://www.facebook.com/greyhoundfreedomwall/posts/pfbid02bhV2yp2ci1AZr3JxGjom1ARi12Gz2SvEtAfffHjwuks6EUYMiy2VM72fS4Rdz9efl?comment_id=1199439135152417","pm po","0","0"
"1672989970364828","https://www.facebook.com/greyhoundfreedomwall/posts/pfbid0N6Yw4xisbUv8myQGcQuJJ7XXMVYXi5BSWK8xFnk718EMcXBCjfC5neBrZxyN3gJ5l?comment_id=1672989970364828","baka si John Lester Hertez????","1","0"
"2114906012666159","https://www.facebook.com/greyhoundfreedomwall/posts/pfbid02vwikdHB5a4hHbgmeoohZ3MbDmNZejkH2HzrLPj1WkQyXEMERQEffG4he7Ve9V4jcl?comment_id=2114906012666159","nag change po kasi ng password. sini-send naman po siya sa email so paki check nalang ng emails niyo. If wala pa, wait nalang po siguro kayo or visit kayo ICT 👐💕","0","0"
"1931848647748008","https://www.facebook.com/greyhoundfreedomwall/posts/pfbid027FKUoVz13TWFczhWjgGarXcs9Ch8XvDh5Qfk7z1kjgGx6jmTieQGcPvrZyyhBB3Vl?comment_id=1931848647748008","Try mo po mag loan sa UNC 10k din yun","0","0"
"748896840983482","https://www.facebook.com/greyhoundfreedomwall/posts/pfbid02CmJeRKMfATR6ydiaqBZkuNW88tgQvuU1cCqWc72pYJZXrkDKsbViANxWKynyBxFHl?comment_id=748896840983482","hello cha","5","0"
"3476361359179093","https://www.facebook.com/greyhoundfreedomwall/posts/pfbid02CmJeRKMfATR6ydiaqBZkuNW88tgQvuU1cCqWc72pYJZXrkDKsbViANxWKynyBxFHl?comment_id=3476361359179093","mag aral puro landi alam","2","0"
"2046692769485953","https://www.facebook.com/greyhoundfreedomwall/posts/pfbid038BGWSPvWE12fc5Q51X44gRxmvzmqSipivCxhCxH4Pt4ozbm8jrnacs24SAWkUUAVl?comment_id=2046692769485953","https://www.facebook.com/share/1H85NyDJso/","0","0"
"887220010769389","https://www.facebook.com/greyhoundfreedomwall/posts/pfbid02QHfqkQhGwy4ZjpNN5CoTViWZBCQhRoT9W4PAA3ghbV6Cebtf4zSoAKj2zN8K9Ducl?comment_id=887220010769389","Feel ko Ikaw ito nakch cassiee  Xander 😝🫣","0","0"
"1921766408424493","https://www.facebook.com/greyhoundfreedomwall/posts/pfbid02QHfqkQhGwy4ZjpNN5CoTViWZBCQhRoT9W4PAA3ghbV6Cebtf4zSoAKj2zN8K9Ducl?comment_id=1921766408424493","Dave Montemayor  Brian Delos Santos ??","1","0"
"1953127582752318","https://www.facebook.com/greyhoundfreedomwall/posts/pfbid02iuDJD1tZihBPgLNTjTE9UfKhx9HL5sjvoQEidVSkXbQopSNgezAKhobS3Q3pSxW8l?comment_id=1953127582752318","i’m interested po!","0","0"
"1374649064452831","https://www.facebook.com/greyhoundfreedomwall/posts/pfbid0yLJsSTC9GMxKpvxfp58mfiHzcxXZiDjnTqTicK7CUc9oNm23V6X67oaHMDVbFBBpl?comment_id=1374649064452831","Chanchan?","1","0"
"910065908124494","https://www.facebook.com/greyhoundfreedomwall/posts/pfbid0LTDBt2qd8UAnehBrmRovXdamuCWwYHXX918D7WmdJG6gHRFi1BxJWeMX8CqMHp1ul?comment_id=910065908124494","pm po","0","0"
"2296026867529584","https://www.facebook.com/greyhoundfreedomwall/posts/pfbid02zphBCmvp1gyhU3V6bpjUzEnV5Y7LkT6U3AoV6v5b4cSbuhAnKPGMVAELMivTqsuul?comment_id=2296026867529584","Uh? I'm sorry, what? What's with the 'sana single' thing, it's creepy though. She's in SHS and you're in what, college???","0","0"
"1930496057878253","https://www.facebook.com/greyhoundfreedomwall/posts/pfbid02zphBCmvp1gyhU3V6bpjUzEnV5Y7LkT6U3AoV6v5b4cSbuhAnKPGMVAELMivTqsuul?comment_id=1930496057878253","lol grabe na inheat mo boss HAHHAHAHHAHAHAHHAHAAH isadiri mo nalang yang kagatulan mo gamiton mong pamparaos mga ka block mate mo iyo mn sana","0","0"
"1402292564938137","https://www.facebook.com/greyhoundfreedomwall/posts/pfbid02xTXSQDysyvkMQ7Jr6ZcmwHyiaNjoUChBA5t1qNYvAAJ2TAyTfwEQDGxVJEu5Br47l?comment_id=1402292564938137","Kalma","0","0"
"1371314704737447","https://www.facebook.com/greyhoundfreedomwall/posts/pfbid02xTXSQDysyvkMQ7Jr6ZcmwHyiaNjoUChBA5t1qNYvAAJ2TAyTfwEQDGxVJEu5Br47l?comment_id=1371314704737447","oo raw, baks","4","0"
"1248810057071299","https://www.facebook.com/greyhoundfreedomwall/posts/pfbid02xTXSQDysyvkMQ7Jr6ZcmwHyiaNjoUChBA5t1qNYvAAJ2TAyTfwEQDGxVJEu5Br47l?comment_id=1248810057071299","Nooo. Anonymous syaa","0","0"
"1113461044027026","https://www.facebook.com/greyhoundfreedomwall/posts/pfbid0RYWoYp17bnKP1QzMSq2DA5r5mbFiEbti4jxfL7hLvfeqfi2h1QGQm1T1VcTU6zcUl?comment_id=1113461044027026","is this in terms of acads or relationship?

if it's in terms of relationship, then no. they don't regret on what they're doing, because they wouldn't have done it in the first place if they're regretting it—they would also realized that it's wrong if they regret it and stop doing it. they will regret it once they got caught because that's when the realization comes in, that they're wrong.

in terms of acads, yess they're regretting it—especially if they got caught. but maybe they're doing it to survive, i'm not saying that it's normal or it's right, but i do understand them at least. the guilt they be having once they cheat on exam or quiz. we just have to see their point of view of why they are doing it. 

that's all. thank you.","3","0"
"747250621117455","https://www.facebook.com/greyhoundfreedomwall/posts/pfbid0RYWoYp17bnKP1QzMSq2DA5r5mbFiEbti4jxfL7hLvfeqfi2h1QGQm1T1VcTU6zcUl?comment_id=747250621117455","i like violating academic integrity as much as i like going to school, do i like going to school? No","1","0"
"1527617778523870","https://www.facebook.com/greyhoundfreedomwall/posts/pfbid0Dq7q81oADWMkbVH3UtwXz7xyQFgDLBwBuDXM79LGnUK3mJaRZBQ7hwTtjiVyhcnxl?comment_id=1527617778523870","Kindly pm me po.","0","0"
"1195416675460394","https://www.facebook.com/greyhoundfreedomwall/posts/pfbid02qyJ9CoHBuezTeejhvZZnULdGAvZeANGwPD1MCSgNHLbZoNUpCCpLP2tPWtJzXEdsl?comment_id=1195416675460394","Automatic papasok sa account mo next sem. Pwede mo din gawing pang enroll","0","0"
"1167529642207031","https://www.facebook.com/greyhoundfreedomwall/posts/pfbid02qyJ9CoHBuezTeejhvZZnULdGAvZeANGwPD1MCSgNHLbZoNUpCCpLP2tPWtJzXEdsl?comment_id=1167529642207031","You can ask if  pwede icredit na lang yan as advance payment for next sem","0","0"
"1760598647893719","https://www.facebook.com/greyhoundfreedomwall/posts/pfbid0dbnbeVa3x9m4CQfq1A4HQsQzQqSsbhaSJFvrcJeHzVw8Vt17PcGPqBHkzxB13CQel?comment_id=1760598647893719","pa mention nayan","1","0"
"1304826188075467","https://www.facebook.com/greyhoundfreedomwall/posts/pfbid0dbnbeVa3x9m4CQfq1A4HQsQzQqSsbhaSJFvrcJeHzVw8Vt17PcGPqBHkzxB13CQel?comment_id=1304826188075467","Mention ko den kya yung boy na may gf na pero interested sakin","0","0"
"1374842547635860","https://www.facebook.com/greyhoundfreedomwall/posts/pfbid0GP6epdTn9tEPByqGJCjCPY13WMHa4kbck5dnvCCuhFq4wmtvosB1NWLAsgYW9vYnl?comment_id=1374842547635860","someone from my class got 1k stolen one time. we should really stop it cuz im already tired from it😭","0","0"
"849680384657971","https://www.facebook.com/greyhoundfreedomwall/posts/pfbid02hKatbk2Yygs6iVvideHp22p5VEGU7mJ5KcHWZNABNRyiQ6kRJx26UjrgtjwQncrVl?comment_id=849680384657971","Maliit at natapilok daw Macey","2","0"
"1342515217611664","https://www.facebook.com/greyhoundfreedomwall/posts/pfbid0eVmfrxpmrcw68XxQuApvFuCTMJ2ojYLaMJru6QGv9tCWgStJ8SHAckuR4kG786K9l?comment_id=1342515217611664","Jayson De Vela Barreto man sain kamo kato nag pwesto si istorya mo sako","2","0"
"2076101809805043","https://www.facebook.com/greyhoundfreedomwall/posts/pfbid0eVmfrxpmrcw68XxQuApvFuCTMJ2ojYLaMJru6QGv9tCWgStJ8SHAckuR4kG786K9l?comment_id=2076101809805043","Library 2f 6/10. Bandang nap area, timingan nalang pag walang tao","1","0"
"869238002947505","https://www.facebook.com/greyhoundfreedomwall/posts/pfbid0eVmfrxpmrcw68XxQuApvFuCTMJ2ojYLaMJru6QGv9tCWgStJ8SHAckuR4kG786K9l?comment_id=869238002947505","kanina sa may nb sa may hagdanan jusko may nag kiss sa atubangan ko pa talaga HAAHAHAHAHHHA know u guys yng id lace nung boy is green so prolly accounting or bio student yng guy and yng girl is archi HAHHAHHAHHAHAH sayang nag kiss pa si boy sa gf nya tas tg punas nya lang jusko grabe pa break naba kau or for closure lang?

#pda pa more

ps.mahiyà nalang talaga jusko ginagawang hotel b nmn ang hallway
ps. moreno si guy mga 5'5 something ang height -,-","2","0"
"1356715439566919","https://www.facebook.com/greyhoundfreedomwall/posts/pfbid0zeYA59dw7Fet2CC6SY8KS6FkvEDSWr8wgdXwP2nsjmJua1g87dDVNotJvQEYUnRil?comment_id=1356715439566919","bugay dae lamang nag rhyme","2","0"
"1397234125151597","https://www.facebook.com/greyhoundfreedomwall/posts/pfbid02F19zaHjgzgw3k4qBh8dgkU7ydV7NiRXZnSxjb3WatqJ9JNRWobW8PSJfA2PvyYTwl?comment_id=1397234125151597","boxinggg","2","0"
"2211069526086446","https://www.facebook.com/greyhoundfreedomwall/posts/pfbid0HU1Akbq4jkB9iq5nwxmkPzwbbXTCrAUv8yWmDCNZfBeRKKbqWiMVjuNmRw7Yv4n1l?comment_id=2211069526086446","@highlight","1","0"
"891849480165241","https://www.facebook.com/greyhoundfreedomwall/posts/pfbid0HU1Akbq4jkB9iq5nwxmkPzwbbXTCrAUv8yWmDCNZfBeRKKbqWiMVjuNmRw7Yv4n1l?comment_id=891849480165241","@highlight","0","0"
"1941078713465442","https://www.facebook.com/greyhoundfreedomwall/posts/pfbid0HU1Akbq4jkB9iq5nwxmkPzwbbXTCrAUv8yWmDCNZfBeRKKbqWiMVjuNmRw7Yv4n1l?comment_id=1941078713465442","@highlight","0","0"
"1572271143949121","https://www.facebook.com/greyhoundfreedomwall/posts/pfbid0HU1Akbq4jkB9iq5nwxmkPzwbbXTCrAUv8yWmDCNZfBeRKKbqWiMVjuNmRw7Yv4n1l?comment_id=1572271143949121","@highlight","0","0"
"862154743440418","https://www.facebook.com/greyhoundfreedomwall/posts/pfbid0HU1Akbq4jkB9iq5nwxmkPzwbbXTCrAUv8yWmDCNZfBeRKKbqWiMVjuNmRw7Yv4n1l?comment_id=862154743440418","@highlight","0","0"
"1811911662831179","https://www.facebook.com/greyhoundfreedomwall/posts/pfbid0HU1Akbq4jkB9iq5nwxmkPzwbbXTCrAUv8yWmDCNZfBeRKKbqWiMVjuNmRw7Yv4n1l?comment_id=1811911662831179","@highlight","0","0"
"2082000729215904","https://www.facebook.com/greyhoundfreedomwall/posts/pfbid0HU1Akbq4jkB9iq5nwxmkPzwbbXTCrAUv8yWmDCNZfBeRKKbqWiMVjuNmRw7Yv4n1l?comment_id=2082000729215904","Nice one","0","0"
"1517059969378429","https://www.facebook.com/greyhoundfreedomwall/posts/pfbid0HU1Akbq4jkB9iq5nwxmkPzwbbXTCrAUv8yWmDCNZfBeRKKbqWiMVjuNmRw7Yv4n1l?comment_id=1517059969378429","@highlight","0","0"
"1271609694726499","https://www.facebook.com/greyhoundfreedomwall/posts/pfbid02xBUK8S31Wbo1usHc78CBkUa9kqZZ2PqjpCxWYbGR58UvLZthbYfr8pkTZYHgB1a5l?comment_id=1271609694726499","pm po, I'll guide u","0","0"
"1512074986565667","https://www.facebook.com/greyhoundfreedomwall/posts/pfbid02wAwAWZri4q9EPt38XT3xPQ8dvEQzvjyB1qdd2C1SELjR6x9GXae6Hy7Ti8VozpdBl?comment_id=1512074986565667","Just a quick update: naibalik na po siya just now. I am really grateful to those lovely students na nakahanap and made an effort to return them. Ya'll have no idea how much this means to me. (Sorry di me nakathank you ng maayos just bc my brain just shut down hehe.)

Tysm Greyhound Freedom Wall for posting this. It's my first time posting, and was shooting my shot, knowing your page's potential reach. Hope you will utilize this power for good. 

With gratitude, 
A.","0","0"
"1497276608012204","https://www.facebook.com/greyhoundfreedomwall/posts/pfbid02NtXYKpvjAjD1A2axwFKXwFfcLWcQNcV5FN6Cq6aB9SxGUo4ReVkL6K5A7co2CTmUl?comment_id=1497276608012204","Accessorize with A","1","0"
"1348527623690113","https://www.facebook.com/greyhoundfreedomwall/posts/pfbid02NtXYKpvjAjD1A2axwFKXwFfcLWcQNcV5FN6Cq6aB9SxGUo4ReVkL6K5A7co2CTmUl?comment_id=1348527623690113","Accessorize with A","1","0"
"866098649203543","https://www.facebook.com/greyhoundfreedomwall/posts/pfbid02NtXYKpvjAjD1A2axwFKXwFfcLWcQNcV5FN6Cq6aB9SxGUo4ReVkL6K5A7co2CTmUl?comment_id=866098649203543","Accessorize with A 💯","1","0"
"1929572517995155","https://www.facebook.com/greyhoundfreedomwall/posts/pfbid02orDWnPhBdvxmVKdGAj2L1LbVzhLkTzWqysiwkzy9vUk2ZnKdyEdo7xpKb7PVnfb8l?comment_id=1929572517995155","yea","1","0"
"901860285503003","https://www.facebook.com/greyhoundfreedomwall/posts/pfbid02orDWnPhBdvxmVKdGAj2L1LbVzhLkTzWqysiwkzy9vUk2ZnKdyEdo7xpKb7PVnfb8l?comment_id=901860285503003","Please visit SFGO for assistance.","0","0"
"890098490210728","https://www.facebook.com/greyhoundfreedomwall/posts/pfbid02xowvz87jayVNj6zp1Ump3YvLzpoTZxiwAPivyFwCn12GzEGay2hF3UwgRXvkPMyPl?comment_id=890098490210728","Afaik, na extend daw po since marami days na wala pasok due to typhoon","0","0"
"833758986115253","https://www.facebook.com/greyhoundfreedomwall/posts/pfbid0nfdjHaFytmc82yV9rez2YqAr6xxxRSzGTYhjqJCopiyZpiL5k2bhrgXTiVGmbZiKl?comment_id=833758986115253",,"1","0"
"1245626527399893","https://www.facebook.com/greyhoundfreedomwall/posts/pfbid0nfdjHaFytmc82yV9rez2YqAr6xxxRSzGTYhjqJCopiyZpiL5k2bhrgXTiVGmbZiKl?comment_id=1245626527399893","Minnie Ju","0","0"
"1556858818778695","https://www.facebook.com/greyhoundfreedomwall/posts/pfbid02rqkY4Ry4pKM19AETyfUyPT4Mb9MDRdp2Wdr7QjHZ6mBzKcPBuL1xfzN1ZkF4eUotl?comment_id=1556858818778695","Secret!","0","0"
"856817903506166","https://www.facebook.com/greyhoundfreedomwall/posts/pfbid0zPFNUmyV8iLyQ2T5uHUsD31KKD7ZvkNEB64W9TX28ddHRsYEMK79PMhPNhqQneNkl?comment_id=856817903506166","It depends, sum subjects are requisites of the other subject. You can't take it unless you finish the requisite of the said subject.","0","0"
"25129385583370525","https://www.facebook.com/greyhoundfreedomwall/posts/pfbid0zPFNUmyV8iLyQ2T5uHUsD31KKD7ZvkNEB64W9TX28ddHRsYEMK79PMhPNhqQneNkl?comment_id=25129385583370525","Q1: Probably will be decided by the Department in communication with the registrar. However, if around ten or more students wishes to enrol on the said subject off semester, chances of offering grews bigger. Much better chance if graduating bunch. 

Q2: Will mostly depend if such major subject is offered on the said summer term (you may refer to your program guide/prospectus). If not, assumes Q1.

Q3: Under normal conditions (regular students), no. If irregular, would depend on the load enrolled.","0","0"
"1128883072660531","https://www.facebook.com/greyhoundfreedomwall/posts/pfbid0zPFNUmyV8iLyQ2T5uHUsD31KKD7ZvkNEB64W9TX28ddHRsYEMK79PMhPNhqQneNkl?comment_id=1128883072660531","For Q 1 & 2: Both will depends if the subject is being offered or not.","0","0"
"1533384894372349","https://www.facebook.com/greyhoundfreedomwall/posts/pfbid0zPFNUmyV8iLyQ2T5uHUsD31KKD7ZvkNEB64W9TX28ddHRsYEMK79PMhPNhqQneNkl?comment_id=1533384894372349","For Q 3: Better visit your department for proper guidance.","0","0"
"4273214619634550","https://www.facebook.com/greyhoundfreedomwall/posts/pfbid02j7E4KJumqhW37DqEumrZP5awpwMn9ZTP8c97iBUNCMx89YHCq2gBqDnftgzPEtA4l?comment_id=4273214619634550","may maabot na bagyo, mag andam bakong landían ang atupagon","0","0"
"1853465945290335","https://www.facebook.com/greyhoundfreedomwall/posts/pfbid02j7E4KJumqhW37DqEumrZP5awpwMn9ZTP8c97iBUNCMx89YHCq2gBqDnftgzPEtA4l?comment_id=1853465945290335","shet naman talaga Ailene Elorde Avila","2","0"
"837809355781010","https://www.facebook.com/greyhoundfreedomwall/posts/pfbid021A8ip5ArhFMy66n4dcqmh6Qs7jfQeRciV5KEBc3tcFVNgBJtKYZdBi9M5CE6VC15l?comment_id=837809355781010","You still need?","0","0"
"1533142391229672","https://www.facebook.com/greyhoundfreedomwall/posts/pfbid0sxJ6mRv2uviMFCHJS7gsoksgukG7FBqjMaK5ikZBRAM2sPnYQ85bXTPgGES8FQVUl?comment_id=1533142391229672","Tara Bicol to Cubao","5","0"
"1554670212226330","https://www.facebook.com/greyhoundfreedomwall/posts/pfbid02WyhEHiudHRwgDxBBxQMojAKbKMFGxEQhmJrCWbvAXcLoaqH2FwJHS7pZrV25eUrdl?comment_id=1554670212226330","Wag Kang mag Alala paulit ulit din yang mangyayari saimo po ☺️","0","0"
"2154506888656474","https://www.facebook.com/greyhoundfreedomwall/posts/pfbid02WyhEHiudHRwgDxBBxQMojAKbKMFGxEQhmJrCWbvAXcLoaqH2FwJHS7pZrV25eUrdl?comment_id=2154506888656474","Si Adrian Boado Ponte to","2","0"
"1230728762444325","https://www.facebook.com/greyhoundfreedomwall/posts/pfbid02WyhEHiudHRwgDxBBxQMojAKbKMFGxEQhmJrCWbvAXcLoaqH2FwJHS7pZrV25eUrdl?comment_id=1230728762444325","pki nmin sau","2","0"
"737346892025658","https://www.facebook.com/greyhoundfreedomwall/posts/pfbid02LJN4QPoiW5N9GcKkU8vpMSGU4Yrd7UGbixW9PR9uKQHidQDEeqM3cSYY6LqtQTaKl?comment_id=737346892025658","hala kamo Edward Adrian Mark Taduran","12","0"
"25441562968808072","https://www.facebook.com/greyhoundfreedomwall/posts/pfbid02LJN4QPoiW5N9GcKkU8vpMSGU4Yrd7UGbixW9PR9uKQHidQDEeqM3cSYY6LqtQTaKl?comment_id=25441562968808072","Jigo Paolo Amarod","1","0"
"895206943043495","https://www.facebook.com/greyhoundfreedomwall/posts/pfbid02GA6poHkSFG9beTTGySHaNQX3DJpWBrGhbTPGNnP3VZvikAruTwLrSVejsk1c7HkKl?comment_id=895206943043495","Jane Lanuza boi oh HAHASHHHA","1","0"
"1200865141476070","https://www.facebook.com/greyhoundfreedomwall/posts/pfbid0yFqCBNtV3T88rTMsxXXXQFfhHw4Js4wqzjYCzpPXZLRvsMMducchJdqr85QvsJTWl?comment_id=1200865141476070","Okay. I understand that it's hard to run such a big fw page, but what's the point of making this page for UNC if you're just going to abandon it and let AI takeover? You're the founder and creator of this page so you should stay and keep this thing running, we don't care if your guys are taking too long to post. We don't want AI to post like rants, confession and a lot more. Please don't abandon this fw.","8","0"
"1386777776135777","https://www.facebook.com/greyhoundfreedomwall/posts/pfbid0254JoAZb1WZHsAn7jDnWGGiG6ZG7RCyhKvfWuwVVtLewBagRQJBFCPLwaThyCT2t4l?comment_id=1386777776135777","I aint reading allat.","2","0"
"883370124114888","https://www.facebook.com/greyhoundfreedomwall/posts/pfbid02MnXjSJHtz55svn1bTdde7Cbem7Cx4u631DiMuNpJR43EmSJpiTmFE9crzHH5Fjyil?comment_id=883370124114888","Aray ko sa mga tios","0","0"
"1129131009001884","https://www.facebook.com/greyhoundfreedomwall/posts/pfbid02zxLZzxm2zyzghdrBUUy8dHxSbV5cqQMie3TCQZCTgFoDzcqRykZD9q5VZYSfGTuml?comment_id=1129131009001884","@highlight","0","0"
"2074392023386068","https://www.facebook.com/greyhoundfreedomwall/posts/pfbid0Wi5W1xt1xZvg1HMyAEqXdxayKTcqpjRqtqgScFa5yWTrMEDSLAexF7kzhJKiHuF1l?comment_id=2074392023386068","Naka motor man Po ako pero sinita man ako subago.","0","0"
"863748309386847","https://www.facebook.com/greyhoundfreedomwall/posts/pfbid02Dz5CUeRckSyJt6qdQuYTZtt99s6yVqCsSTt39mMvQDh4ZaRzsFGWoGqSSZQzFy6Gl?comment_id=863748309386847","Admin Gus?","0","0"
"878161231220054","https://www.facebook.com/greyhoundfreedomwall/posts/pfbid02Dz5CUeRckSyJt6qdQuYTZtt99s6yVqCsSTt39mMvQDh4ZaRzsFGWoGqSSZQzFy6Gl?comment_id=878161231220054","Go go go.","0","0"
"858362866582140","https://www.facebook.com/greyhoundfreedomwall/posts/pfbid02BKRzRfikBHREdKCBRKW6uANrdNkeMP9QQNX8E6KqHNGiXtktKGsakE7Ro3XorHUQl?comment_id=858362866582140","needddd","0","0"
"1103507275016119","https://www.facebook.com/greyhoundfreedomwall/posts/pfbid0XJv5hP12GhG7He4gHPQeqkAy3wdTerMuC5gLV8rnEFWWLb9KVQtmB5xvHSwJjkqZl?comment_id=1103507275016119","Hysss arog talaga kayan pag dai lab Kang mama/papa ☹️ (mga papansin)","0","0"
"4064915423653783","https://www.facebook.com/greyhoundfreedomwall/posts/pfbid0A58pUiz72dDTbsy1RpA4tHd1F1qcoaHUmVQmSkMBbkiiopAtd1eCHmaWjGSujgKfl?comment_id=4064915423653783","Bobo ka kaya, kung matalino ka nag engineering kaman kota","0","0"
"876839574772548","https://www.facebook.com/greyhoundfreedomwall/posts/pfbid09FjnLmRv7crSqUnP4FzSGF6XH8umf75jkf7Ba7FqC5MGFsWR8bFFvM88wJvPpngXl?comment_id=876839574772548","Hello, base on my experience, Hindi po. Unless wash day or weekend.","0","0"
"821710884192145","https://www.facebook.com/greyhoundfreedomwall/posts/pfbid02atJfcFyyedogJqAD4HSBQrHXGjxsnkiemPTSiAFEWHCAxpTC7dGAJyJvGmxX1CmVl?comment_id=821710884192145","Si ate guard na mataba ata ning para sita na ni hahahahahaha","30","0"
"1968080797923244","https://www.facebook.com/greyhoundfreedomwall/posts/pfbid0BsDGrdcDvY26in2bkGuhQ31KRz46hC8mVpYhisf9J1j5tz9mancQZBN46futDTAVl?comment_id=1968080797923244","Dos Pablue pwede daw dyan outsider Hahahaha trip ko kaya i record si mga original songs ko with full band","0","0"
"1805777333388923","https://www.facebook.com/greyhoundfreedomwall/posts/pfbid0BsDGrdcDvY26in2bkGuhQ31KRz46hC8mVpYhisf9J1j5tz9mancQZBN46futDTAVl?comment_id=1805777333388923","🖐🏼","2","0"
"760096603157079","https://www.facebook.com/greyhoundfreedomwall/posts/pfbid0BsDGrdcDvY26in2bkGuhQ31KRz46hC8mVpYhisf9J1j5tz9mancQZBN46futDTAVl?comment_id=760096603157079","🙋🏻‍♀️🎤","0","0"
"862215709799230","https://www.facebook.com/greyhoundfreedomwall/posts/pfbid0BsDGrdcDvY26in2bkGuhQ31KRz46hC8mVpYhisf9J1j5tz9mancQZBN46futDTAVl?comment_id=862215709799230","🙋🏻‍♀️ 🎹","0","0"
"1266897081911601","https://www.facebook.com/greyhoundfreedomwall/posts/pfbid0BsDGrdcDvY26in2bkGuhQ31KRz46hC8mVpYhisf9J1j5tz9mancQZBN46futDTAVl?comment_id=1266897081911601","👌🏻","0","0"
"1752067782171902","https://www.facebook.com/greyhoundfreedomwall/posts/pfbid0BsDGrdcDvY26in2bkGuhQ31KRz46hC8mVpYhisf9J1j5tz9mancQZBN46futDTAVl?comment_id=1752067782171902","🖐🏼","0","0"
"3684491971681909","https://www.facebook.com/greyhoundfreedomwall/posts/pfbid022qz9ofQvWpmepd1FoUvjfwE4cbGg4GnkqewyMwqtPShquyqSRUwYNeyJh6hVswAyl?comment_id=3684491971681909","lakas hayz","0","0"
"1211185067520293","https://www.facebook.com/greyhoundfreedomwall/posts/pfbid023p7vZqM5hMoFWjFneNx3DmXa1pZJsyPy5P1UvAccjyWzvZKWaDJ93AzRtwnyXLJwl?comment_id=1211185067520293",,"0","0"
"2076816489819204","https://www.facebook.com/greyhoundfreedomwall/posts/pfbid0FpE62rviZC5xUNXYocYdJvkYDJuxivQDcf1hj9WLAqGMNrxVfMYGsBfNjZrUxuXpl?comment_id=2076816489819204","Paclaim nlng po sa gate 1","1","0"
"841630881779824","https://www.facebook.com/greyhoundfreedomwall/posts/pfbid0FpE62rviZC5xUNXYocYdJvkYDJuxivQDcf1hj9WLAqGMNrxVfMYGsBfNjZrUxuXpl?comment_id=841630881779824","ero po ba itsura nya?","0","0"
"867438532396925","https://www.facebook.com/greyhoundfreedomwall/posts/pfbid02zTqM64mrhGzLR9jGgpyarESr7G7MMXGg3u4AMm1UWgE88d1tmvfyG7fr9SVHE3nul?comment_id=867438532396925","What’s the point of having a freedom wall if ididiscontinue lang","0","0"
"788842504115292","https://www.facebook.com/greyhoundfreedomwall/posts/pfbid0z4MZFiQUXXMeAEXjQcCWyGuB4ftGwZR9jy368Z5ZDrmjq5aFvbGFWmBuBHpZpzzwl?comment_id=788842504115292","Hello, it’s okay to feel everything you’re feeling — even the heavy parts. Your heart is seen, even in the silence, and nothing about you is too much or too little. You’re not broken; you’re human, and it’s brave to put your pain into words. I’m here if you have no one to talk to. You don’t have to face any of this alone. 💛","0","0"
"24457336503942133","https://www.facebook.com/greyhoundfreedomwall/posts/pfbid0DqmqREKonUmy3JTCbTrkRNM4gV21qbhdbLbASqPcCh7UfAQg1LVQ3wtZ3aRpvYwKl?comment_id=24457336503942133","tinakot po kaming lahat ni Fei Hung Taday","1","0"
"1271521091400662","https://www.facebook.com/greyhoundfreedomwall/posts/pfbid0DqmqREKonUmy3JTCbTrkRNM4gV21qbhdbLbASqPcCh7UfAQg1LVQ3wtZ3aRpvYwKl?comment_id=1271521091400662","Reynaldo Bertulfo","2","0"
"689576740686477","https://www.facebook.com/greyhoundfreedomwall/posts/pfbid0DqmqREKonUmy3JTCbTrkRNM4gV21qbhdbLbASqPcCh7UfAQg1LVQ3wtZ3aRpvYwKl?comment_id=689576740686477","Fei Hung Taday","0","0"
"1910789839822289","https://www.facebook.com/greyhoundfreedomwall/posts/pfbid0DqmqREKonUmy3JTCbTrkRNM4gV21qbhdbLbASqPcCh7UfAQg1LVQ3wtZ3aRpvYwKl?comment_id=1910789839822289","Fei Hung Taday","0","0"
"1567396941059356","https://www.facebook.com/greyhoundfreedomwall/posts/pfbid0DqmqREKonUmy3JTCbTrkRNM4gV21qbhdbLbASqPcCh7UfAQg1LVQ3wtZ3aRpvYwKl?comment_id=1567396941059356","Fei Hung Taday","0","0"
"882715550867920","https://www.facebook.com/greyhoundfreedomwall/posts/pfbid0DqmqREKonUmy3JTCbTrkRNM4gV21qbhdbLbASqPcCh7UfAQg1LVQ3wtZ3aRpvYwKl?comment_id=882715550867920","Fei Hung Taday","0","0"
"1363118881919640","https://www.facebook.com/greyhoundfreedomwall/posts/pfbid0DqmqREKonUmy3JTCbTrkRNM4gV21qbhdbLbASqPcCh7UfAQg1LVQ3wtZ3aRpvYwKl?comment_id=1363118881919640","John Sabeniano","0","0"
"1215444810506681","https://www.facebook.com/greyhoundfreedomwall/posts/pfbid0DqmqREKonUmy3JTCbTrkRNM4gV21qbhdbLbASqPcCh7UfAQg1LVQ3wtZ3aRpvYwKl?comment_id=1215444810506681","Fei Hung Taday","0","0"
"2850985281942872","https://www.facebook.com/greyhoundfreedomwall/posts/pfbid0DqmqREKonUmy3JTCbTrkRNM4gV21qbhdbLbASqPcCh7UfAQg1LVQ3wtZ3aRpvYwKl?comment_id=2850985281942872","Fei Hung Taday","0","0"
"913078804481925","https://www.facebook.com/greyhoundfreedomwall/posts/pfbid02ZQ2dkv6vQEhMhp6fHWT92HGSwrMasEBNxRtwAV2SiBpNbxzk2cErX3RVgRwFxkvKl?comment_id=913078804481925","Raven si tig hanap mo na 1h","2","0"
"1203331425087748","https://www.facebook.com/greyhoundfreedomwall/posts/pfbid0JPqvUWuxRUz3r7KPi5vm9RCagsVoNCcy5ViUWauqtWku1JyXYrCgEX1uxa2fwnBZl?comment_id=1203331425087748","Fleece huhuhu😔🤯😭","0","0"
"1541076000365787","https://www.facebook.com/greyhoundfreedomwall/posts/pfbid0NWMm5uce9HW8wcLuQwZdhFewADLDvdvQAFkoftR6TRfQEhwKo8qwbjmYp3bwaodFl?comment_id=1541076000365787","Nagluwas sa 2nd, papalaugon sa 1st gate, lopit para nagbakal ning burger HAHAHHAHHHAHHAHAHAHA","8","0"
"1359602365544927","https://www.facebook.com/greyhoundfreedomwall/posts/pfbid0NWMm5uce9HW8wcLuQwZdhFewADLDvdvQAFkoftR6TRfQEhwKo8qwbjmYp3bwaodFl?comment_id=1359602365544927","Benedict Maravilla aray ko","1","0"
"4326028544387655","https://www.facebook.com/greyhoundfreedomwall/posts/pfbid0NWMm5uce9HW8wcLuQwZdhFewADLDvdvQAFkoftR6TRfQEhwKo8qwbjmYp3bwaodFl?comment_id=4326028544387655","Alexa GIRL HAHAHAHAHAHA","1","0"
"848034230934251","https://www.facebook.com/greyhoundfreedomwall/posts/pfbid0NWMm5uce9HW8wcLuQwZdhFewADLDvdvQAFkoftR6TRfQEhwKo8qwbjmYp3bwaodFl?comment_id=848034230934251","grabe kana John Michael Aracosta","0","0"
"1858822768053674","https://www.facebook.com/greyhoundfreedomwall/posts/pfbid0NWMm5uce9HW8wcLuQwZdhFewADLDvdvQAFkoftR6TRfQEhwKo8qwbjmYp3bwaodFl?comment_id=1858822768053674","Yuri Teoxon Fuentes","1","0"
"1370093447897688","https://www.facebook.com/greyhoundfreedomwall/posts/pfbid0NWMm5uce9HW8wcLuQwZdhFewADLDvdvQAFkoftR6TRfQEhwKo8qwbjmYp3bwaodFl?comment_id=1370093447897688",,"1","0"
"1365731175348687","https://www.facebook.com/greyhoundfreedomwall/posts/pfbid0NWMm5uce9HW8wcLuQwZdhFewADLDvdvQAFkoftR6TRfQEhwKo8qwbjmYp3bwaodFl?comment_id=1365731175348687","barda HAHAHAHAHAHAHAH","0","0"
"1380749000234469","https://www.facebook.com/greyhoundfreedomwall/posts/pfbid0Byf1spn2YBBfe88zo1RbmTGBn53xfGanVfK52xgos6VvgsvFNySgi9aF383n3JrKl?comment_id=1380749000234469","Mawawala talaga angas mo dito men, EunizeJazzy Bañez Cajayon","1","0"
"1192122306345763","https://www.facebook.com/greyhoundfreedomwall/posts/pfbid0337VYhDgkuuQd2nMZvBEWCihmCPLoABCa9NVV3gm7iMerjLRCdnx1pRn77nZoKy6ul?comment_id=1192122306345763","Naga City Legal Office or PAO","0","0"
"1613215542999447","https://www.facebook.com/greyhoundfreedomwall/posts/pfbid025VKMGD4VwnNDTvaSMHhdd568Z5JbmKfUZxvthWSpBUCXGZ7DH9KMFahv54LeQ1JKl?comment_id=1613215542999447","Jhana Mycaella Joey hilinga na nindo entry ni ros oh Rosalyn","3","0"
"1909403499934395","https://www.facebook.com/greyhoundfreedomwall/posts/pfbid0NKshmgoNrhKv8MQ4uVgAeVgvkaifocW9vxonxCnAVzcWmioHnzjduKEgbQMUmuegl?comment_id=1909403499934395","ang lakas nung CJ Villanueva","0","0"
"1479992209747837","https://www.facebook.com/greyhoundfreedomwall/posts/pfbid021iTe84a9VXwM8dvsBq9uYqAoZZfVp7zPUHuKhvGcxuTxCC7628eu2PUbxfEqe8L9l?comment_id=1479992209747837","Hi sender. People kinda considered me extrovert and outgoing pero tbh, I don't feel the same way. During my time in college, specifically in 1st to 3rd year, I usually felt alone. Wala din naman akong friend na makausap on things running in my head. Not until I'm in my 4th and 5th year when I truly discovered my circle. Primary reason why I don't get that close to people is that I built my wall. I believe that the less they have access to us, the less they will be able to hurt us. Sabi ko pa nga, we only get hurt by the people we care, kaya pag-nakagawa talaga ng masakit yung mga tinuturing kong friend at walang apology and remorse, dinadamdam ko talaga.

This is unsolicited but I hope it helps: May mga araw talaga na you'll have to do things alone. Mag-lunch mag-isa, lumabas mag-isa, and even attend school events alone just because you don't feel close enough to other people. The trick is, you have to imagine yourself happy while doing things. I remember my classmate in college when we are trying to create an editorial article about extra-curricular activities in school that said, ""Kaya man lang habo mag-attend kang ibang students sa mga event sa school is because they don't have friends to go with"" and it's true. Ang hirap talaga mag traverse in college alone and it's hard to make yourself vulnerable to allow people get close to you. 

One thing I can be sure of sender is that, time will change you in a way that will surprise you. Who knows? Maybe sooner or later you'll get to know people who are truly your people. Maybe you'll find joy in solitude. Who knows? Only time will tell.

For now, whatever you're feeling, it's valid. Damdamin mo lang, but while you're feeling it, make an action towards it.","2","0"
"1186382523430838","https://www.facebook.com/greyhoundfreedomwall/posts/pfbid021iTe84a9VXwM8dvsBq9uYqAoZZfVp7zPUHuKhvGcxuTxCC7628eu2PUbxfEqe8L9l?comment_id=1186382523430838","Try to open yourself for peers na makakausap mo ,but I suggest piliin mo lang pakikisamahan mo. Honestly mas gusto ko mag isa, pero ngayung nasa law school ako mas ok din pla may mga kakilala ka, mas ok kung upperclass po or yung mga seniors mo po.","0","0"
"1918170486247925","https://www.facebook.com/greyhoundfreedomwall/posts/pfbid021iTe84a9VXwM8dvsBq9uYqAoZZfVp7zPUHuKhvGcxuTxCC7628eu2PUbxfEqe8L9l?comment_id=1918170486247925","I kinda feel you, I used to be like this, but now i have friends who listens to me, and I'd like to help others the same way my friends did saakin, so if you'd like someone to listen to you, you can come to me :3 only if you want to fr 

I gathered my courage to comment on this post lmao huhu","1","0"
"1136346668648974","https://www.facebook.com/greyhoundfreedomwall/posts/pfbid021iTe84a9VXwM8dvsBq9uYqAoZZfVp7zPUHuKhvGcxuTxCC7628eu2PUbxfEqe8L9l?comment_id=1136346668648974","Hi!! Was in the same situation back in college despite being an extrovert.  I remembered just walking into the guidance office and asking for the assigned counselor to our dept. You may just tell them that you need a session and they will accommodate you warmly. Go for it, OP! Hugs!! 🫂","1","0"
"907953548335220","https://www.facebook.com/greyhoundfreedomwall/posts/pfbid02aUkv7967uHGNAUcDTZsipHn7siwWxXNnk3Wr4DBztr3CxGFAjEyfeLYLuk2bKCEl?comment_id=907953548335220","Once Bitten, Twice Shy🫣🫣🤣","2","0"
"1494313938490472","https://www.facebook.com/greyhoundfreedomwall/posts/pfbid04DbqLdWnj4xcwntcT1v7Y4JpK6tHWZgPp8icQ8ca7rBiyEuU1smvUSojrScLaj7Dl?comment_id=1494313938490472","As far as I know po, we may wear civilian outfit na.","0","0"
"717636571380677","https://www.facebook.com/greyhoundfreedomwall/posts/pfbid04DbqLdWnj4xcwntcT1v7Y4JpK6tHWZgPp8icQ8ca7rBiyEuU1smvUSojrScLaj7Dl?comment_id=717636571380677","no","0","0"
"810088918457177","https://www.facebook.com/greyhoundfreedomwall/posts/pfbid04DbqLdWnj4xcwntcT1v7Y4JpK6tHWZgPp8icQ8ca7rBiyEuU1smvUSojrScLaj7Dl?comment_id=810088918457177",,"0","0"
"1178341586997114","https://www.facebook.com/greyhoundfreedomwall/posts/pfbid033RBfGpK9UBUpZSYK45TSi2DvqU6PgjAo9Kv5s7esrdEuALzB9WFEwjnyPh5SwBogl?comment_id=1178341586997114","Sorry pi🤪🥹","0","0"
"24952805867681439","https://www.facebook.com/greyhoundfreedomwall/posts/pfbid0YeM2757EUwbjNjEc83G2T63NMFtzDrG2a84czKytrvR6bThvRGHBSgxJ3xRoXogRl?comment_id=24952805867681439","hii we’re on it behind the scenes!! be prepared by the end of the month po👀","4","0"
"1741287639887498","https://www.facebook.com/greyhoundfreedomwall/posts/pfbid0PMBAdjczxoCHpscn7wqDtpWBdyBmA6x9fsymBgNMyQkkTtDauLNScVUJbyu5QDQDl?comment_id=1741287639887498","DAI KA PO NAKAKA TARAM?","8","0"
"1329472428925624","https://www.facebook.com/greyhoundfreedomwall/posts/pfbid02U7hGRfiCARLd4XQWMXkL1btc8hAAEd2vmw3C5nz9qHcnEC5iksLs9KQHSxyov1ynl?comment_id=1329472428925624","Ano ang say mo bes Gwyneth?","2","0"
"1945178779543416","https://www.facebook.com/greyhoundfreedomwall/posts/pfbid02U7hGRfiCARLd4XQWMXkL1btc8hAAEd2vmw3C5nz9qHcnEC5iksLs9KQHSxyov1ynl?comment_id=1945178779543416","HWHHAHAHAHAHA GRABE NAMAN TALAGA SIR Deocon Gaurano Severa","0","0"
"720669690498971","https://www.facebook.com/greyhoundfreedomwall/posts/pfbid02U7hGRfiCARLd4XQWMXkL1btc8hAAEd2vmw3C5nz9qHcnEC5iksLs9KQHSxyov1ynl?comment_id=720669690498971","Sir Deocon Gaurano Severa oh","4","0"
"851542647347099","https://www.facebook.com/greyhoundfreedomwall/posts/pfbid02U7hGRfiCARLd4XQWMXkL1btc8hAAEd2vmw3C5nz9qHcnEC5iksLs9KQHSxyov1ynl?comment_id=851542647347099","Deocon Gaurano Severa LAKAS MO SIR DEOCON G","0","0"
"1904569510438364","https://www.facebook.com/greyhoundfreedomwall/posts/pfbid02U7hGRfiCARLd4XQWMXkL1btc8hAAEd2vmw3C5nz9qHcnEC5iksLs9KQHSxyov1ynl?comment_id=1904569510438364","Iba talaga ang ser ocon!","0","0"
"1203421148516117","https://www.facebook.com/greyhoundfreedomwall/posts/pfbid02U7hGRfiCARLd4XQWMXkL1btc8hAAEd2vmw3C5nz9qHcnEC5iksLs9KQHSxyov1ynl?comment_id=1203421148516117",,"3","0"
"1356633138787508","https://www.facebook.com/greyhoundfreedomwall/posts/pfbid02U7hGRfiCARLd4XQWMXkL1btc8hAAEd2vmw3C5nz9qHcnEC5iksLs9KQHSxyov1ynl?comment_id=1356633138787508","Deocon Gaurano Severa","0","0"
"1651090858999028","https://www.facebook.com/greyhoundfreedomwall/posts/pfbid02U7hGRfiCARLd4XQWMXkL1btc8hAAEd2vmw3C5nz9qHcnEC5iksLs9KQHSxyov1ynl?comment_id=1651090858999028","Fatima Cilo inaaagawan ka oh","0","0"
"4136192153375597","https://www.facebook.com/greyhoundfreedomwall/posts/pfbid0rxXKGDfFohL6fwc2oEBEfukuYzk4vBH1xk1AS8t31wS3mT6e6pj61CCiBe3zRyYfl?comment_id=4136192153375597","libre ko na hope mo admin","3","0"
"25068062152862861","https://www.facebook.com/greyhoundfreedomwall/posts/pfbid06CGjHRz9WpL7cZg4emu4Srd8L9idDJoyV7zLsfuR6qKY7PvTSKBeLHgYXNCVnRsql?comment_id=25068062152862861","siguro ika admin Daniel hahah","2","0"
"1368423651364682","https://www.facebook.com/greyhoundfreedomwall/posts/pfbid06CGjHRz9WpL7cZg4emu4Srd8L9idDJoyV7zLsfuR6qKY7PvTSKBeLHgYXNCVnRsql?comment_id=1368423651364682","Ml po wala?","0","0"
"25687141830893178","https://www.facebook.com/greyhoundfreedomwall/posts/pfbid06CGjHRz9WpL7cZg4emu4Srd8L9idDJoyV7zLsfuR6qKY7PvTSKBeLHgYXNCVnRsql?comment_id=25687141830893178","Pwede po ba sumali dyan?","0","0"
"2092139968192564","https://www.facebook.com/greyhoundfreedomwall/posts/pfbid06CGjHRz9WpL7cZg4emu4Srd8L9idDJoyV7zLsfuR6qKY7PvTSKBeLHgYXNCVnRsql?comment_id=2092139968192564","Grabe ka na Daniel Collantes","2","0"
"1171669361062006","https://www.facebook.com/greyhoundfreedomwall/posts/pfbid027URZJaurcBwHgC2eLxZ8mfqYWGXknkkMRLkV4nZBDByxbicvarN1uzfdeTA5EtLJl?comment_id=1171669361062006","hello po, former stem student here! 

try watching yt vids po especially ‘yung organic chemistry and try mo muna aralin basic formulas, mas mabuti if memorize rin, then try/practice solving basic equations to complicated equations. magpa-generate ka sa chatgpt or gemini, then ask mo sila later on ng answers kung paano nakuha ‘yon. 

‘yun lang talaga gagawin, solve lang nang solve hanggang makapa mo ‘yung formulas and topic with or without guide. kasi hindi mo makakapa ‘yung math/topic niyo sa math if puro lang nood, dapat nagpa-practice rin pag-solve.","2","0"
"1088899913177306","https://www.facebook.com/greyhoundfreedomwall/posts/pfbid0By7KXaN44CQS26KBQuYdCktoLnk5v8UPLAvXEDL4PhUbGnsAFqk7ekmxL2A2ZyLxl?comment_id=1088899913177306","Tropahon nindo ang Batcom saka Rosales G ta malapit yan sa puso kan mga security guard impluwensya na din kang founder Carmelo Gonzalezz. Poon first year 1 beses pa lang nag uniform, pa 4th year na lamang.","4","0"
"1365991611849758","https://www.facebook.com/greyhoundfreedomwall/posts/pfbid02CFi5gPpjaRyKTttzFcqZ2bU8HFR5Ej6Xm3vGoW9ryW3Y7qJjWLk4MZpJ1AEUmkLjl?comment_id=1365991611849758","Hahahahahahahahahahahahahaha ihhh? Paradaya baga daa, daraogon man kamo dae para talk po 😙","23","0"
"767921059604548","https://www.facebook.com/greyhoundfreedomwall/posts/pfbid02CFi5gPpjaRyKTttzFcqZ2bU8HFR5Ej6Xm3vGoW9ryW3Y7qJjWLk4MZpJ1AEUmkLjl?comment_id=767921059604548","John Joshua Bolo para Daya ka nanaman sa kbsb","0","0"
"1322729362476065","https://www.facebook.com/greyhoundfreedomwall/posts/pfbid02fJQJrHCNqdL9qpsBzyAeJPHbap4232rXXcdEexjz5E7dS3H4sVEF7KqwxDtNu8kjl?comment_id=1322729362476065","the type of greed they mention in the bible","8","0"
"1791478518183190","https://www.facebook.com/greyhoundfreedomwall/posts/pfbid02fJQJrHCNqdL9qpsBzyAeJPHbap4232rXXcdEexjz5E7dS3H4sVEF7KqwxDtNu8kjl?comment_id=1791478518183190","Kita ko sila kagabi kumakain sa bayawas st.","0","0"
"1123849429548577","https://www.facebook.com/greyhoundfreedomwall/posts/pfbid02fJQJrHCNqdL9qpsBzyAeJPHbap4232rXXcdEexjz5E7dS3H4sVEF7KqwxDtNu8kjl?comment_id=1123849429548577","Kevin Matias Taugan pagkakataon mo na noy","1","0"
"2090869245020883","https://www.facebook.com/greyhoundfreedomwall/posts/pfbid02fJQJrHCNqdL9qpsBzyAeJPHbap4232rXXcdEexjz5E7dS3H4sVEF7KqwxDtNu8kjl?comment_id=2090869245020883","Bakla yan.open pwet pwet yan","0","0"
"676408641989856","https://www.facebook.com/greyhoundfreedomwall/posts/pfbid0DdS6bZgNijMM9qi3yqcMLbxf4frns4Hysk1QJpgpzQTanWHiUBoUxa6wPcJewDyRl?comment_id=676408641989856","Di ko kayo ma-pm 🙂","4","0"
"811784175065091","https://www.facebook.com/greyhoundfreedomwall/posts/pfbid02XwpycfCgdFTkyZkfgQsduvHdciNqSdh8vvoPMhXDwJKb8Dn5pyikVe7oTCxSzf2Fl?comment_id=811784175065091","hi op! super binaha po ang centro and according sa post may natumba rin na trees it’s just they are blind about the damages of typhoon uwan gusto agad nila resumption of class, i live almost near sa centro and kami rin hindi pa rin fully recovered as of now, pero i hope they will consider it and prioritize the safety of their students","1","0"
"1196876678998682","https://www.facebook.com/greyhoundfreedomwall/posts/pfbid0M9wqfdMZQvS6UYY9mfrxPKMazU2gGxC4fJjMncjxwzkR4jd8Uo5W1mWsm942VcHbl?comment_id=1196876678998682","meron po, ma enroll ka? wag na HAHAHAHAJAHAHAHAHAHAJ KIDDING","6","0"
"863611649867646","https://www.facebook.com/greyhoundfreedomwall/posts/pfbid0M9wqfdMZQvS6UYY9mfrxPKMazU2gGxC4fJjMncjxwzkR4jd8Uo5W1mWsm942VcHbl?comment_id=863611649867646","Norms","0","0"
"1555250785471579","https://www.facebook.com/greyhoundfreedomwall/posts/pfbid0LdUbs5nSPyzDApy3Z42dj3X1mvHNYYite4zyGShELUb5iQvXQCXkjeBXmnXjRQopl?comment_id=1555250785471579","LEGIITTTTTTTT HAHAHAHAHAHAHAHA","1","0"
"1505678673969467","https://www.facebook.com/greyhoundfreedomwall/posts/pfbid0LdUbs5nSPyzDApy3Z42dj3X1mvHNYYite4zyGShELUb5iQvXQCXkjeBXmnXjRQopl?comment_id=1505678673969467","true paralak-palak na ang mga yan!!!!’","14","0"
"1373965464301990","https://www.facebook.com/greyhoundfreedomwall/posts/pfbid0LdUbs5nSPyzDApy3Z42dj3X1mvHNYYite4zyGShELUb5iQvXQCXkjeBXmnXjRQopl?comment_id=1373965464301990","saccit,,,,wala nang ginawang right puro na lang left😔 Jay Vhie Abunda Kim Fabregas","13","0"
"1357012782491297","https://www.facebook.com/greyhoundfreedomwall/posts/pfbid0LdUbs5nSPyzDApy3Z42dj3X1mvHNYYite4zyGShELUb5iQvXQCXkjeBXmnXjRQopl?comment_id=1357012782491297","Taga tido ni-ho!","1","0"
"1370439694656827","https://www.facebook.com/greyhoundfreedomwall/posts/pfbid02b4MPPfn9DrL725SfJTNaHZxPJTKy89CpHAKhiJvJd11HnQYyNGcKGq79hV8VGgH2l?comment_id=1370439694656827","Pota ta pakatapos mong bakitahon matsalove na pota hahahahaha matsalove","5","0"
"760395240403979","https://www.facebook.com/greyhoundfreedomwall/posts/pfbid02E7cETPrxy78otH8VY7rdJKDyBVddDyXFBZ1bpQdrHiqykCnGAsCdVid6wCMZ3gdil?comment_id=760395240403979","Stop posting nasty shit here in gfw!","2","0"
"807815732056794","https://www.facebook.com/greyhoundfreedomwall/posts/pfbid02E7cETPrxy78otH8VY7rdJKDyBVddDyXFBZ1bpQdrHiqykCnGAsCdVid6wCMZ3gdil?comment_id=807815732056794",,"3","0"
"767354489698755","https://www.facebook.com/greyhoundfreedomwall/posts/pfbid022BDVUUqq734qWR9dvL3fsSxdkwehrvpXeaHKoiaJyqmwgJQGi5edLdnqQHbgZTzel?comment_id=767354489698755","James Vincent","1","0"
"2043998746426232","https://www.facebook.com/greyhoundfreedomwall/posts/pfbid034rwytGCHXTwqzZNA72DnGhVguyNWAvbcdQxtMn8AR9NnWtaCiz2nEkDqU6n43X8Ml?comment_id=2043998746426232","I ain’t reading allat😝","19","0"
"811205368385739","https://www.facebook.com/greyhoundfreedomwall/posts/pfbid034rwytGCHXTwqzZNA72DnGhVguyNWAvbcdQxtMn8AR9NnWtaCiz2nEkDqU6n43X8Ml?comment_id=811205368385739","Itikom mo nalang rapak mo ha","20","0"
"1479463090126779","https://www.facebook.com/greyhoundfreedomwall/posts/pfbid034rwytGCHXTwqzZNA72DnGhVguyNWAvbcdQxtMn8AR9NnWtaCiz2nEkDqU6n43X8Ml?comment_id=1479463090126779","Rage bait ba to?","6","0"
"3346431568869674","https://www.facebook.com/greyhoundfreedomwall/posts/pfbid034rwytGCHXTwqzZNA72DnGhVguyNWAvbcdQxtMn8AR9NnWtaCiz2nEkDqU6n43X8Ml?comment_id=3346431568869674","Gusto mo kaning palad ko na nag gagaratok na kakasigid? Na dai pa matapos tapos Ang linigon","21","0"
"1161194425993298","https://www.facebook.com/greyhoundfreedomwall/posts/pfbid034rwytGCHXTwqzZNA72DnGhVguyNWAvbcdQxtMn8AR9NnWtaCiz2nEkDqU6n43X8Ml?comment_id=1161194425993298","pasapok pls","10","0"
"838151161918335","https://www.facebook.com/greyhoundfreedomwall/posts/pfbid034rwytGCHXTwqzZNA72DnGhVguyNWAvbcdQxtMn8AR9NnWtaCiz2nEkDqU6n43X8Ml?comment_id=838151161918335","Aki garo ni kang contractor","4","0"
"1923980634824468","https://www.facebook.com/greyhoundfreedomwall/posts/pfbid034rwytGCHXTwqzZNA72DnGhVguyNWAvbcdQxtMn8AR9NnWtaCiz2nEkDqU6n43X8Ml?comment_id=1923980634824468","Rage bait 3.3/10","0","0"
"807758235409822","https://www.facebook.com/greyhoundfreedomwall/posts/pfbid034rwytGCHXTwqzZNA72DnGhVguyNWAvbcdQxtMn8AR9NnWtaCiz2nEkDqU6n43X8Ml?comment_id=807758235409822","Valid crash out","0","0"
"858870340155925","https://www.facebook.com/greyhoundfreedomwall/posts/pfbid034rwytGCHXTwqzZNA72DnGhVguyNWAvbcdQxtMn8AR9NnWtaCiz2nEkDqU6n43X8Ml?comment_id=858870340155925","gusto mo? sapakin ko sarili mo?","0","0"
"818798134279141","https://www.facebook.com/greyhoundfreedomwall/posts/pfbid034rwytGCHXTwqzZNA72DnGhVguyNWAvbcdQxtMn8AR9NnWtaCiz2nEkDqU6n43X8Ml?comment_id=818798134279141","Luhhhh.","3","0"
"1516461166261000","https://www.facebook.com/greyhoundfreedomwall/posts/pfbid0dP7rgDfJ6nDWk6YYpDsG4k9UupnjcFvHZDRq5Byk2ym9XrNfMjKhUtyLgE1Sg34ul?comment_id=1516461166261000","Nagdarang K9 ampota, kami gayod mabahog","26","0"
"1338870653839156","https://www.facebook.com/greyhoundfreedomwall/posts/pfbid0dP7rgDfJ6nDWk6YYpDsG4k9UupnjcFvHZDRq5Byk2ym9XrNfMjKhUtyLgE1Sg34ul?comment_id=1338870653839156","Mabilison mag gibong meme!!! Kasing bilis kang pag abot kang bomb squad 🫣","24","0"
"1737508093596285","https://www.facebook.com/greyhoundfreedomwall/posts/pfbid0ogAq2yA5fETYszkQh1sAeJpo1zMTw6VbUWqS7yRN7BieqvMZwpCwTVM1vex8BwPKl?comment_id=1737508093596285","Harmless kang angog mo hahahahahha","0","0"
"1193303099346899","https://www.facebook.com/greyhoundfreedomwall/posts/pfbid02qPDsmZoWFz8bbeNwcPsCSirzztWXtoyfYyCkApSC35RsdxLDuTsd2JQkkAcobNuYl?comment_id=1193303099346899","As a former student of UNC and an alumnus, nakakahiya ugali mo. You're too insensitive. Be mindful of your words, as your attitude reflects the education of the academe. Maraming matatalino sa UNC pero there seems to be lacking sa attidue ng students. Know that you're not just staining the uniform of those students who are currently enrolled in the University — even its alumni. 

Like if ever someone would try to look for a school to enrol, makikita yang ganyang ugali, they might think twice kung sa UNC pa ba or dai na.

Grabe, yung ugali. For those people reading this and other similar posts na grabe ang attidue kang students instead of raising the concern with respect, not all UNCEANS are like this. Hayss.

You can raise a concern with respect pa rin.","59","0"
"841259704939330","https://www.facebook.com/greyhoundfreedomwall/posts/pfbid02qPDsmZoWFz8bbeNwcPsCSirzztWXtoyfYyCkApSC35RsdxLDuTsd2JQkkAcobNuYl?comment_id=841259704939330","Vhince Joseph Boreta hahahaha","0","0"
"808051562037860","https://www.facebook.com/greyhoundfreedomwall/posts/pfbid02noiQ9MD9A6eH2TUQBZrFUuUGkUEPVtaBVEjKmTppxMehcCKXaoPQuseZ8Zft9o5cl?comment_id=808051562037860","Tama hahaha","0","0"
"846227461681715","https://www.facebook.com/greyhoundfreedomwall/posts/pfbid0xEChjVASJzf4FjhXqeofwHdLLMuVNaK2CACQzneKo57f2vcD1WPsRTFqnPbVTkZ3l?comment_id=846227461681715","Thank you for this, GFW! Let's create an environment where UNCeans are seen, valued, and listened to — all in the right process and consideration.🫶

Basta no sa bullying, violence, or any form of downgrading others ha! We accept criticisms that are targeted saamin but when it comes to the welfare of UNCeans there is we will intervene.

For now, the USG is creating a platform kung saan mas maayos, directed, and mabilis ma-address ang concern ng students, we are still strengthening this initiative but we hope for your patience.❤️

Magbaragunas muna kita ning dalnak ngunyan ta garo nanaman baga yan sahara desert pag na alang.","0","0"
"773581722373817","https://www.facebook.com/greyhoundfreedomwall/posts/pfbid0xEChjVASJzf4FjhXqeofwHdLLMuVNaK2CACQzneKo57f2vcD1WPsRTFqnPbVTkZ3l?comment_id=773581722373817","Bruh sterilize mo muna bago mo inumon😭","0","0"
"1547624076281143","https://www.facebook.com/greyhoundfreedomwall/posts/pfbid0E41HjAVfboXLfCjDZMDYgmJrh14ZdDHvAQqKfXSoP7KeWethhRvkHS9umv13DnJGl?comment_id=1547624076281143","Sain mang announcement na online ang klase sa UNC? Hanapi daw face to face daa baga ang klase anukaman.","2","0"
"1301614118669993","https://www.facebook.com/greyhoundfreedomwall/posts/pfbid02bB88ZUDGcvxJyPbvzbCXJAf7xNbHyELFvhJ6B1doeiSLDnZMQRoEm5oBjSse29qPl?comment_id=1301614118669993","Baka intel ka man sana kang mga parak","21","0"
"767060499715870","https://www.facebook.com/greyhoundfreedomwall/posts/pfbid02bB88ZUDGcvxJyPbvzbCXJAf7xNbHyELFvhJ6B1doeiSLDnZMQRoEm5oBjSse29qPl?comment_id=767060499715870","Ate Angella Averilla kaamay-amay man kang exposure mo igdi hahaha","0","0"
"1460416205025509","https://www.facebook.com/greyhoundfreedomwall/posts/pfbid02bB88ZUDGcvxJyPbvzbCXJAf7xNbHyELFvhJ6B1doeiSLDnZMQRoEm5oBjSse29qPl?comment_id=1460416205025509","nailing ko nanaman mukha mo sa freedom wall akala ko tigreredtag ka nanaman HAHAHAHAHAHAHA Angella Averilla","2","0"
"1532755304586307","https://www.facebook.com/greyhoundfreedomwall/posts/pfbid0paPbQ6b5F5jaM7c6KwVg5Dr9eoFmRT4FgMinJ4aRuovmztV78K8BR5yDn32q4Cyl?comment_id=1532755304586307","Can someone send the entry?

Whoever you are, pm me. I will just send the apology letter of the PNP we acquired for what they did 🙂","0","0"
"1497379538187243","https://www.facebook.com/greyhoundfreedomwall/posts/pfbid02GtoWumVR5fMjgBbKWkX6dzrfc9UGPsZmHaJncG3cwAeYyF5rgN5mxVQNgRsFFJs5l?comment_id=1497379538187243","sabi daa hardloser ang mga taga DWCL","8","0"
"821421224135617","https://www.facebook.com/greyhoundfreedomwall/posts/pfbid02GtoWumVR5fMjgBbKWkX6dzrfc9UGPsZmHaJncG3cwAeYyF5rgN5mxVQNgRsFFJs5l?comment_id=821421224135617","oh hand off kita Michael Ray S. Sison","4","0"
"2262349067929700","https://www.facebook.com/greyhoundfreedomwall/posts/pfbid02GtoWumVR5fMjgBbKWkX6dzrfc9UGPsZmHaJncG3cwAeYyF5rgN5mxVQNgRsFFJs5l?comment_id=2262349067929700","uya po reaction niya","4","0"
"1222693056359964","https://www.facebook.com/greyhoundfreedomwall/posts/pfbid035RAbFHUuEXVXtU98hpGCc7Q9nPfXrPdVgC6LRBfUvcEHt2MUt4LFLTqTNQRafrEfl?comment_id=1222693056359964",,"1","0"
"1170601264432916","https://www.facebook.com/greyhoundfreedomwall/posts/pfbid02E65aXnwDotgMjxSSNgkh5xxVskgetyE95beYyzAR5Xj86wvQQYaJkT8HhaQwmQjcl?comment_id=1170601264432916","Bukas pa ata","0","0"
"1175659444628328","https://www.facebook.com/greyhoundfreedomwall/posts/pfbid02E65aXnwDotgMjxSSNgkh5xxVskgetyE95beYyzAR5Xj86wvQQYaJkT8HhaQwmQjcl?comment_id=1175659444628328","bran awt na po sa may part ng prietoo :((","0","0"
"1151775613238744","https://www.facebook.com/greyhoundfreedomwall/posts/pfbid0uvRKoDcX4R6uDh7eNw2pa2ADZJEKxbTKrq8tEq4bG38Tf7Ee4xHSUBpkvt9vGaP9l?comment_id=1151775613238744","Master square 2nd floor","2","0"
"744097505352846","https://www.facebook.com/greyhoundfreedomwall/posts/pfbid0oBmwWGvgHNRicFpB6L6s5cHZDWDWCnCtM5o6HpqYbXWDAMm9LbbKdHBH76JLSoM8l?comment_id=744097505352846","Isay si benedict sanpi hahahaa","18","0"
"4025257197738215","https://www.facebook.com/greyhoundfreedomwall/posts/pfbid0oBmwWGvgHNRicFpB6L6s5cHZDWDWCnCtM5o6HpqYbXWDAMm9LbbKdHBH76JLSoM8l?comment_id=4025257197738215","naol batang 90s","28","0"
"2040473740112667","https://www.facebook.com/greyhoundfreedomwall/posts/pfbid0oBmwWGvgHNRicFpB6L6s5cHZDWDWCnCtM5o6HpqYbXWDAMm9LbbKdHBH76JLSoM8l?comment_id=2040473740112667","bayaan nindo sya magklase solo, grabe ang ngurab ngurab kala mo talaga mas makusog sya sa bagyo. EXCUSE ME?!?! ANONG KLASENG UTAK BA IGWA KA?! PRESIDENTE KA PA KAYAN SA ESKWELAHAN NINDO HA? PERO UTAK MO UDA LAOG, KAYA NGANI PINASUSPEND NA NING AMAY PARA MAKAULI SI MGA NASA HARARAYO PA ANG UULIAN AND PARA MAKAPAGPREPARE NA DIN, KUNG IKA HARANI LANG ANG HARONG MO SIGE! KASTAHI MAGKLASE! SABATON MO ANG BAGYO! SUYA MO AY ATA KULANG AKO SA TUROG NABABADTRIP AKO SAEMO PAGKAAMAY AMAY! BWES1T 😤😤😤😤","19","0"
"2020094302121056","https://www.facebook.com/greyhoundfreedomwall/posts/pfbid0oBmwWGvgHNRicFpB6L6s5cHZDWDWCnCtM5o6HpqYbXWDAMm9LbbKdHBH76JLSoM8l?comment_id=2020094302121056","Kung tinapirang taka daw ngunyan, next week mo pa mamamati?","7","0"
"4879606625598900","https://www.facebook.com/greyhoundfreedomwall/posts/pfbid0oBmwWGvgHNRicFpB6L6s5cHZDWDWCnCtM5o6HpqYbXWDAMm9LbbKdHBH76JLSoM8l?comment_id=4879606625598900","Sige, salubungin mo ang bagyo HAHAHA","10","0"
"732646432419567","https://www.facebook.com/greyhoundfreedomwall/posts/pfbid0oBmwWGvgHNRicFpB6L6s5cHZDWDWCnCtM5o6HpqYbXWDAMm9LbbKdHBH76JLSoM8l?comment_id=732646432419567","Baka pwede yang iribay sa baybay na nasa bubong mi","4","0"
"876526708030783","https://www.facebook.com/greyhoundfreedomwall/posts/pfbid0oBmwWGvgHNRicFpB6L6s5cHZDWDWCnCtM5o6HpqYbXWDAMm9LbbKdHBH76JLSoM8l?comment_id=876526708030783","Magklase ka nin solo mo, dawa binabaragyo kana!","8","0"
"1419832632894348","https://www.facebook.com/greyhoundfreedomwall/posts/pfbid0oBmwWGvgHNRicFpB6L6s5cHZDWDWCnCtM5o6HpqYbXWDAMm9LbbKdHBH76JLSoM8l?comment_id=1419832632894348","comment comment kana kaya Baren Molina","1","0"
"1134748722128247","https://www.facebook.com/greyhoundfreedomwall/posts/pfbid0oBmwWGvgHNRicFpB6L6s5cHZDWDWCnCtM5o6HpqYbXWDAMm9LbbKdHBH76JLSoM8l?comment_id=1134748722128247","Rage bait yan?","0","0"
"33265654316366534","https://www.facebook.com/greyhoundfreedomwall/posts/pfbid0oBmwWGvgHNRicFpB6L6s5cHZDWDWCnCtM5o6HpqYbXWDAMm9LbbKdHBH76JLSoM8l?comment_id=33265654316366534","HAHAHAHAHA","0","0"
"1551290919400638","https://www.facebook.com/greyhoundfreedomwall/posts/pfbid0hP5fkgibxbyeSx6kb76tZzWZ6HXt8xN4rDTnJbz73eYus74qPNzAgvW3crJun9bvl?comment_id=1551290919400638","up","0","0"
"1384860903168781","https://www.facebook.com/greyhoundfreedomwall/posts/pfbid0ZaBoGDqE1b4JLpXHYcd3WmSSBeBFBSTfRQeecTnCBRkMC3rwWLeVk8U6wmHxTJ5ml?comment_id=1384860903168781","Mga natong kaya","0","0"
"771200885967106","https://www.facebook.com/greyhoundfreedomwall/posts/pfbid0SRQZNVMC4ZrvFU5bxeVLH8wymKS1yLcFPPGAhDapC84U9dVwZ7ioAS6K4EwoehRWl?comment_id=771200885967106","Daphne Infornon hay nako beh pansinin mo na ksi","2","0"
"1020619040198892","https://www.facebook.com/greyhoundfreedomwall/posts/pfbid0SRQZNVMC4ZrvFU5bxeVLH8wymKS1yLcFPPGAhDapC84U9dVwZ7ioAS6K4EwoehRWl?comment_id=1020619040198892","Daphne minumura ka oh","0","0"
"1159817966123513","https://www.facebook.com/greyhoundfreedomwall/posts/pfbid037mtzX2QjZ8ofnuuRcNV9J7UYnfN3vWbnjDMhSPCinfLNP7V9qdqbGzdGYctBSFdJl?comment_id=1159817966123513","Uruli na kamo ma man nag pupugol saindo, bakong sigi nindo pang rant digdi mag arasikaso na kamo kang mga gamit nindo. Init init na ngani saaga paman maabot ang bagyo.","15","0"
"738617712594865","https://www.facebook.com/greyhoundfreedomwall/posts/pfbid037mtzX2QjZ8ofnuuRcNV9J7UYnfN3vWbnjDMhSPCinfLNP7V9qdqbGzdGYctBSFdJl?comment_id=738617712594865","Dae daa uso ang suspension HAHAHA
EME","9","0"
"1481180796272933","https://www.facebook.com/greyhoundfreedomwall/posts/pfbid037mtzX2QjZ8ofnuuRcNV9J7UYnfN3vWbnjDMhSPCinfLNP7V9qdqbGzdGYctBSFdJl?comment_id=1481180796272933","Waterproof nga daw kasi","1","0"
"25462220106729604","https://www.facebook.com/greyhoundfreedomwall/posts/pfbid0261TZUujCLYtUZ6zYi4ngvf9eQfzJqtaZDDqLwq4UvEsu4SSQr8eGmCdGDyQoJiS6l?comment_id=25462220106729604","Hi 😏","25","0"
"2015066045949561","https://www.facebook.com/greyhoundfreedomwall/posts/pfbid0261TZUujCLYtUZ6zYi4ngvf9eQfzJqtaZDDqLwq4UvEsu4SSQr8eGmCdGDyQoJiS6l?comment_id=2015066045949561","Maeden Alarcon","0","0"
"1467031664379320","https://www.facebook.com/greyhoundfreedomwall/posts/pfbid05mUqxC2CwLS5TLLjW2TGB3AZosWtUZi3otC6Sq6MYAS9V3SrSmdC4w5fDT3YBnVTl?comment_id=1467031664379320","Choice nyo kung umalis na kayo ba","0","0"
"836691045726352","https://www.facebook.com/greyhoundfreedomwall/posts/pfbid0Bj2EafeE8wNcL3mB2paC92E2BHT8Wn8FbYKxQcEoaRJAtUrXXYBBpSd8n5ReEQM7l?comment_id=836691045726352","pag sila moreno, ako 🥷🏿?","2","0"
"3912248232244912","https://www.facebook.com/greyhoundfreedomwall/posts/pfbid02zKrx9GgJvdVwiBoyU22H4goHzGw8o3iUrNTvZ9c3oPxyQmpn1HRDF8o3UHdJi6pPl?comment_id=3912248232244912","Saka na pag baha na, mas maenjoy baga maglangoy langoy pauli","25","0"
"1081150543961995","https://www.facebook.com/greyhoundfreedomwall/posts/pfbid02zKrx9GgJvdVwiBoyU22H4goHzGw8o3iUrNTvZ9c3oPxyQmpn1HRDF8o3UHdJi6pPl?comment_id=1081150543961995","Yung plywood: matagal nang nakalagay na corkboard.","12","0"
"836243445550983","https://www.facebook.com/greyhoundfreedomwall/posts/pfbid02zKrx9GgJvdVwiBoyU22H4goHzGw8o3iUrNTvZ9c3oPxyQmpn1HRDF8o3UHdJi6pPl?comment_id=836243445550983","Pano poba ma aakyat ang generator sa second floor Ng NB?😆","0","0"
"845956494757149","https://www.facebook.com/greyhoundfreedomwall/posts/pfbid02zKrx9GgJvdVwiBoyU22H4goHzGw8o3iUrNTvZ9c3oPxyQmpn1HRDF8o3UHdJi6pPl?comment_id=845956494757149","oa amp..
rayo2 pa ngani kang bagyo..iyan problema saindo ngunyan ta nasanay na kamo na dikit na uran2 lng suspindido agad ang klase samantalang kato signal number ang basehan kang pagsuspend kang klase..","7","0"
"2071691843567137","https://www.facebook.com/greyhoundfreedomwall/posts/pfbid02zKrx9GgJvdVwiBoyU22H4goHzGw8o3iUrNTvZ9c3oPxyQmpn1HRDF8o3UHdJi6pPl?comment_id=2071691843567137",,"0","0"
"835494952179703","https://www.facebook.com/greyhoundfreedomwall/posts/pfbid022a9hJGybuHQH2KVv1r8S46geitWmGWdFdYszapZLEiEhJm3mbh7Sn9vokGgtWTYSl?comment_id=835494952179703","pig mention nalang kuta ako","3","0"
"1151182023782048","https://www.facebook.com/greyhoundfreedomwall/posts/pfbid022a9hJGybuHQH2KVv1r8S46geitWmGWdFdYszapZLEiEhJm3mbh7Sn9vokGgtWTYSl?comment_id=1151182023782048","Okayed","1","0"
"1543024183780779","https://www.facebook.com/greyhoundfreedomwall/posts/pfbid02DDxBpmWfgo6VhyhG8yd3ZRddD95b8uE5aJ1CtSmUDCtu6sFQS2g1hkgz34Zgvz2bl?comment_id=1543024183780779","If you want to learn comprehensively about trading fundamentals, try getting some info from Mind Math Money YouTube channel. Usually, the essentials you need to get started are your risk profile (whether you’re a conservative or aggressive risk taker), technical analysis (e.g., market structure, trendlines, chart patterns, indicators), risk management (the percentage of risk you’re willing to take based on your total equity and risk-to-reward ratio), backtested strategies covering at least five years, and I also use TradingView as my main charting tool.","1","0"
"2829255573936239","https://www.facebook.com/greyhoundfreedomwall/posts/pfbid02DDxBpmWfgo6VhyhG8yd3ZRddD95b8uE5aJ1CtSmUDCtu6sFQS2g1hkgz34Zgvz2bl?comment_id=2829255573936239","is this abt crypto? just send me a message ☺️","1","0"
"1323458575663490","https://www.facebook.com/greyhoundfreedomwall/posts/pfbid02DDxBpmWfgo6VhyhG8yd3ZRddD95b8uE5aJ1CtSmUDCtu6sFQS2g1hkgz34Zgvz2bl?comment_id=1323458575663490","Rogelio Jr Flor","1","0"
"1362552225208563","https://www.facebook.com/greyhoundfreedomwall/posts/pfbid02n3GPLs2sK1WZtcNhshSMVG1z7JZbFP4M8bJo3YUofyCzubB9ZVpDtRQURv6swTNxl?comment_id=1362552225208563","Si Jet Ace Tandaan po","0","0"
"1566589637806422","https://www.facebook.com/greyhoundfreedomwall/posts/pfbid031z5Lxaxeyg5FdH4Uk7HHP9Ag1v4Ub56DDB1CzU1teQPAgEtR2eXJUAExZSDQaNJal?comment_id=1566589637806422","have you guys tried telling the officials in our school about the issues here sa unc? and have you guys take an action regarding those issues na makakasira sa school natin?","0","0"
"24939936098993929","https://www.facebook.com/greyhoundfreedomwall/posts/pfbid031z5Lxaxeyg5FdH4Uk7HHP9Ag1v4Ub56DDB1CzU1teQPAgEtR2eXJUAExZSDQaNJal?comment_id=24939936098993929","Ano po gagawin pag miss ko na asawa ko?","4","0"
"1592676872145301","https://www.facebook.com/greyhoundfreedomwall/posts/pfbid034TaVQ8KchJjTHL7wFww5iTTjK6uQSucTMf8T8FZE8NXwMG1qoGBiGVpBS1fSVjTZl?comment_id=1592676872145301","nubayan hwbaahhhha hilang abuton nindo dyan puro fast foods","0","0"
"1983823369133338","https://www.facebook.com/greyhoundfreedomwall/posts/pfbid0SL4ABKj8jSTBoPnhmSq3t7eQADPW4sE25hk54NYPt9WJB91CuLuYVfprudPikkYpl?comment_id=1983823369133338","karisa mo der","2","0"
"811598048414854","https://www.facebook.com/greyhoundfreedomwall/posts/pfbid0SL4ABKj8jSTBoPnhmSq3t7eQADPW4sE25hk54NYPt9WJB91CuLuYVfprudPikkYpl?comment_id=811598048414854","Grabe kana Bianca Arcangel Villante","0","0"
"25195095656786985","https://www.facebook.com/greyhoundfreedomwall/posts/pfbid0SL4ABKj8jSTBoPnhmSq3t7eQADPW4sE25hk54NYPt9WJB91CuLuYVfprudPikkYpl?comment_id=25195095656786985","Ini palan si sinasabi mo, Bianca HAHAHAHAHA","1","0"
"2093691611446741","https://www.facebook.com/greyhoundfreedomwall/posts/pfbid0MJ8uNpxf3HwLm18Bx7wm18phn9FXqHC6C6BzT6FNHwzyQHV3GBEQGfA6jMZZ5S32l?comment_id=2093691611446741","Pretty much some religious group that labels itself as the ""one true church"", which is of course not applicable given that their beliefs deviate from traditional Christology and Trinitarian theology, both of which are core tenets of the Christian faith.","0","0"
"3354642864674212","https://www.facebook.com/greyhoundfreedomwall/posts/pfbid0MJ8uNpxf3HwLm18Bx7wm18phn9FXqHC6C6BzT6FNHwzyQHV3GBEQGfA6jMZZ5S32l?comment_id=3354642864674212","Cool to","0","0"
"812626988323378","https://www.facebook.com/greyhoundfreedomwall/posts/pfbid0MJ8uNpxf3HwLm18Bx7wm18phn9FXqHC6C6BzT6FNHwzyQHV3GBEQGfA6jMZZ5S32l?comment_id=812626988323378","Mahilig sa dinuguan","1","0"
"1885622735364223","https://www.facebook.com/greyhoundfreedomwall/posts/pfbid0MJ8uNpxf3HwLm18Bx7wm18phn9FXqHC6C6BzT6FNHwzyQHV3GBEQGfA6jMZZ5S32l?comment_id=1885622735364223","Freaking Cult","2","0"
"1341162497710743","https://www.facebook.com/greyhoundfreedomwall/posts/pfbid0fRW7dunzTBooL7QG4cGD52e5RAvWhLnS5RVHY7su3EQLZ1e8biP5Gkwb7gVFXwsrl?comment_id=1341162497710743","Jomar San Antonio lang ang peg","0","0"
"688389170602235","https://www.facebook.com/greyhoundfreedomwall/posts/pfbid0fRW7dunzTBooL7QG4cGD52e5RAvWhLnS5RVHY7su3EQLZ1e8biP5Gkwb7gVFXwsrl?comment_id=688389170602235","And sana magaun si ate ta kabog sa english ng ate mo","0","0"
"1336935554079824","https://www.facebook.com/greyhoundfreedomwall/posts/pfbid0HhKv26GUA1jKD7FmdUAfMp6PjRCsQb4Ji1KD2FEVJNkRGKWg4ABjiwdXBz6WuGw8l?comment_id=1336935554079824","HHAHAHAHAHAHHAHAHAA sabi na kaya Justine Dela Peña Neil Ray Bermudo","0","0"
"1303783761548007","https://www.facebook.com/greyhoundfreedomwall/posts/pfbid0HhKv26GUA1jKD7FmdUAfMp6PjRCsQb4Ji1KD2FEVJNkRGKWg4ABjiwdXBz6WuGw8l?comment_id=1303783761548007","Baka nilalamig","0","0"
"843935454920088","https://www.facebook.com/greyhoundfreedomwall/posts/pfbid09kTg24veH766wbtAvRddE4wiYbwTeu5R3k9xKszCnP1h3RKUEX871f3qW7MMEMLMl?comment_id=843935454920088","Sheg Hayl hahahaaha","0","0"
"1495966954964281","https://www.facebook.com/greyhoundfreedomwall/posts/pfbid0ftofLaUeYfH2Fv6a4XtWZ38tM3xHVLnGj9Dk3oiNofxaTtKhsngpzoQFaaw4CYEcl?comment_id=1495966954964281","Christian Darwin Laurino grabe kana yah, HAHAHAHAHAHA kalmahan mo lng ngani magkawat","0","0"
"2230059844161992","https://www.facebook.com/greyhoundfreedomwall/posts/pfbid0LTRreSMAzDQCqmMt6hZfocYpyDbfxB8MVZUz5QT8QAzeCLUJzZWYUd3egxh7BEGQl?comment_id=2230059844161992","Hello po! As far as I know, pwede mo na sya makita kapag 60% of your balance is paid na po","0","0"
"1485488862711958","https://www.facebook.com/greyhoundfreedomwall/posts/pfbid0JRNbqMUoRD7BB9g6gn5YA3HnScdREceJXqtVjKQz5aigSiRaqYLQbs77QBuFZHF6l?comment_id=1485488862711958","Magsleep ka na lang po.","0","0"
"1199158262129641","https://www.facebook.com/greyhoundfreedomwall/posts/pfbid02oyruaaXQd57dP6J3p2TUvuygZToK62ejfcGoxu6y2GqRgFn65JDyqQCW8EGaQSXTl?comment_id=1199158262129641","Try ELNA Skin Clinic😊 my derma","0","0"
"26334588202808787","https://www.facebook.com/greyhoundfreedomwall/posts/pfbid0KsaFycP3C9c1EbpQ2a6LJxNTHAQj8vYtw4hGMN88GYLzGZJWUHCJK5YKiY6PN2DNl?comment_id=26334588202808787","precisely mga body shamer ang mga guards may saro dyan na lady guard paglampas kang si plus size na college students magsabi ba naman ""ma crop top dakulaon ang tulak ang bado daa binabagay sa hawak"" pero pag mga may face card and slim na mga students minadarakula sana ang mata kang mga lalaking gwardya daog pa ang mga manyakol hahahah","6","0"
"814004098013828","https://www.facebook.com/greyhoundfreedomwall/posts/pfbid0KsaFycP3C9c1EbpQ2a6LJxNTHAQj8vYtw4hGMN88GYLzGZJWUHCJK5YKiY6PN2DNl?comment_id=814004098013828","Normal man lang na may mahihiling na extra skin kapag plus size. Ang dae normal ang mga pag iisip na luwas sa hawak","0","0"
"1060733049413247","https://www.facebook.com/greyhoundfreedomwall/posts/pfbid0KsaFycP3C9c1EbpQ2a6LJxNTHAQj8vYtw4hGMN88GYLzGZJWUHCJK5YKiY6PN2DNl?comment_id=1060733049413247","Dae man sinda body shower. Mga amoritis lang hahaha","1","0"
"1074596814630662","https://www.facebook.com/greyhoundfreedomwall/posts/pfbid0vkujCSMZ6RGyFm1xXEEGUEBUD2t2Y2fwVxeWeNJjXUSH4SXfSG3ZobjvpiUx1XYRl?comment_id=1074596814630662","try mo sa may lcc bus terminal medyo affordable ang price ng ukay doon","1","0"
"1877896186414344","https://www.facebook.com/greyhoundfreedomwall/posts/pfbid0vkujCSMZ6RGyFm1xXEEGUEBUD2t2Y2fwVxeWeNJjXUSH4SXfSG3ZobjvpiUx1XYRl?comment_id=1877896186414344","sama tayo sis ko","1","0"
"1714185479262774","https://www.facebook.com/greyhoundfreedomwall/posts/pfbid0vkujCSMZ6RGyFm1xXEEGUEBUD2t2Y2fwVxeWeNJjXUSH4SXfSG3ZobjvpiUx1XYRl?comment_id=1714185479262774","HookAt Thriftwear Try mo dito sir mag checkout! Thanks🙏","1","0"
"797671863261750","https://www.facebook.com/greyhoundfreedomwall/posts/pfbid0vkujCSMZ6RGyFm1xXEEGUEBUD2t2Y2fwVxeWeNJjXUSH4SXfSG3ZobjvpiUx1XYRl?comment_id=797671863261750","John Lloyd Urriza manooo","0","0"
"816701611279244","https://www.facebook.com/greyhoundfreedomwall/posts/pfbid0vkujCSMZ6RGyFm1xXEEGUEBUD2t2Y2fwVxeWeNJjXUSH4SXfSG3ZobjvpiUx1XYRl?comment_id=816701611279244","2nd floor po market, mahal din pero much better yung quality","0","0"
"607222472413043","https://www.facebook.com/greyhoundfreedomwall/posts/pfbid0vkujCSMZ6RGyFm1xXEEGUEBUD2t2Y2fwVxeWeNJjXUSH4SXfSG3ZobjvpiUx1XYRl?comment_id=607222472413043","tara po jamz tayu😊","2","0"
"1482423222979989","https://www.facebook.com/greyhoundfreedomwall/posts/pfbid0RAZf3JwWqe7z16q5gnsQx4McPFnTjF9WeN4owPX2J3jQu44Cok9M7ZwagEEc9FWRl?comment_id=1482423222979989","Like nyo na page HAHAHA fafinalize lang mga teh/yah!","2","0"
"853889900739402","https://www.facebook.com/greyhoundfreedomwall/posts/pfbid02MQaZVZbCPBSRjkYo4dzTP6mnDWywXbhDy5RFEnSipLicD3rgX8MTWEL8RVBdWKMYl?comment_id=853889900739402","You might want to double-check your enrollment details.","0","0"
"1130143869072505","https://www.facebook.com/greyhoundfreedomwall/posts/pfbid0TqeCd6fV8D46tWbjLUkoxcitSLnPHctKV3LTtBGf9LA3TzkH151TPi7GCt9QADVml?comment_id=1130143869072505","for savings, choose the bank with great interest. seabank will do","0","0"
"1411566200617436","https://www.facebook.com/greyhoundfreedomwall/posts/pfbid0TqeCd6fV8D46tWbjLUkoxcitSLnPHctKV3LTtBGf9LA3TzkH151TPi7GCt9QADVml?comment_id=1411566200617436","SeaBank / Maribank","0","0"
"1872336183391086","https://www.facebook.com/greyhoundfreedomwall/posts/pfbid0TqeCd6fV8D46tWbjLUkoxcitSLnPHctKV3LTtBGf9LA3TzkH151TPi7GCt9QADVml?comment_id=1872336183391086","Hi, for me po, I recommend using Security Bank. You can also choose BDO or BPI since they are commonly used, but these two require a maintaining balance, while Security Bank does not.🙂","0","0"
"857962830469517","https://www.facebook.com/greyhoundfreedomwall/posts/pfbid02GJ5FBKV5rkG9JvNxQecFKvMDLSWPHejmXtn6hxQjJUWu73sxnW1aSzLUDbvsqNCFl?comment_id=857962830469517","Hello, u can visit the Scholarship and Grants Office for more info!","0","0"
"852424831131124","https://www.facebook.com/greyhoundfreedomwall/posts/pfbid02oUbLzGFopaPe36fp6FKJPkV431VzW1EKTQ1dAbx9YEoH2SvmxSdcdnmSuZnPB8Vcl?comment_id=852424831131124","iso Tristan Jay Cenita","3","0"
"907520568449085","https://www.facebook.com/greyhoundfreedomwall/posts/pfbid0mCzjcWLeQYPoBBMWneAijukUVkWCPchfN6hDHpPwHWWN1MCStrzi2aAWgAnKxPmJl?comment_id=907520568449085","Julia Clarito Bernardo","1","0"
"813230731445568","https://www.facebook.com/greyhoundfreedomwall/posts/pfbid0pfccPa9Xyk6KqNLEebGiD3cYGEcyk8giJxE3Wu5RF7g5EBchoaomAZGpQkQeMyyal?comment_id=813230731445568","That's the idea. To break your mental health.","5","0"
"876138568432490","https://www.facebook.com/greyhoundfreedomwall/posts/pfbid02HW5TZEGcwiwfzLohZ6z5ChVcdMwdi9qq5B2WEjeSQ96PgtDKL7XF8QeFmkzGdmMgl?comment_id=876138568432490",,"0","0"
"2548969322140273","https://www.facebook.com/greyhoundfreedomwall/posts/pfbid021bFargm2DjgJCH4PDZXg8NS9v8D3ACEJKLMA6fv7Z2sUEotTt6L8QoF4BTxTo34Rl?comment_id=2548969322140273","Shesh Povs Gabs igwa ba kita arug kani last year?  Bakong binaragyo sanaman kita","0","0"
"1371475597733071","https://www.facebook.com/greyhoundfreedomwall/posts/pfbid0JvyAaH1j1M1wnDiHwZmrkszctSu1Zn6CNvTxYxhNqin6vY6Wz3HyffYEKrPuX3Nvl?comment_id=1371475597733071","Hi!

I’m Erica from the College Guidance Center. You may reach out to your dept’s assigned counselor for you to be assisted. 

You may check out this post:  https://www.facebook.com/share/1HiqBZjb7F/?mibextid=wwXIfr

to know how to set up an appointment or you may visit our office at AMS 111 during office hours.

Thank you🫶🏼","3","0"
"1778341759502553","https://www.facebook.com/greyhoundfreedomwall/posts/pfbid02dHf64s2QFStg3o2hKS3xdtW8NspzmjEtSgLoAvVRWsxuRp3exymFNZSyebPh5PiCl?comment_id=1778341759502553","SAPAKA!","0","0"
"1599412061420205","https://www.facebook.com/greyhoundfreedomwall/posts/pfbid0Q4EpZwQG2c1LASsTaUzkzRW8EJir4YG93dYrRKgoBRZ4Wujifghdmmd5wxCC1Fmvl?comment_id=1599412061420205","kakatihan tawag dyan 'te","0","0"
"1466887678775831","https://www.facebook.com/greyhoundfreedomwall/posts/pfbid0ATxfV5j14GUrQjk7M4hTtuYRPq6Jfvs7f9Qgt4JV7fJ9KeXBgNrciHum3CMTU7L4l?comment_id=1466887678775831","Ayos ka tlga Gelo Platon iu ba yn c tgstorya mo sako","0","0"
"1130195982379634","https://www.facebook.com/greyhoundfreedomwall/posts/pfbid02xEdyo5HNbTVTaU7CfLst7HgjVoe82vKdU9MX7Fzq1LU9vaiJ8po5W7u3npDDFhUAl?comment_id=1130195982379634","Kung sino ka man po, you are freely can open to me your problems and rant because many people rant to me and I comforted them and had motivation in life. I am not forcing you but it's up to you naman 💖","0","0"
"849460324633463","https://www.facebook.com/greyhoundfreedomwall/posts/pfbid02xEdyo5HNbTVTaU7CfLst7HgjVoe82vKdU9MX7Fzq1LU9vaiJ8po5W7u3npDDFhUAl?comment_id=849460324633463","I feel you:)","0","0"
"1619067342496796","https://www.facebook.com/greyhoundfreedomwall/posts/pfbid02xEdyo5HNbTVTaU7CfLst7HgjVoe82vKdU9MX7Fzq1LU9vaiJ8po5W7u3npDDFhUAl?comment_id=1619067342496796","Open po ang Guidance office-our safe space po.","0","0"
"1434969981352247","https://www.facebook.com/greyhoundfreedomwall/posts/pfbid02xEdyo5HNbTVTaU7CfLst7HgjVoe82vKdU9MX7Fzq1LU9vaiJ8po5W7u3npDDFhUAl?comment_id=1434969981352247","Try to drink camomile tea before you go to bed. Nakaka-calm yun ng isip.","2","0"
"25412658678370876","https://www.facebook.com/greyhoundfreedomwall/posts/pfbid0yfCgfWm9seC3qRP9S4YWa28wAfigefw1QyqSLJ37xpuARykH6bRWXA2nQBYpAD5vl?comment_id=25412658678370876","at dahil dyan, pa-hipak","0","0"
"1170744081275248","https://www.facebook.com/greyhoundfreedomwall/posts/pfbid0yfCgfWm9seC3qRP9S4YWa28wAfigefw1QyqSLJ37xpuARykH6bRWXA2nQBYpAD5vl?comment_id=1170744081275248",,"4","0"
"4263823177271834","https://www.facebook.com/greyhoundfreedomwall/posts/pfbid0yfCgfWm9seC3qRP9S4YWa28wAfigefw1QyqSLJ37xpuARykH6bRWXA2nQBYpAD5vl?comment_id=4263823177271834",,"0","0"
"2991847487683811","https://www.facebook.com/greyhoundfreedomwall/posts/pfbid0Ryk2Qrz9tuj6rKQTjGyd5f6eyqh4EEes1NLqscZDThZrB6T8gDHadbgPG5ByusV2l?comment_id=2991847487683811","top song ko po🤣","4","0"
"1178479654259501","https://www.facebook.com/greyhoundfreedomwall/posts/pfbid0Ryk2Qrz9tuj6rKQTjGyd5f6eyqh4EEes1NLqscZDThZrB6T8gDHadbgPG5ByusV2l?comment_id=1178479654259501","ANG GALING GALING NI HEARTTHROB HWHAHAHHAHAJAHHA","0","0"
"1548026136404931","https://www.facebook.com/greyhoundfreedomwall/posts/pfbid0Ryk2Qrz9tuj6rKQTjGyd5f6eyqh4EEes1NLqscZDThZrB6T8gDHadbgPG5ByusV2l?comment_id=1548026136404931","Ceasar pakilig","1","0"
"1360925115473027","https://www.facebook.com/greyhoundfreedomwall/posts/pfbid0Ryk2Qrz9tuj6rKQTjGyd5f6eyqh4EEes1NLqscZDThZrB6T8gDHadbgPG5ByusV2l?comment_id=1360925115473027","HWHWHAHAHAHAHAHHAHSHAHAHAHAHAHAP","0","0"
"1775913316347240","https://www.facebook.com/greyhoundfreedomwall/posts/pfbid0CbaxpW5syLE2LbRGoWVemRD991RJLwensJh43i9A88bax4C5MhUBrqtEAovGUMjul?comment_id=1775913316347240","sino sa guards to WHWHSHAHHAH","13","0"
"1797588540894558","https://www.facebook.com/greyhoundfreedomwall/posts/pfbid0CbaxpW5syLE2LbRGoWVemRD991RJLwensJh43i9A88bax4C5MhUBrqtEAovGUMjul?comment_id=1797588540894558","Xori, pinapatahi ko pa sako ta na ba-ba sa bandang singit😔saro saro lang man pati pair ko","5","0"
"2893488067511024","https://www.facebook.com/greyhoundfreedomwall/posts/pfbid0CbaxpW5syLE2LbRGoWVemRD991RJLwensJh43i9A88bax4C5MhUBrqtEAovGUMjul?comment_id=2893488067511024","Araon man ni dae ka mag uniform HAHAHAHA","2","0"
"2074785529951198","https://www.facebook.com/greyhoundfreedomwall/posts/pfbid0CbaxpW5syLE2LbRGoWVemRD991RJLwensJh43i9A88bax4C5MhUBrqtEAovGUMjul?comment_id=2074785529951198","hayf na Raven ini ta dae kaya nag uuniform","1","0"
"839905245417989","https://www.facebook.com/greyhoundfreedomwall/posts/pfbid0CbaxpW5syLE2LbRGoWVemRD991RJLwensJh43i9A88bax4C5MhUBrqtEAovGUMjul?comment_id=839905245417989","dai ka lang lab ni mama mo","0","0"
"1374466954348593","https://www.facebook.com/greyhoundfreedomwall/posts/pfbid028SZMVzV7dRf8Jr1McPd1SH218eKTfXBEhT1Dxgb2BWugZUCKuACPRa285qhCoxPPl?comment_id=1374466954348593","may asawa na siya.","10","0"
"1886637292263988","https://www.facebook.com/greyhoundfreedomwall/posts/pfbid028SZMVzV7dRf8Jr1McPd1SH218eKTfXBEhT1Dxgb2BWugZUCKuACPRa285qhCoxPPl?comment_id=1886637292263988","naks namarn Gio WHAHHAHAHAHAHAHAHAHA","0","0"
"1342941180865211","https://www.facebook.com/greyhoundfreedomwall/posts/pfbid028SZMVzV7dRf8Jr1McPd1SH218eKTfXBEhT1Dxgb2BWugZUCKuACPRa285qhCoxPPl?comment_id=1342941180865211","Gio Cataneo😍😍😍","0","0"
"1176018717927684","https://www.facebook.com/greyhoundfreedomwall/posts/pfbid027dAKN2vvidHn8i6s1cwxLYyPwQmJTKMU9QTJao4xTEX2tDwRQz5E2NmWJBZBTCLol?comment_id=1176018717927684","hello po! It's my friend's phone, chat nalang po ninyo ako since wala siyang fb rn","3","0"
"4117613315122502","https://www.facebook.com/greyhoundfreedomwall/posts/pfbid027dAKN2vvidHn8i6s1cwxLYyPwQmJTKMU9QTJao4xTEX2tDwRQz5E2NmWJBZBTCLol?comment_id=4117613315122502","Rea Bernadette Abardo","2","0"
"1971152700422988","https://www.facebook.com/greyhoundfreedomwall/posts/pfbid02ESW57h55Qy3Vtzmw92771d2qNFFz8bHpXm5FSEYR5fQDRvVgJUcbcueVQ9kLGhswl?comment_id=1971152700422988","PM isend ni ate link sa Canva","7","0"
"1440151060861660","https://www.facebook.com/greyhoundfreedomwall/posts/pfbid0wpiss9XzYycXpi2Ca5y6FxuX8igccrUkxURXxjL4EsspSoANhN6WrPYXaG4cFSsRl?comment_id=1440151060861660","Oo na sis. Thanks to Angelo Secillano sa pag pa realize sakin 🙏🏻","4","0"
"2304506063296782","https://www.facebook.com/greyhoundfreedomwall/posts/pfbid0wpiss9XzYycXpi2Ca5y6FxuX8igccrUkxURXxjL4EsspSoANhN6WrPYXaG4cFSsRl?comment_id=2304506063296782","ask mo si sister","0","0"
"2027847828037964","https://www.facebook.com/greyhoundfreedomwall/posts/pfbid034rwytGCHXTwqzZNA72DnGhVguyNWAvbcdQxtMn8AR9NnWtaCiz2nEkDqU6n43X8Ml?comment_id=2027847828037964","Siguro bisaya ni","0","0"
"1180922370656636","https://www.facebook.com/greyhoundfreedomwall/posts/pfbid034rwytGCHXTwqzZNA72DnGhVguyNWAvbcdQxtMn8AR9NnWtaCiz2nEkDqU6n43X8Ml?comment_id=1180922370656636","Noted boss ma kuha ako nursing sa national elementary school ta patal Ka baga","108","0"
"844331425152643","https://www.facebook.com/greyhoundfreedomwall/posts/pfbid034rwytGCHXTwqzZNA72DnGhVguyNWAvbcdQxtMn8AR9NnWtaCiz2nEkDqU6n43X8Ml?comment_id=844331425152643","congrats","1","0"
"4294925714123096","https://www.facebook.com/greyhoundfreedomwall/posts/pfbid034rwytGCHXTwqzZNA72DnGhVguyNWAvbcdQxtMn8AR9NnWtaCiz2nEkDqU6n43X8Ml?comment_id=4294925714123096","Kung idapang ko saimo Ining natumbang poste samo ta nyaaa!!!","24","0"
"1372952614196283","https://www.facebook.com/greyhoundfreedomwall/posts/pfbid034rwytGCHXTwqzZNA72DnGhVguyNWAvbcdQxtMn8AR9NnWtaCiz2nEkDqU6n43X8Ml?comment_id=1372952614196283","May baliw po dito. Paki dampot","1","0"
"1164926082395676","https://www.facebook.com/greyhoundfreedomwall/posts/pfbid034rwytGCHXTwqzZNA72DnGhVguyNWAvbcdQxtMn8AR9NnWtaCiz2nEkDqU6n43X8Ml?comment_id=1164926082395676","Denver Barias baliw AHAHAHA","0","0"
"1884646548825468","https://www.facebook.com/greyhoundfreedomwall/posts/pfbid034rwytGCHXTwqzZNA72DnGhVguyNWAvbcdQxtMn8AR9NnWtaCiz2nEkDqU6n43X8Ml?comment_id=1884646548825468","sigeh","3","0"
"1578432143514507","https://www.facebook.com/greyhoundfreedomwall/posts/pfbid0NANc2pVtFQFoXSz5UQ7MDumMphdWjEU76Z74QDUretScWbr3ifauAfuVoyt2P7H6l?comment_id=1578432143514507","Coming from someone na pinili ang practicality over dreams. Well, actually practical man din ang medicine pero I think my parents chose engineering for me kasi they still have the archaic mentality na there are specific things for men and women e.g. ang nursing ay pambabae and engineering ay panlalaki. Anyway, second year na ako sa engineering and honestly the feeling of not belonging is mas mabigat than last year. I did great nung first year ako. I always make sure dati na dae mababa grades ko sa 2.00. Pero as time went by it felt like “oki na ang pasado, bako man ako ‘ni”. Well I still try my best pero oks na ang mediocre. Minsan mahibi nalang ko kayan na gusto ko na magshift pag nabuburn out ako ahhaha. Mayo man kaya ako magiginibo. Who knows baka dae na ninda ako paklasehon if ever magshift ako.

Okay itelz na: for the sake of your own sanity, sundin mo ang puso mo. Kasi honestly makulog and nakakapanghinayang ta I could’ve done better kasi maugma ako. Or if dae man ako maging better at least maugma ako. Sayang, sabay din kuta kami nag pinning and capping kang tugang ko hahahaha. Kung mayo kang choice, gaya ko, I’m sorry pero need ta siya tiuson. Ang advice nalang sako kan mga teacher ko sa SHS is tapuson muna ning engineering and then next is maduman na ako sa mauugma ako. So basically premed ko ang engineering. Sounds absurd pero I think dae man impossible.

Right now, I’m still learning how to love this program na tinatahak ko. Sabi nga kan pinsan ko may purpose daa kun tano yaon ako igdi. And hinahanap ko parin ang purpose na yan. Mahahanap ta yan. Kaya yan.","6","0"
"1225093022847760","https://www.facebook.com/greyhoundfreedomwall/posts/pfbid0Cq8QHdfw6JP9BkizdjpwMwBkiSnVWBmmUBTuUQsKuyeUgBYhEnBdST6tiwE7mz1el?comment_id=1225093022847760","Hello, alam ko wala na financial accounting. Also, second year accountancy is the peak of it all, after that if masurvive mo siya, subject are just same pattern of learning, may mga new topics lang and nagiincrease lang difficulty of concep but the second year experience will give you an idea how to study smart accountancy program. Rethink first, pag naging CPA ka, masasabi mo na worth it. Dami opportunity kahit maging job hopper ka","1","0"
"1178806177523848","https://www.facebook.com/greyhoundfreedomwall/posts/pfbid02BKKf3TxyFMoGXtDCKX9hACHVGXcWLcMFwLHdBmUAYJRLJrfvkbi5bANxhs8bXGhgl?comment_id=1178806177523848","Posting a comment here because I got curious if 3rd cousin is considered incest, I don't care about the other content of this post.

Biologically, not incest.

Third cousins share ~0.78% DNA, compared to first cousins that share ~12.5% DNA. The cutoff for incest by % DNA is usually ~3.125%, which are second cousins.

Legally, also not incest.

According to Article 38(1) of the Family Code, a marriage are void if they are ""Between collateral blood relatives, whether legitimate or illegitimate, up to the fourth civil degree"" Which means marriage is considered incestuous and void up to first cousin which are 4th civil degree relatives, third cousins are 8th civil degree.","10","0"
"1113010270639457","https://www.facebook.com/greyhoundfreedomwall/posts/pfbid02mbGpoPmQXB2YNW7oUEwBYjzQTbnE9o7XNbit6ZpUykjeFCLrsmQPfPir4MZkWsgJl?comment_id=1113010270639457","Umuwi na nga kung gusto umuwi wala naman pumipigil sainyo","0","0"
"731979533293671","https://www.facebook.com/greyhoundfreedomwall/posts/pfbid0DwtYrabBmvr3gRhm2ZhSXKNq7u16KEw9hYN5KPGPzwHqNRLBWQ5PDtH6HxZEmac6l?comment_id=731979533293671","paano po mag apply sa TES?","0","0"
"1862252681311355","https://www.facebook.com/greyhoundfreedomwall/posts/pfbid02bzr9QoPgUjQvG3xniBRWZBL3ZPshWUxiuHuQijPRPboLKNHGPjdNHpr3wQ18TV3Jl?comment_id=1862252681311355","""sometimes I wish groupings were assigned by the teachers""","2","0"
"846185867776363","https://www.facebook.com/greyhoundfreedomwall/posts/pfbid02hyUssJZSxnZtWLbQt82DVuysy3NSfYEmg3NuQ8Fv32kU2dV7b8gKPbpDEwfZV8MBl?comment_id=846185867776363","Andriane Buenafe uli naman","2","0"
"759913373752530","https://www.facebook.com/greyhoundfreedomwall/posts/pfbid02uRNPwKbQXCeHFhPcaTbTkbqT1Y3ZwQnj64srQiuqvRpyfdhHtDM3gC7vBG6MTZVGl?comment_id=759913373752530","Ano daw pati ta mag-aradal, eh ang USG kang UNC, abang titibay sa pagklase????? 

Jan Marill is my top SHS student kang 2023. Thriving pang maray sa college as academic achiever and student leader. Tapos sasabihan nindong mag-adal??? Adalan kaya nindo ang estado saka ang lipunan.","3","0"
"1210935704188871","https://www.facebook.com/greyhoundfreedomwall/posts/pfbid02uRNPwKbQXCeHFhPcaTbTkbqT1Y3ZwQnj64srQiuqvRpyfdhHtDM3gC7vBG6MTZVGl?comment_id=1210935704188871","tingin nga entry admin HAHAHAHAHAHA Berlineth Nymia mag iisue pa nga lang kami🥲🥲","5","0"
"1140025128241223","https://www.facebook.com/greyhoundfreedomwall/posts/pfbid02uRNPwKbQXCeHFhPcaTbTkbqT1Y3ZwQnj64srQiuqvRpyfdhHtDM3gC7vBG6MTZVGl?comment_id=1140025128241223","Earl Berlineth dinaog nina Jan Marill ang term ta, may pa bang squad!!! Luv the drama!!!","4","0"
"1872664183349293","https://www.facebook.com/greyhoundfreedomwall/posts/pfbid02uRNPwKbQXCeHFhPcaTbTkbqT1Y3ZwQnj64srQiuqvRpyfdhHtDM3gC7vBG6MTZVGl?comment_id=1872664183349293","Grabe ba","0","0"
"671965045992323","https://www.facebook.com/greyhoundfreedomwall/posts/pfbid02uRNPwKbQXCeHFhPcaTbTkbqT1Y3ZwQnj64srQiuqvRpyfdhHtDM3gC7vBG6MTZVGl?comment_id=671965045992323","Napagsasabay sabay naman po namin ang studies namin, responsibilities, and speaking up for what is right. Ginagawa namin ng walang kapalit kasi yun ang tama at yun ang dapat. Hindi naman po napapabayaan ang pag aaral namin framis phoE🤩","5","0"
"1106091471734998","https://www.facebook.com/greyhoundfreedomwall/posts/pfbid02uRNPwKbQXCeHFhPcaTbTkbqT1Y3ZwQnj64srQiuqvRpyfdhHtDM3gC7vBG6MTZVGl?comment_id=1106091471734998","in the most polite way hehe pakita po ng entry","0","0"
"1812828366040384","https://www.facebook.com/greyhoundfreedomwall/posts/pfbid027tn771rhUSPJQt9GqB6eYURV4tR86ThcQBhcQF3tTWV7UDsEVL3aGRjXLr8vUiR3l?comment_id=1812828366040384","sa plaza raw po 5AM - 7AM sabi ni Ashley Reine Roja and Princess Arquiza may dance lesson po dun si Ma’am Janet","2","0"
"1588717485465643","https://www.facebook.com/greyhoundfreedomwall/posts/pfbid027tn771rhUSPJQt9GqB6eYURV4tR86ThcQBhcQF3tTWV7UDsEVL3aGRjXLr8vUiR3l?comment_id=1588717485465643","paturo nalang kay Fin Ahsley Casano dancerist ay","3","0"
"2011628842992390","https://www.facebook.com/greyhoundfreedomwall/posts/pfbid027tn771rhUSPJQt9GqB6eYURV4tR86ThcQBhcQF3tTWV7UDsEVL3aGRjXLr8vUiR3l?comment_id=2011628842992390","Seryoso dito ung tao oh","1","0"
"4185326425042628","https://www.facebook.com/greyhoundfreedomwall/posts/pfbid027tn771rhUSPJQt9GqB6eYURV4tR86ThcQBhcQF3tTWV7UDsEVL3aGRjXLr8vUiR3l?comment_id=4185326425042628","Dance studio may alam ako dancer here....","0","0"
"1192330649455026","https://www.facebook.com/greyhoundfreedomwall/posts/pfbid027tn771rhUSPJQt9GqB6eYURV4tR86ThcQBhcQF3tTWV7UDsEVL3aGRjXLr8vUiR3l?comment_id=1192330649455026","si Rome Eufemio po may Dance lesson po sya ng Ballroom","1","0"
"2523137711419933","https://www.facebook.com/greyhoundfreedomwall/posts/pfbid027tn771rhUSPJQt9GqB6eYURV4tR86ThcQBhcQF3tTWV7UDsEVL3aGRjXLr8vUiR3l?comment_id=2523137711419933","Junar Narzolis","1","0"
"860482423129966","https://www.facebook.com/greyhoundfreedomwall/posts/pfbid027tn771rhUSPJQt9GqB6eYURV4tR86ThcQBhcQF3tTWV7UDsEVL3aGRjXLr8vUiR3l?comment_id=860482423129966","Kung gusto nyupong I booked 
Isa sa mga members ng udc ￼✌️🥹(alipin ng salapi)","1","0"
"873490502016271","https://www.facebook.com/greyhoundfreedomwall/posts/pfbid027tn771rhUSPJQt9GqB6eYURV4tR86ThcQBhcQF3tTWV7UDsEVL3aGRjXLr8vUiR3l?comment_id=873490502016271","Junar Narzolis 🤔","1","0"
"1326875889118031","https://www.facebook.com/greyhoundfreedomwall/posts/pfbid0oBmwWGvgHNRicFpB6L6s5cHZDWDWCnCtM5o6HpqYbXWDAMm9LbbKdHBH76JLSoM8l?comment_id=1326875889118031","Millennial in a gen-z flesh","0","0"
"3772091529751234","https://www.facebook.com/greyhoundfreedomwall/posts/pfbid0oBmwWGvgHNRicFpB6L6s5cHZDWDWCnCtM5o6HpqYbXWDAMm9LbbKdHBH76JLSoM8l?comment_id=3772091529751234","kaidto tbi yan arug kean ang sistema..dwa nagbabagwak na kaipuhan maglaog lalo na mareport ka..dwa nagbabaha na ang UNC hanggat mau sinasabi mau klase dae kmi nagaabsent...pro iba na ang panahon ngonian,kaipuhan enoton ang safetiness kan mga students, lalo na c mga mauli pa sa hararayo lugar.. remember:TP Kristine makamundo baga.😔😔😔","2","0"
"810913378390660","https://www.facebook.com/greyhoundfreedomwall/posts/pfbid0oBmwWGvgHNRicFpB6L6s5cHZDWDWCnCtM5o6HpqYbXWDAMm9LbbKdHBH76JLSoM8l?comment_id=810913378390660","ika man daw magklase basa ang chalk","0","0"
"2544295762602459","https://www.facebook.com/greyhoundfreedomwall/posts/pfbid0oBmwWGvgHNRicFpB6L6s5cHZDWDWCnCtM5o6HpqYbXWDAMm9LbbKdHBH76JLSoM8l?comment_id=2544295762602459","iba talaga mindset kang batang 90s","0","0"
"821468017365993","https://www.facebook.com/greyhoundfreedomwall/posts/pfbid0oBmwWGvgHNRicFpB6L6s5cHZDWDWCnCtM5o6HpqYbXWDAMm9LbbKdHBH76JLSoM8l?comment_id=821468017365993","sabaton mong solo ang bagyo, matatag ka man","0","0"
"1134648795486174","https://www.facebook.com/greyhoundfreedomwall/posts/pfbid0oBmwWGvgHNRicFpB6L6s5cHZDWDWCnCtM5o6HpqYbXWDAMm9LbbKdHBH76JLSoM8l?comment_id=1134648795486174","legends lang nakakaalam","1","0"
"2156562731535636","https://www.facebook.com/greyhoundfreedomwall/posts/pfbid0oBmwWGvgHNRicFpB6L6s5cHZDWDWCnCtM5o6HpqYbXWDAMm9LbbKdHBH76JLSoM8l?comment_id=2156562731535636","Taga saang planeta yan sha? Pakibalik nalang Salamat","0","0"
"1531586257962011","https://www.facebook.com/greyhoundfreedomwall/posts/pfbid0oBmwWGvgHNRicFpB6L6s5cHZDWDWCnCtM5o6HpqYbXWDAMm9LbbKdHBH76JLSoM8l?comment_id=1531586257962011","Mag lutaw kaman kuta sa baha","0","0"
"816914114455355","https://www.facebook.com/greyhoundfreedomwall/posts/pfbid0oBmwWGvgHNRicFpB6L6s5cHZDWDWCnCtM5o6HpqYbXWDAMm9LbbKdHBH76JLSoM8l?comment_id=816914114455355","Legends lang nakaka alam","0","0"
"1733539880641987","https://www.facebook.com/greyhoundfreedomwall/posts/pfbid0oBmwWGvgHNRicFpB6L6s5cHZDWDWCnCtM5o6HpqYbXWDAMm9LbbKdHBH76JLSoM8l?comment_id=1733539880641987","Tama pag signal no.3 saka mag uruli su mga taga outside naga  pag 4 mag langoy langoy na paluwas unc","22","0"
"1364754041772562","https://www.facebook.com/greyhoundfreedomwall/posts/pfbid0K9raJxS2iVPHHGWEqAefLEsWUCg1eBT283B3AQJkPJPBCSuPnb7CJG2BZGjg2HyLl?comment_id=1364754041772562",,"8","0"
"677234078557511","https://www.facebook.com/greyhoundfreedomwall/posts/pfbid0oBmwWGvgHNRicFpB6L6s5cHZDWDWCnCtM5o6HpqYbXWDAMm9LbbKdHBH76JLSoM8l?comment_id=677234078557511",,"8","0"
"1320146609400898","https://www.facebook.com/greyhoundfreedomwall/posts/pfbid0oBmwWGvgHNRicFpB6L6s5cHZDWDWCnCtM5o6HpqYbXWDAMm9LbbKdHBH76JLSoM8l?comment_id=1320146609400898","Klase Kang solo mo patal ka","1","0"
"803465009160866","https://www.facebook.com/greyhoundfreedomwall/posts/pfbid0oBmwWGvgHNRicFpB6L6s5cHZDWDWCnCtM5o6HpqYbXWDAMm9LbbKdHBH76JLSoM8l?comment_id=803465009160866","Sabati na Ang bagyo total patal kaman","27","0"
"829361966173647","https://www.facebook.com/greyhoundfreedomwall/posts/pfbid0oBmwWGvgHNRicFpB6L6s5cHZDWDWCnCtM5o6HpqYbXWDAMm9LbbKdHBH76JLSoM8l?comment_id=829361966173647","Slay sis HAHHAHAHAH","0","0"
"2243598682817837","https://www.facebook.com/greyhoundfreedomwall/posts/pfbid0v5GREsPN6XHCbibP3fsqPP37uheqYh9Dm3vtESydHHqvHJjadB9ToEko8qHHZuRzl?comment_id=2243598682817837","Iyo man kaya, Fia. Ini man kaya. Dae lugod siya nakahurop-hurop kan buminagyo. Hays","2","0"
"986798870331368","https://www.facebook.com/greyhoundfreedomwall/posts/pfbid0v5GREsPN6XHCbibP3fsqPP37uheqYh9Dm3vtESydHHqvHJjadB9ToEko8qHHZuRzl?comment_id=986798870331368","Yan surat surat pa kayang tula Fia San Buenaventura","11","0"
