type,original_text,translated_text,url,post_id,created_utc,comment_id,score
post,"jhs mga higschool, anong mahirap intindihin na dae kamo pwede magkawat pag naka-uniform sa cc during class hours? Kawasa dae man bola nindo kinukua. Aba anang tatagas kang pamayo nindo ay","jhs high school students, what's so hard to understand that you can't steal when you're wearing uniform in cc during class hours? You don't even take the ball. What a leaky head you are",https://www.reddit.com/r/NuevaCaceres/comments/1r8srlg/jhs/,1r8srlg,1771485763.0,,
post,"I need a friend Hindi ko alam pero until now wala akong mahanap na circle sa school. Hindi ko din mafigure out kung ako ba yung problema o sadyang hindi ko lang talaga makasundo mga tao sa school. Kahit nga sana hindi na circle, kahit hindi group, kahit isang matinong kaibigan lang okay na ako pero bakit kasi parang ang peke peke ng mga tao lately? Ang hirap makipagsocialize, nakakalungkot. ","I need a friend I don't know but until now I can't find a circle at school. I also can't figure out if I'm the problem or if I just can't get along with people at school. Even if it's not a circle, even if it's not a group, even if it's just a sensible friend, I'm okay but why do people seem to be fake lately? It's hard to socialize, it's sad.",https://www.reddit.com/r/NuevaCaceres/comments/1ply212/i_need_a_friend/,1ply212,1765665358.0,,
post,How’s the semester so far? Sobrang daming ganaps lately. How are you coping?,How’s the semester so far? Sobrang daming ganaps lately. How are you coping?,https://www.reddit.com/r/NuevaCaceres/comments/1nv56rs/hows_the_semester_so_far/,1nv56rs,1759316724.0,,
comment,TOO EXHAUSTED,TOO EXHAUSTED,https://www.reddit.com/r/NuevaCaceres/comments/1nv56rs/hows_the_semester_so_far/,1nv56rs,1760962678.0,nkgm0lp,1.0
post,Bakit sa UNC? What made you decide to enroll in the University of Nueva Caceres despite having a pool of academic institutions in the Bicol Region?,Bakit sa UNC? What made you decide to enroll in the University of Nueva Caceres despite having a pool of academic institutions in the Bicol Region?,https://www.reddit.com/r/NuevaCaceres/comments/1l6h845/bakit_sa_unc/,1l6h845,1749402485.0,,
comment,"My family had a great experience studying at UNC, and I also enjoyed my time learning there. It was very affordable and provided quality education during JHS. When Senior High School came, it was a game changer. Our presentation skills, research, and other practical abilities, including (but not limited to) English writing and speaking were honed thoroughly.

UNC has helped shape many leaders and offered students ample opportunities to be empowered. However, it's important to acknowledge that the university is not without its flaws.","My family had a great experience studying at UNC, and I also enjoyed my time learning there. It was very affordable and provided quality education during JHS. When Senior High School came, it was a game changer. Our presentation skills, research, and other practical abilities, including (but not limited to) English writing and speaking were honed thoroughly.

UNC has helped shape many leaders and offered students ample opportunities to be empowered. However, it's important to acknowledge that the university is not without its flaws.",https://www.reddit.com/r/NuevaCaceres/comments/1l6h845/bakit_sa_unc/,1l6h845,1749575526.0,mx1s1ky,2.0
post,"BSN ENVIRONMENT hello, im an upcoming first-year college student and iam taking BSN in UNC kasi affordable lang yung tf di gaya sa ADNU or USI. okay lang ba sa unc yung profs and environment or lipat na lang talaga ako USI (cons is mahal tf)","BSN ENVIRONMENT hello, im an upcoming first-year college student and iam taking BSN in UNC because tf is affordable unlike ADNU or USI. Is the profs and environment okay at unc or should I just transfer to USI (cons are expensive tf)",https://www.reddit.com/r/NuevaCaceres/comments/1la8ykd/bsn_environment/,1la8ykd,1749795979.0,,
comment,"Wala yan sa school 🤗 just do your best always. 
Been with UNC nung 1st year college ako, but I had to transfer sa USI. All I can say is na sa sayo yung magiging success mo. Madami akong kabatch sa UNC before na nakapasa din ng boards. Hindi nmn sila nahuhuli. Magagaling din C.I sa UNC same with USI.","That's not in school 🤗 just do your best always. 
Been with UNC when I was in my 1st year of college, but I had to transfer to USI. All I can say is that your success is up to you. I had many classmates at UNC before who also passed the boards. They never get caught. Also good C.I at UNC same with USI.",https://www.reddit.com/r/NuevaCaceres/comments/1la8ykd/bsn_environment/,1la8ykd,1749821888.0,mxk7pjs,2.0
comment,"hello, planning to transfer sa unc and im an incoming 2nd yr BSN, may nahanap na ba u affordable na bhouse near the uni?","hello, planning to transfer sa unc and im an incoming 2nd yr BSN, may nahanap na ba u affordable na bhouse near the uni?",https://www.reddit.com/r/NuevaCaceres/comments/1la8ykd/bsn_environment/,1la8ykd,1750436003.0,myu1nkq,1.0
comment,can't choose between UNC or NCF as a BSN transferee student 🥹🥹🥹,can't choose between UNC or NCF as a BSN transferee student 🥹🥹🥹,https://www.reddit.com/r/NuevaCaceres/comments/1la8ykd/bsn_environment/,1la8ykd,1750592452.0,mz4z4vm,1.0
post,"2025 The Times Higher Ranking Congratulations to the five Bicol Higher Education Institutions that made it to the Times Higher Education Impact Rankings 2025! 🎉

• Central Bicol State University – Ranked 801–1000

• Sorsogon State University – Ranked 1001–1500

• Bicol University – Ranked 1501+

• Catanduanes State University – Ranked 1501+

• University of Nueva Caceres – Ranked 1501+

Your accomplishments highlight the growing impact and excellence of higher education in the Bicol Region.

-CHED RO V","2025 The Times Higher Ranking Congratulations to the five Bicol Higher Education Institutions that made it to the Times Higher Education Impact Rankings 2025! 🎉

• Central Bicol State University – Ranked 801–1000

• Sorsogon State University – Ranked 1001–1500

• Bicol University – Ranked 1501+

• Catanduanes State University – Ranked 1501+

• University of Nueva Caceres – Ranked 1501+

Your accomplishments highlight the growing impact and excellence of higher education in the Bicol Region.

-CHED RO V",https://www.reddit.com/r/NuevaCaceres/comments/1leauli/2025_the_times_higher_ranking/,1leauli,1750231153.0,,
post,"Looking for... Hey everyone, I am a freshmen working student, currently I am looking for pre-loved uniform, mahal ng orig eh... huhuhu can’t afford the uniform... kung sino man meron Size M sana","Looking for... Hey everyone, I am a freshmen working student, currently I am looking for pre-loved uniform, mahal ng orig eh... huhuhu can’t afford the uniform... kung sino man meron Size M sana",https://www.reddit.com/r/NuevaCaceres/comments/1lzehgk/looking_for/,1lzehgk,1752471966.0,,
post,How to know my block section? hi! paano ko po malalaman ang block section assigned sa akin? thru portal po ba? thank you,How to know my block section? hi! How do I know the block section assigned to me? is it thru portal? thank you,https://www.reddit.com/r/NuevaCaceres/comments/1m90anf/how_to_know_my_block_section/,1m90anf,1753452880.0,,
comment,may sched ka na ba?,do you have a schedule?,https://www.reddit.com/r/NuevaCaceres/comments/1m90anf/how_to_know_my_block_section/,1m90anf,1753891366.0,n600819,1.0
