,SOC,AIOE
0,11-1011,1.3479513653519621
208,11-1021,1.0159515689880594
312,11-2011,1.273645817031233
416,11-2021,1.2941641842223925
520,11-2022,1.3236126126438075
624,11-2033,1.130965877858563
728,11-3012,0.7219766874459658
936,11-3013,0.33796126998461695
1040,11-3021,1.0403256076163256
1144,11-3031,1.3042935569257985
1560,11-3051,0.9248181759097794
2080,11-3061,1.4296993012500263
2184,11-3071,1.007726976753752
2392,11-3111,1.2888057010990612
2496,11-3121,1.3374617844829197
2600,11-3131,1.3104406599444354
2704,11-9013,-0.14193550411508854
2808,11-9021,0.6023994322858968
2912,11-9031,0.8195869086618577
3016,11-9032,1.2049823773877035
3120,11-9033,1.439497737025359
3224,11-9041,1.0797638819127333
3432,11-9051,-0.04006391519699784
3536,11-9071,0.8635108731893882
3640,11-9072,0.4565487178175707
3744,11-9081,0.38604477815808147
3848,11-9111,1.265768113275855
3952,11-9121,1.0772620549916228
4264,11-9131,0.8051008734102826
4368,11-9141,1.2738111294819132
4472,11-9151,1.1361229605328536
4576,11-9161,0.9913111962103572
4680,11-9171,0.42438170634695827
4784,11-9179,-0.3915375905203075
4992,11-9199,1.4290950101410484
5616,13-1011,1.21397475775133
5720,13-1021,0.7507347085971153
5824,13-1022,0.8005965677254073
5928,13-1023,1.4742814213283417
6032,13-1031,1.2683732568869774
6136,13-1032,0.6460561554341373
6656,13-1041,0.1292963535410174
6968,13-1051,1.3925152663436917
7072,13-1071,1.338932506367019
7176,13-1074,-0.4471441743981977
7280,13-1075,1.3853870276882736
7488,13-1081,1.3238806305225566
7696,13-1111,1.369842507381068
7800,13-1121,0.3580352965169154
7904,13-1131,1.2884372556302546
8008,13-1141,1.3849640001181718
8112,13-1151,1.1966462559768865
8320,13-1161,1.4262105703536936
8424,13-1199,1.4540568100648037
8840,13-2011,1.4136128348132253
8944,13-2022,0.8521609490154249
9048,13-2023,0.9671763923419417
9152,13-2031,1.3400991096990325
9256,13-2041,1.4303702843495123
9360,13-2052,1.4093484423064386
9464,13-2053,1.3057408697422865
9568,13-2061,1.4984326197157478
9672,13-2071,1.3146458589766328
9776,13-2072,1.2375369086685346
9880,13-2081,1.315622152387755
9984,13-2082,1.3620743346972182
10088,13-2099,1.3676009717014879
10400,15-1211,1.1239022980263977
10504,15-1212,1.2296226184680958
10608,15-1221,1.1343033870926167
10712,15-1231,0.7679571809190826
10816,15-1232,0.4956662237223959
10920,15-1241,1.04857143708017
11128,15-1242,1.3407881770776935
11232,15-1243,1.2717066183694778
11440,15-1244,0.7714307163971404
11544,15-1251,1.2509297522917713
11648,15-1252,1.2277855648173748
11752,15-1253,1.200039438698538
11856,15-1254,1.0698500977846794
11960,15-1255,1.0453114234830094
12376,15-1299,1.2355878663736692
12688,15-2011,1.464872998206535
12792,15-2021,1.4621069804506373
12896,15-2031,1.4405732062486356
13000,15-2041,1.3626029771207722
13208,15-2051,1.4917648033704562
13416,15-2099,1.450795643912962
13520,17-1011,1.0614157123926597
13624,17-1012,0.977599906930202
13728,17-1021,0.798790811378604
13832,17-1022,-0.037429696162101976
14040,17-2011,1.3178058794329328
14144,17-2021,0.8332531206190305
14248,17-2031,1.0397329153551689
14352,17-2041,1.362684084864043
14560,17-2051,1.303068832130924
14768,17-2061,1.0996879431370497
14872,17-2071,1.0699352703170644
14976,17-2072,0.6853776260103156
15184,17-2081,1.3942922371302797
15392,17-2111,1.310944551858866
15600,17-2112,1.3022721729014886
15912,17-2121,0.30268343281241267
16016,17-2131,0.9416021205822757
16120,17-2141,1.167377784026609
16432,17-2151,1.325960296243675
16536,17-2161,1.30680726133697
16640,17-2171,1.317365322442853
17365,17-2199,0.5129253723597855
17576,17-3011,0.6249198150105001
17680,17-3012,0.8516892276589839
17784,17-3013,0.8227742410332799
17888,17-3021,0.37494670360150306
17992,17-3022,0.9135513688578188
18096,17-3023,0.23070357188439491
18200,17-3024,-0.29230614171760083
18408,17-3025,0.029561835446137354
18616,17-3026,0.23422306813300875
18720,17-3027,-0.05066531391042431
19032,17-3029,-0.03723197947582092
19136,17-3031,-0.16709768425741525
19240,19-1011,0.9263369527106597
19344,19-1012,0.6846442626306308
19448,19-1013,0.5719020746843271
19552,19-1021,0.9062185749805719
19656,19-1022,0.6810187644685419
19760,19-1023,0.3179625633145774
20176,19-1029,0.7741913477789923
20488,19-1031,0.13058063163837258
20592,19-1032,-0.09086876915866104
20696,19-1041,1.422304625566832
20800,19-1042,1.1389568240738839
20904,19-2011,1.3038987670684765
21008,19-2012,1.3394233838362615
21112,19-2021,1.4426143705783028
21216,19-2031,0.6285330663873302
21320,19-2032,1.2002810540187743
21424,19-2041,1.1214078377932841
21840,19-2042,0.8295489903001769
21944,19-2043,0.6232162857528429
22048,19-2099,1.1345220558384679
22152,19-3011,1.3739893283132483
22360,19-3022,1.4774993998129229
22464,19-3032,1.4308440872394554
22568,19-3033,1.4068672647159468
22672,19-3034,1.3555779752705395
22776,19-3039,1.1962758695210862
22984,19-3041,1.3920363728558312
23088,19-3051,1.22004492837092
23192,19-3091,1.08342919661502
23296,19-3092,1.4085293419369727
23400,19-3093,1.2544965881357957
23504,19-3094,1.3924155182294258
23608,19-3099,1.3409751077112815
23712,19-4012,-0.4095517524310084
23920,19-4013,0.45187811827890867
24024,19-4021,0.2857078870284792
24128,19-4031,0.05911957319459558
24232,19-4042,0.08412929417396342
24336,19-4043,0.10298497171690892
24440,19-4051,-0.09776667698265726
24648,19-4061,1.2229100603293335
24752,19-4071,-0.6777790981433184
24856,19-4092,0.14227862814502404
24960,19-4099,0.08822265736664947
25168,19-5011,0.7829906158057471
25272,19-5012,0.34399341729424643
25376,21-1011,0.7735136683561633
25480,21-1012,1.390653349799162
25584,21-1013,1.444274569345804
25688,21-1014,1.3673025413130964
25792,21-1015,1.0899719766450386
25896,21-1021,0.7580641267145181
26000,21-1022,1.0264154152409082
26104,21-1023,1.1805362861402136
26208,21-1091,0.6740097669143121
26312,21-1092,0.21733145217608743
26416,21-1093,0.7806366196871929
26520,21-1094,0.02291349193134059
26624,21-2011,1.3859574248183937
26728,21-2021,1.2114588767178207
26832,23-1011,1.3906421927347794
26936,23-1012,1.3761690783652258
27040,23-1021,1.4123297249852858
27144,23-1022,1.3663771945179217
27248,23-1023,1.5732578008560245
27352,23-2011,1.1923592831086591
27456,23-2093,1.2593102978177422
27560,25-1011,1.328304404249684
27664,25-1021,1.257149777631492
27768,25-1022,1.3177965203107256
27872,25-1031,1.201687109666113
27976,25-1032,1.3301367532748076
28080,25-1041,0.7367180107300788
28184,25-1042,1.2072531052624234
28288,25-1043,0.9844553241437469
28392,25-1051,1.2853722758244452
28496,25-1052,1.3129948166006518
28600,25-1053,1.3264730878250577
28704,25-1054,1.0247879344749118
28808,25-1061,1.2648647226136243
28912,25-1062,1.2878373556200349
29016,25-1063,1.2981788228429494
29120,25-1064,1.2979975590536172
29224,25-1065,1.3471950294957509
29328,25-1066,1.3126652858101149
29432,25-1067,1.3281325801004207
29536,25-1071,0.9059220685250581
29640,25-1072,0.5003560544209328
29744,25-1081,1.1727167263791323
29848,25-1082,1.3650191339991913
29952,25-1111,1.3687036463442248
30056,25-1112,1.3353192906399494
30160,25-1113,1.3268555900103765
30264,25-1121,0.7402827158108991
30368,25-1122,1.3263669891510752
30472,25-1123,1.396363305375174
30576,25-1124,1.313118096777725
30680,25-1125,1.415922219279227
30784,25-1126,1.3423569978529868
30888,25-1192,1.1913316176894613
30992,25-1193,1.1447780899991267
31096,25-1194,0.14736418312444974
31200,25-2011,0.016438587890587535
31304,25-2012,0.3484516434659395
31408,25-2021,0.8882099185257761
31512,25-2022,1.2731661055605612
31616,25-2023,0.5032048579053594
31720,25-2031,1.1884950168906403
31824,25-2032,0.381604950374696
31928,25-2051,0.3590250794239462
32032,25-2056,0.7395212140964027
32136,25-2057,1.2346589806301538
32240,25-2058,1.0736477189446423
32344,25-2059,-0.6104688928723081
32448,25-3011,1.3279338938830878
32552,25-3021,0.5095961456095874
32656,25-3031,1.0511663379198941
32760,25-3041,1.383793526181655
32864,25-4011,0.6857295416240279
32968,25-4012,0.7188278381031682
33072,25-4013,-0.10470893680696833
33176,25-4022,0.716467698640757
33280,25-4031,0.02378413215008815
33384,25-9021,0.8006554663832743
33488,25-9031,1.333804583640498
33592,25-9042,0.17769372634332609
33696,25-9043,0.4986883713232838
33800,25-9044,1.091562431742263
33904,27-1011,0.9773605573447168
34008,27-1012,-0.8672596469857901
34112,27-1013,-0.5800703514608596
34216,27-1014,0.6882188383865873
34320,27-1021,0.8485385689664844
34424,27-1022,0.4452566469222545
34528,27-1023,-0.2844181696037544
34632,27-1024,0.733024170282144
34736,27-1025,1.1209287864398538
34840,27-1026,-1.0101932753298246
34944,27-1027,0.40509408210418385
35048,27-2011,0.14417600568659958
35256,27-2012,1.0086090474935576
35568,27-2021,-1.8189307569163846
35672,27-2022,0.10223463082164654
35776,27-2023,-0.06480970966152898
35880,27-2031,-2.6701428017644795
35984,27-2032,-1.6025485585216013
36088,27-2041,0.35595643395775606
36192,27-2042,-0.04811371078095986
36296,27-3011,0.9692603972872547
36400,27-3023,0.9511596752454363
36504,27-3031,1.2230614224333591
36608,27-3041,1.1083010062005718
36712,27-3042,1.1637738228619894
36920,27-3043,0.7743766257616718
37024,27-3091,1.0640015601650763
37128,27-3092,0.6459160986925293
37232,27-4011,-0.025682496000682183
37336,27-4012,0.10762703734446687
37440,27-4014,0.36174530998202664
37544,27-4021,-0.20912130039539864
37648,27-4031,-0.4586414696663248
37752,27-4032,0.9134893505999866
37856,29-1011,-0.2042077251824785
37960,29-1021,-0.19435775109110642
38064,29-1022,-0.25167657920108627
38168,29-1023,0.15313563952152942
38272,29-1024,-0.1677951144025535
38376,29-1031,1.3739495407622582
38480,29-1041,0.5783359562603659
38584,29-1051,0.6009057203410911
38688,29-1071,0.277462203175206
38896,29-1081,0.5356142351686596
39000,29-1122,0.4053506876033892
39208,29-1123,-0.3911765836436706
39312,29-1124,-0.23180653691998032
39416,29-1125,-0.2897625517693162
39520,29-1126,-0.20107530057021888
39624,29-1127,1.3000765490955595
39728,29-1128,-0.03734402783290348
39832,29-1129,0.17126073523647545
40040,29-1131,-0.051207005574993976
40560,29-1141,0.37192286193769813
40664,29-1151,0.20684500958175797
40768,29-1161,0.16641904335289978
40872,29-1171,0.27009032077777073
40976,29-1181,0.7001210177816167
41080,29-1211,0.21977442741149528
41184,29-1213,0.51272680113844
41288,29-1214,0.13037467211972337
41392,29-1215,0.966529425228258
41496,29-1216,0.9036057386723553
41600,29-1217,1.3348366189192027
41704,29-1218,0.2663958058397403
41808,29-1221,1.0459483249924797
41912,29-1222,0.9519831834016046
42016,29-1223,1.2600385152846145
42120,29-1224,0.6713750120408111
42432,29-1229,0.20593176813168124
42848,29-1241,0.25223496005499135
42952,29-1291,0.04694869205692435
43056,29-1292,-0.5012729850492305
43176,29-1299,1.1999930042530853
43368,29-2011,0.26013973946933305
43888,29-2012,-0.3935851657204582
43992,29-2031,-0.10445573094177776
44096,29-2032,-0.2766646623708091
44200,29-2033,0.07111077620944013
44304,29-2034,-0.3109225941414097
44408,29-2035,-0.12070787526236718
44512,29-2036,0.8591388025958727
44616,29-2051,-0.1388425746683795
44720,29-2052,-0.01771275985038121
44824,29-2053,-0.2523705728614958
44928,29-2055,-0.49449902459290707
45032,29-2056,-0.37496864884439873
45136,29-2057,0.0716434602135078
45240,29-2061,-0.5020165430704178
45344,29-2081,0.1939856726874307
45448,29-2091,0.08967015499053708
45552,29-2092,0.5312022668213437
45656,29-2099,0.2940460888886737
45968,29-9091,-0.3670250164734894
46072,29-9092,1.5056696701614034
46176,29-9093,-0.7762361377102548
46280,29-9099,0.19297368596294395
46384,31-1121,-0.655578490411111
46488,31-1122,-0.5834821860890511
46592,31-1131,-0.9840422352903921
46696,31-1132,-1.6844997229547831
46800,31-1133,-0.540873904410861
46904,31-2011,-0.5133455286527248
47008,31-2012,-0.8560827939784549
47112,31-2021,-0.5865618642248983
47216,31-2022,-0.8221521408952992
47320,31-9011,-1.471164493027073
47424,31-9091,-0.4413828025834359
47528,31-9092,0.131317826544596
47632,31-9093,-0.7410017585786853
47736,31-9094,0.9047843345926271
47840,31-9095,-0.1684019712449657
47944,31-9096,-0.8265822627679962
48048,31-9097,-0.29036325575392496
48256,31-9099,-0.5134808423859277
48360,33-1011,-0.5994920146691088
48464,33-1012,-0.2159519794922979
48568,33-1021,-0.7070007095824926
48672,33-1091,0.05222706758574884
48776,33-2011,-1.2762872583675486
48880,33-2021,0.033422447961017517
48984,33-2022,-0.22728022678333865
49088,33-3011,-0.6381368771892233
49192,33-3012,-0.9327826046490993
49400,33-3021,0.11373497890248084
49608,33-3031,-0.4701705234906444
49712,33-3041,-0.6347397718082552
49816,33-3051,-0.7219361463874624
50024,33-3052,-0.8302954035397645
50128,33-9011,-0.6673467920685605
50232,33-9021,0.7303982592524635
50336,33-9031,0.7106225288460828
50440,33-9032,-0.4274026610885805
50544,33-9091,-0.5810379584311874
50648,33-9092,-0.6377907768145185
50752,33-9093,-0.5182191975946915
50856,33-9099,0.0620205340835998
50960,35-1011,-0.306252842784861
51064,35-1012,-0.14891641817817763
51168,35-2011,-0.7235254070504257
51272,35-2012,-0.6467460102568056
51376,35-2013,-0.7600232382778748
51480,35-2014,-0.8922594054487326
51584,35-2015,-0.8399002113230043
51688,35-2021,-1.118459424175125
51792,35-3011,-0.6267809371496645
51896,35-3023,-0.49634828624758354
52104,35-3031,-0.9824053006655955
52208,35-3041,-0.7755887983642628
52312,35-9011,-1.826941747515469
52416,35-9021,-1.8823365667093912
52520,35-9031,-0.09804329773913546
52624,37-1011,-0.5409268890934459
52728,37-1012,-0.6054593095615858
52832,37-2011,-1.440933617762003
52936,37-2012,-1.5305556839912478
53040,37-2021,-0.7357533787458238
53144,37-3011,-1.8287827060679442
53248,37-3012,-0.894157620748296
53352,37-3013,-1.7320982950419663
53456,39-1013,-0.025156317975226154
53560,39-1022,0.26531617885655184
53664,39-2011,-0.9260374246278368
53768,39-2021,-0.8984382197853837
53872,39-3011,0.046347947594192695
53976,39-3012,0.4489336907314594
54080,39-3021,-0.3233619428562851
54184,39-3031,-0.2548065099278889
54288,39-3091,-0.4349652921267504
54392,39-3092,-0.46499573768770736
54496,39-3093,-0.35775655989512506
54600,39-4011,-0.7407051063777003
54704,39-4021,-0.527252090565695
54808,39-4031,-0.28778644526116204
54912,39-5011,-0.7396506495011929
55016,39-5012,-0.6928416342196729
55120,39-5091,-0.4418282128508959
55224,39-5092,0.01937730353402929
55328,39-5093,-0.914664155105471
55432,39-5094,-0.18024459326191497
55536,39-6011,-1.2793686943803466
55640,39-6012,1.0952697706799905
55744,39-7011,0.7230050765590943
55848,39-7012,0.45712205278374385
56056,39-9011,-0.5276871682377668
56160,39-9031,-2.032514091161482
56264,39-9032,-0.2568769359694845
56368,39-9041,0.4580981599659544
56472,41-1011,0.005064176078184075
56576,41-1012,1.1995890255863049
56680,41-2011,-0.23951284827888622
56784,41-2012,-0.06376697279619538
56888,41-2021,0.06407874300979735
56992,41-2022,-0.13224971666617097
57096,41-2031,0.07287236579588902
57200,41-3011,1.142546492418163
57304,41-3021,1.3203041108213494
57408,41-3031,1.3845650222938723
57512,41-3041,1.113690531782509
57720,41-4011,1.1229674482784473
57824,41-4012,0.5942710786121906
57928,41-9011,0.10892112800025347
58032,41-9012,-1.2484923373000123
58136,41-9021,1.1296599749578773
58240,41-9022,0.8464439460871345
58344,41-9031,1.2014782802095343
58448,41-9041,1.1514671416056623
58552,41-9091,1.0872801104918755
58656,43-1011,1.0192788609206607
58760,43-2011,0.9192906539680402
58864,43-2021,0.9538999620854768
58968,43-3011,1.2514394559345414
59072,43-3021,1.0807112220660013
59176,43-3031,1.0204933974998105
59280,43-3041,0.24443548801159767
59384,43-3051,1.15899934410769
59488,43-3061,1.2144813362844789
59592,43-3071,0.4564010279811129
59696,43-4011,1.124993195325762
59800,43-4021,1.2437219912088882
59904,43-4031,0.8886385414987181
60008,43-4041,1.2549456354509678
60112,43-4051,1.0363118660735426
60216,43-4061,1.2169332707425615
60320,43-4071,0.2608394718195906
60424,43-4081,0.589195436762273
60528,43-4111,1.2578888587444599
60632,43-4121,0.18885739259391257
60736,43-4131,1.3433078190848664
60840,43-4141,1.075625527753201
60944,43-4151,1.1100876671010436
61048,43-4161,1.3320301230028002
61152,43-4171,1.0117367283079466
61256,43-4181,0.2121430815192957
61464,43-5011,0.9292408184875
61568,43-5021,-0.9681462754612661
61672,43-5031,0.8618669629198157
61776,43-5032,1.1679053146236258
61880,43-5041,-0.9813091759418293
61984,43-5051,-0.5299295616995748
62088,43-5052,-1.0731643438722376
62192,43-5053,-1.192775503023034
62296,43-5061,0.8309021883201236
62400,43-5071,-0.7563964437120684
62504,43-5111,-0.19905096755166246
62608,43-6011,1.0600457450196432
62712,43-6012,0.8861546123773251
62816,43-6013,1.0337143779854754
62920,43-6014,1.0792977885038806
63024,43-9021,0.2952404414086115
63128,43-9022,0.6047786521240088
63232,43-9031,0.6207839715000456
63336,43-9041,1.0618111569602473
63440,43-9051,-0.828177528731795
63544,43-9061,0.9698125993622836
63648,43-9071,-0.5283907736061705
63752,43-9081,1.2676737861722216
63856,43-9111,1.2970972393926237
63960,45-1011,-0.6425458796601503
64064,45-2011,0.15559590546894125
64168,45-2021,-1.0528327163871603
64272,45-2041,-1.3777426437537337
64376,45-2091,-1.153152853548008
64480,45-2092,-2.0896117392961986
64584,45-2093,-1.1166346396376288
64688,45-3031,-1.3653770485609695
64792,45-4011,-1.2161981595711795
64896,45-4021,-1.8000660278890683
65000,45-4022,-1.012423592144586
65104,45-4023,-0.4882658936326858
65312,47-1011,-0.3811962436263568
65416,47-2011,-1.0114670371581074
65520,47-2021,-1.7592080484342167
65624,47-2022,-1.705464024138332
65728,47-2031,-1.1755193089724034
65832,47-2041,-1.5704143591804314
65936,47-2042,-1.3082386742957794
66040,47-2043,-1.8674330202471143
66144,47-2044,-1.3040254291646445
66248,47-2051,-1.7821344083309256
66352,47-2053,-1.7808080725847937
66456,47-2061,-1.6879690541929564
66560,47-2071,-1.3046125679514091
66664,47-2072,-1.2276466341484262
66768,47-2073,-0.9405595510977064
66872,47-2081,-1.6534184606893476
66976,47-2082,-1.5467827729810604
67080,47-2111,-0.8314179501455345
67184,47-2121,-1.3250442103225066
67288,47-2131,-1.6243586876009646
67392,47-2132,-1.3913864731220469
67496,47-2141,-1.5603833283156905
67600,47-2142,-1.7325686291212419
67704,47-2151,-1.2536181077711253
67808,47-2152,-1.141366867160558
68016,47-2161,-1.7604771322662596
68120,47-2171,-1.9747284078649954
68224,47-2181,-1.7578746078399803
68328,47-2211,-1.1346846498903058
68432,47-2221,-1.784806354432513
68536,47-2231,-0.9863345860553325
68640,47-3011,-1.9461969873471798
68744,47-3012,-1.43187160085091
68848,47-3013,-1.4159641429809768
68952,47-3014,-2.04827586135249
69056,47-3015,-1.6841490078881813
69160,47-3016,-1.902388648811093
69264,47-4011,0.3600520511318562
69472,47-4021,-0.9344611888524633
69576,47-4031,-1.9061916089373827
69680,47-4041,-0.6991595147918884
69784,47-4051,-1.2864071634340257
69888,47-4061,-1.4057761657025905
69992,47-4071,-1.2182870337341567
70096,47-4091,-0.9916104341060964
70200,47-4099,-0.9665720053274282
70304,47-5011,-1.4216389253799626
70408,47-5012,-0.7836799403148164
70512,47-5013,-0.9808594271820246
70616,47-5022,-1.15238606969144
70720,47-5023,-0.712145684938524
70824,47-5032,-0.7830082666846152
70928,47-5041,-1.1734106802461497
71032,47-5043,-1.6241305421289554
71136,47-5044,-1.1172817235594896
71240,47-5051,-1.7683257812035282
71344,47-5071,-1.4961860911474478
71448,47-5081,-1.5491382585438631
71552,49-1011,-0.08733623692174156
71656,49-2011,-0.35797923364515316
71760,49-2021,-0.8434436236055579
71864,49-2022,-0.8626354373228046
71968,49-2091,-0.18593559487789366
72072,49-2092,-0.8203928381301422
72176,49-2093,-0.8400396819555548
72280,49-2094,-0.38792609344903217
72384,49-2095,-0.5633600706153081
72488,49-2096,-0.8014663306886012
72592,49-2097,-0.570448329754857
72696,49-2098,-0.703039149013213
72800,49-3011,-0.6954195207175982
72904,49-3021,-1.1884165582996014
73008,49-3022,-1.2100298640540599
73112,49-3023,-0.876835317455249
73216,49-3031,-1.103979041488095
73320,49-3041,-1.0712043431404084
73424,49-3042,-1.1777223439678692
73528,49-3043,-1.4545499072892836
73632,49-3051,-0.8957112889493976
73736,49-3052,-0.938737785903455
73840,49-3053,-0.903422213090469
73944,49-3091,-0.9317349798312307
74048,49-3092,-0.8541235255558999
74152,49-3093,-1.5566147016651897
74256,49-9011,-1.3899727367239236
74360,49-9012,-0.7707720098518671
74464,49-9021,-0.9106473891239083
74568,49-9031,-0.9792581123828518
74672,49-9041,-1.0991056057117898
74776,49-9043,-1.0044059334311457
74880,49-9044,-1.3228990429819734
74984,49-9045,-1.2450507401785935
75088,49-9051,-1.2416423994528298
75192,49-9052,-1.0922437980466209
75296,49-9061,0.040486917015810066
75400,49-9062,-0.47404837005217004
75504,49-9063,-0.5884963972332451
75608,49-9064,-0.22515040405960135
75712,49-9071,-1.0016298223561517
75816,49-9081,-1.049182638556866
75920,49-9091,-0.7335789913285329
76024,49-9092,-1.1109963640911145
76128,49-9094,-0.9142168874265549
76232,49-9095,-1.4207205918239139
76336,49-9096,-1.2235422092033756
76440,49-9097,-0.8516980640166639
76544,49-9098,-1.4732441630247795
76648,49-9099,-0.6451455564849496
76752,51-1011,-0.13517975032447038
76856,51-2011,-0.8779237702342924
76960,51-2021,-0.8386030376195719
77064,51-2022,-0.6355424041397131
77168,51-2023,-0.5090517055201697
77272,51-2031,-0.9651301558449767
77376,51-2041,-1.1411657620028337
77480,51-2051,-1.2319512174229705
77584,51-2061,-0.2678651175784761
77688,51-2092,-0.8588815376322633
77792,51-3011,-0.39723816137149776
77896,51-3021,-0.9799005024243324
78000,51-3022,-1.1138576444668822
78104,51-3023,-1.8390553612441307
78208,51-3091,-0.7688751902862945
78312,51-3092,-0.4770547331478584
78416,51-3093,-0.6948554268615305
78520,51-4021,-1.241877460296733
78624,51-4022,-0.8144078723454338
78728,51-4023,-1.0974891171001677
78832,51-4031,-0.9883346904765644
78936,51-4032,-0.7548536312613017
79040,51-4033,-0.9989411912192224
79144,51-4034,-1.0244918352472716
79248,51-4035,-0.9513008792025325
79352,51-4041,-0.8747701625478531
79456,51-4051,-1.1753630217698472
79560,51-4052,-1.0490935968155108
79664,51-4061,-0.8699036352381078
79768,51-4062,-0.6238949326239639
79872,51-4071,-1.6721052004992734
79976,51-4072,-1.1541431770984385
80080,51-4081,-0.7851642815773624
80184,51-4111,-0.6398278709424342
80288,51-4121,-1.0588865782423502
80392,51-4122,-0.9644465077543026
80496,51-4191,-1.1007379717077297
80600,51-4192,-0.7322789568903688
80704,51-4193,-0.9092436321884848
80808,51-4194,-0.890200827088082
80912,51-5111,0.3947469629417475
81016,51-5112,-0.7848217233408605
81120,51-5113,-0.915437674583138
81224,51-6011,-1.062885932057287
81328,51-6021,-1.9538978538116567
81432,51-6031,-0.9728894726614128
81536,51-6041,-0.8841484845166345
81640,51-6042,-0.9536152186141675
81744,51-6051,-0.7125207574258047
81848,51-6052,-0.5547315587881533
81952,51-6061,-0.955950271949062
82056,51-6062,-1.0315794291959879
82160,51-6063,-1.169710204319749
82264,51-6064,-1.3996319499551437
82368,51-6091,-0.8691719261660394
82472,51-6092,-0.09659584339665037
82576,51-6093,-1.3208358980654848
82680,51-7011,-1.334517265896931
82784,51-7021,-1.2054693634913003
82888,51-7031,-0.7728927199991935
82992,51-7032,-1.000294121336732
83096,51-7041,-1.1728765635720109
83200,51-7042,-1.1384208402675908
83304,51-8011,0.7525678391547262
83408,51-8012,0.8777272550173776
83512,51-8013,-0.6745700212605167
83824,51-8021,-0.5557861958546945
83928,51-8031,-0.5354943497652578
84032,51-8091,-0.3951131271969292
84136,51-8092,-0.34453838074864174
84240,51-8093,-0.4219976782346063
84344,51-8099,-0.7410260984531618
84448,51-9011,-0.522807411509212
84552,51-9012,-0.9470025414637413
84656,51-9021,-1.1128843666190655
84760,51-9022,-1.0588021445746334
84864,51-9023,-0.8557243254024756
84968,51-9031,-0.9570047705546841
85072,51-9032,-1.0875661116350688
85176,51-9041,-1.0506755002968509
85280,51-9051,-0.9672130104349166
85384,51-9061,-0.3543641233050396
85488,51-9071,-0.2497824468753845
85696,51-9081,-0.1774617024425709
85800,51-9082,-0.5063030629867125
85904,51-9083,-0.6074750429114406
86008,51-9111,-0.9874640384182614
86112,51-9123,-0.9794989258318477
86216,51-9124,-1.179000608234312
86320,51-9141,-0.6478686079022165
86424,51-9151,-0.3736550360471343
86528,51-9161,-0.6656689492869381
86632,51-9162,-0.06557651037816317
86736,51-9191,-1.3185293182389948
86840,51-9192,-1.1499103660102423
86944,51-9193,-0.9694564085988251
87048,51-9194,-0.6501212176431842
87152,51-9195,-1.1230266200713226
87568,51-9196,-0.883448634209523
87672,51-9197,-1.7041882984785872
87776,51-9198,-1.4178872209447615
87880,53-1041,-0.7194537697383592
87984,53-1042,-0.30885911449169157
88192,53-1043,0.11777038854122933
88296,53-2011,-0.19682540917760993
88400,53-2012,-0.20579250907632357
88504,53-2021,1.1328593104970563
88608,53-2022,0.34679069252743466
88712,53-2031,-0.6238539841996984
88816,53-3011,-0.8395236274276211
88920,53-3031,-0.827941204952729
89024,53-3032,-1.100644052209415
89128,53-3033,-1.1222338993601717
89232,53-3051,-0.5361581167702411
89336,53-3052,-0.6162764699024101
89440,53-3053,-0.5689450320871856
89544,53-4011,-0.5090981579143808
89648,53-4013,-0.9304766223871239
89752,53-4022,-1.0520998531946397
89856,53-4031,-0.4778496364127149
89960,53-4041,-0.6509567551407789
90064,53-5011,-1.1580337831769925
90168,53-5021,-0.7138985758488017
90272,53-5022,-0.8102712472248825
90376,53-5031,-0.5348275306846189
90480,53-6011,-0.6107137011994049
90584,53-6021,-0.8449649307349394
90688,53-6031,-1.2290951415484341
90792,53-6041,0.3835605034568007
90896,53-6051,0.19508127569846906
91208,53-6061,-0.3872555286506614
91312,53-7011,-0.7654642333588086
91416,53-7021,-1.0392371307919834
91520,53-7031,-1.0253166576373443
91624,53-7041,-0.9871245285050874
91728,53-7051,-1.298820999584999
91832,53-7061,-1.6968081414087133
91936,53-7062,-1.7244522991040476
92144,53-7063,-1.0459581106723304
92248,53-7064,-1.559850186283474
92352,53-7065,-1.2147341769799942
92456,53-7071,-0.7013662893371804
92560,53-7072,-0.7947946588286344
92664,53-7073,-1.0995030656189302
92768,53-7081,-1.4535586106918108
92872,53-7121,-1.3945203591395479
